x,y,STATION_NAME,CLIMATE_IDENTIFIER,ID,PERIOD,CURRENT_FLAG,NORMAL_CODE,NORMAL_ID,PUBLICATION_CODE,DATE_CALCULATED,FIRST_OCCURRENCE_DATE,PROVINCE_CODE,PERIOD_BEGIN,PERIOD_END,FIRST_YEAR,FIRST_YEAR_NORMAL_PERIOD,LAST_YEAR,LAST_YEAR_NORMAL_PERIOD,YEAR_COUNT_NORMAL_PERIOD,TOTAL_OBS_COUNT,OCCURRENCE_COUNT,MAX_DURATION_MISSING_YEARS,PERCENT_OF_POSSIBLE_OBS,E_NORMAL_ELEMENT_NAME,F_NORMAL_ELEMENT_NAME,MONTH,VALUE
-123.01491666666666,49.29794444444445,N VANCOUVER 2ND NARROWS,1105666,830.52.1,NORM,Y,A,52,1,2013-03-25 19:13:19,,BC,1981,2010,,1981,,2007,26,806,,1,100,Total rainfall mm,Quantité totale de pluie en mm,1,255.32
-123.01491666666666,49.29794444444445,N VANCOUVER 2ND NARROWS,1105666,830.52.2,NORM,Y,A,52,1,2013-03-25 19:13:19,,BC,1981,2010,,1981,,2007,26,734,,1,100,Total rainfall mm,Quantité totale de pluie en mm,2,167.68
-123.01491666666666,49.29794444444445,N VANCOUVER 2ND NARROWS,1105666,830.52.3,NORM,Y,A,52,1,2013-03-25 19:13:19,,BC,1981,2010,,1981,,2006,26,806,,0,100,Total rainfall mm,Quantité totale de pluie en mm,3,166.83
-123.01491666666666,49.29794444444445,N VANCOUVER 2ND NARROWS,1105666,830.52.4,NORM,Y,A,52,1,2013-03-25 19:13:19,,BC,1981,2010,,1981,,2006,25,750,,1,100,Total rainfall mm,Quantité totale de pluie en mm,4,136.11
-123.01491666666666,49.29794444444445,N VANCOUVER 2ND NARROWS,1105666,830.52.5,NORM,Y,C,52,1,2013-03-25 19:13:19,,BC,1981,2010,,1981,,2006,24,744,,1,92.31,Total rainfall mm,Quantité totale de pluie en mm,5,103.27
-123.01491666666666,49.29794444444445,N VANCOUVER 2ND NARROWS,1105666,830.52.6,NORM,Y,A,52,1,2013-03-25 19:13:19,,BC,1981,2010,,1981,,2006,26,780,,0,100,Total rainfall mm,Quantité totale de pluie en mm,6,82.49
-123.01491666666666,49.29794444444445,N VANCOUVER 2ND NARROWS,1105666,830.52.7,NORM,Y,A,52,1,2013-03-25 19:13:19,,BC,1981,2010,,1981,,2006,25,775,,1,100,Total rainfall mm,Quantité totale de pluie en mm,7,53.2
-123.01491666666666,49.29794444444445,N VANCOUVER 2ND NARROWS,1105666,830.52.8,NORM,Y,A,52,1,2013-03-25 19:13:19,,BC,1981,2010,,1981,,2006,26,806,,0,100,Total rainfall mm,Quantité totale de pluie en mm,8,54.85
-123.01491666666666,49.29794444444445,N VANCOUVER 2ND NARROWS,1105666,830.52.9,NORM,Y,C,52,1,2013-03-25 19:13:19,,BC,1981,2010,,1981,,2006,24,720,,2,100,Total rainfall mm,Quantité totale de pluie en mm,9,76.83
-123.01491666666666,49.29794444444445,N VANCOUVER 2ND NARROWS,1105666,830.52.10,NORM,Y,A,52,1,2013-03-25 19:13:19,,BC,1981,2010,,1981,,2006,26,806,,0,100,Total rainfall mm,Quantité totale de pluie en mm,10,188.96
-123.01491666666666,49.29794444444445,N VANCOUVER 2ND NARROWS,1105666,830.52.11,NORM,Y,A,52,1,2013-03-25 19:13:19,,BC,1981,2010,,1981,,2005,25,750,,0,96.15,Total rainfall mm,Quantité totale de pluie en mm,11,290.17
-123.01491666666666,49.29794444444445,N VANCOUVER 2ND NARROWS,1105666,830.52.12,NORM,Y,A,52,1,2013-03-25 19:13:19,,BC,1981,2010,,1981,,2006,25,775,,1,96.15,Total rainfall mm,Quantité totale de pluie en mm,12,229.9
-123.01491666666666,49.29794444444445,N VANCOUVER 2ND NARROWS,1105666,830.52.13,NORM,Y,C,52,1,2013-03-25 19:13:19,,BC,1981,2010,,1981,,2007,26,9252,,2,98.72,Total rainfall mm,Quantité totale de pluie en mm,13,1805.61
-123.01491666666666,49.29794444444445,N VANCOUVER 2ND NARROWS,1105666,830.53.1,NORM,Y,A,53,1,2013-03-25 19:13:19,,BC,1981,2010,,1981,,2007,26,806,,1,100,StdDev total rainfall mm,Écart-type de la quantité totale de pluie en mm,1,107.06
-123.01491666666666,49.29794444444445,N VANCOUVER 2ND NARROWS,1105666,830.53.2,NORM,Y,A,53,1,2013-03-25 19:13:19,,BC,1981,2010,,1981,,2007,26,734,,1,100,StdDev total rainfall mm,Écart-type de la quantité totale de pluie en mm,2,94.72
-123.01491666666666,49.29794444444445,N VANCOUVER 2ND NARROWS,1105666,830.53.3,NORM,Y,A,53,1,2013-03-25 19:13:19,,BC,1981,2010,,1981,,2006,26,806,,0,100,StdDev total rainfall mm,Écart-type de la quantité totale de pluie en mm,3,49.16
-123.01491666666666,49.29794444444445,N VANCOUVER 2ND NARROWS,1105666,830.53.4,NORM,Y,A,53,1,2013-03-25 19:13:19,,BC,1981,2010,,1981,,2006,25,750,,1,100,StdDev total rainfall mm,Écart-type de la quantité totale de pluie en mm,4,54.53
-123.01491666666666,49.29794444444445,N VANCOUVER 2ND NARROWS,1105666,830.53.5,NORM,Y,C,53,1,2013-03-25 19:13:19,,BC,1981,2010,,1981,,2006,24,744,,1,92.31,StdDev total rainfall mm,Écart-type de la quantité totale de pluie en mm,5,45.36
-123.01491666666666,49.29794444444445,N VANCOUVER 2ND NARROWS,1105666,830.53.6,NORM,Y,A,53,1,2013-03-25 19:13:19,,BC,1981,2010,,1981,,2006,26,780,,0,100,StdDev total rainfall mm,Écart-type de la quantité totale de pluie en mm,6,47.34
-123.01491666666666,49.29794444444445,N VANCOUVER 2ND NARROWS,1105666,830.53.7,NORM,Y,A,53,1,2013-03-25 19:13:19,,BC,1981,2010,,1981,,2006,25,775,,1,100,StdDev total rainfall mm,Écart-type de la quantité totale de pluie en mm,7,36.58
-123.01491666666666,49.29794444444445,N VANCOUVER 2ND NARROWS,1105666,830.53.8,NORM,Y,A,53,1,2013-03-25 19:13:19,,BC,1981,2010,,1981,,2006,26,806,,0,100,StdDev total rainfall mm,Écart-type de la quantité totale de pluie en mm,8,55.07
-123.01491666666666,49.29794444444445,N VANCOUVER 2ND NARROWS,1105666,830.53.9,NORM,Y,C,53,1,2013-03-25 19:13:19,,BC,1981,2010,,1981,,2006,24,720,,2,100,StdDev total rainfall mm,Écart-type de la quantité totale de pluie en mm,9,41.81
-123.01491666666666,49.29794444444445,N VANCOUVER 2ND NARROWS,1105666,830.53.10,NORM,Y,A,53,1,2013-03-25 19:13:19,,BC,1981,2010,,1981,,2006,26,806,,0,100,StdDev total rainfall mm,Écart-type de la quantité totale de pluie en mm,10,94.02
-123.01491666666666,49.29794444444445,N VANCOUVER 2ND NARROWS,1105666,830.53.11,NORM,Y,A,53,1,2013-03-25 19:13:19,,BC,1981,2010,,1981,,2005,25,750,,0,96.15,StdDev total rainfall mm,Écart-type de la quantité totale de pluie en mm,11,106.21
-123.01491666666666,49.29794444444445,N VANCOUVER 2ND NARROWS,1105666,830.53.12,NORM,Y,A,53,1,2013-03-25 19:13:19,,BC,1981,2010,,1981,,2006,25,775,,1,96.15,StdDev total rainfall mm,Écart-type de la quantité totale de pluie en mm,12,70.93
-123.01491666666666,49.29794444444445,N VANCOUVER 2ND NARROWS,1105666,830.53.13,NORM,Y,C,53,1,2013-03-25 19:13:19,,BC,1981,2010,,1981,,2007,26,9252,,2,98.72,StdDev total rainfall mm,Écart-type de la quantité totale de pluie en mm,13,66.9
-123.01491666666666,49.29794444444445,N VANCOUVER 2ND NARROWS,1105666,830.54.1,NORM,Y,A,54,1,2013-03-25 19:13:19,,BC,1981,2010,,1981,,2007,26,806,,1,100,Total snowfall cm,Quantité totale de neige en cm,1,6.9
-123.01491666666666,49.29794444444445,N VANCOUVER 2ND NARROWS,1105666,830.54.2,NORM,Y,A,54,1,2013-03-25 19:13:19,,BC,1981,2010,,1981,,2007,26,734,,1,100,Total snowfall cm,Quantité totale de neige en cm,2,5.21
-123.01491666666666,49.29794444444445,N VANCOUVER 2ND NARROWS,1105666,830.54.3,NORM,Y,A,54,1,2013-03-25 19:13:19,,BC,1981,2010,,1981,,2006,26,806,,0,100,Total snowfall cm,Quantité totale de neige en cm,3,1.6
-123.01491666666666,49.29794444444445,N VANCOUVER 2ND NARROWS,1105666,830.54.4,NORM,Y,A,54,1,2013-03-25 19:13:19,,BC,1981,2010,,1981,,2006,25,750,,1,100,Total snowfall cm,Quantité totale de neige en cm,4,0.15
-123.01491666666666,49.29794444444445,N VANCOUVER 2ND NARROWS,1105666,830.54.5,NORM,Y,C,54,1,2013-03-25 19:13:19,,BC,1981,2010,,1981,,2006,24,744,,1,92.31,Total snowfall cm,Quantité totale de neige en cm,5,0
-123.01491666666666,49.29794444444445,N VANCOUVER 2ND NARROWS,1105666,830.54.6,NORM,Y,A,54,1,2013-03-25 19:13:19,,BC,1981,2010,,1981,,2006,26,780,,0,100,Total snowfall cm,Quantité totale de neige en cm,6,0
-123.01491666666666,49.29794444444445,N VANCOUVER 2ND NARROWS,1105666,830.54.7,NORM,Y,A,54,1,2013-03-25 19:13:19,,BC,1981,2010,,1981,,2006,25,775,,1,100,Total snowfall cm,Quantité totale de neige en cm,7,0
-123.01491666666666,49.29794444444445,N VANCOUVER 2ND NARROWS,1105666,830.54.8,NORM,Y,A,54,1,2013-03-25 19:13:19,,BC,1981,2010,,1981,,2006,26,806,,0,100,Total snowfall cm,Quantité totale de neige en cm,8,0
-123.01491666666666,49.29794444444445,N VANCOUVER 2ND NARROWS,1105666,830.54.9,NORM,Y,C,54,1,2013-03-25 19:13:19,,BC,1981,2010,,1981,,2006,24,720,,2,100,Total snowfall cm,Quantité totale de neige en cm,9,0
-123.01491666666666,49.29794444444445,N VANCOUVER 2ND NARROWS,1105666,830.54.10,NORM,Y,A,54,1,2013-03-25 19:13:19,,BC,1981,2010,,1981,,2006,26,806,,0,100,Total snowfall cm,Quantité totale de neige en cm,10,0.06
-123.01491666666666,49.29794444444445,N VANCOUVER 2ND NARROWS,1105666,830.54.11,NORM,Y,A,54,1,2013-03-25 19:13:19,,BC,1981,2010,,1981,,2005,25,750,,0,96.15,Total snowfall cm,Quantité totale de neige en cm,11,2.29
-123.01491666666666,49.29794444444445,N VANCOUVER 2ND NARROWS,1105666,830.54.12,NORM,Y,A,54,1,2013-03-25 19:13:19,,BC,1981,2010,,1981,,2006,25,775,,1,96.15,Total snowfall cm,Quantité totale de neige en cm,12,8.7
-123.01491666666666,49.29794444444445,N VANCOUVER 2ND NARROWS,1105666,830.54.13,NORM,Y,C,54,1,2013-03-25 19:13:19,,BC,1981,2010,,1981,,2007,26,9252,,2,98.72,Total snowfall cm,Quantité totale de neige en cm,13,24.91
-123.01491666666666,49.29794444444445,N VANCOUVER 2ND NARROWS,1105666,830.55.1,NORM,Y,A,55,1,2013-03-25 19:13:19,,BC,1981,2010,,1981,,2007,26,806,,1,100,StdDev total snowfall cm,Écart-type de la quantité totale de neige en cm,1,9.96
-123.01491666666666,49.29794444444445,N VANCOUVER 2ND NARROWS,1105666,830.55.2,NORM,Y,A,55,1,2013-03-25 19:13:19,,BC,1981,2010,,1981,,2007,26,734,,1,100,StdDev total snowfall cm,Écart-type de la quantité totale de neige en cm,2,8.82
-123.01491666666666,49.29794444444445,N VANCOUVER 2ND NARROWS,1105666,830.55.3,NORM,Y,A,55,1,2013-03-25 19:13:19,,BC,1981,2010,,1981,,2006,26,806,,0,100,StdDev total snowfall cm,Écart-type de la quantité totale de neige en cm,3,4.36
-123.01491666666666,49.29794444444445,N VANCOUVER 2ND NARROWS,1105666,830.55.4,NORM,Y,A,55,1,2013-03-25 19:13:19,,BC,1981,2010,,1981,,2006,25,750,,1,100,StdDev total snowfall cm,Écart-type de la quantité totale de neige en cm,4,0.61
-123.01491666666666,49.29794444444445,N VANCOUVER 2ND NARROWS,1105666,830.55.5,NORM,Y,C,55,1,2013-03-25 19:13:19,,BC,1981,2010,,1981,,2006,24,744,,1,92.31,StdDev total snowfall cm,Écart-type de la quantité totale de neige en cm,5,0
-123.01491666666666,49.29794444444445,N VANCOUVER 2ND NARROWS,1105666,830.55.6,NORM,Y,A,55,1,2013-03-25 19:13:19,,BC,1981,2010,,1981,,2006,26,780,,0,100,StdDev total snowfall cm,Écart-type de la quantité totale de neige en cm,6,0
-123.01491666666666,49.29794444444445,N VANCOUVER 2ND NARROWS,1105666,830.55.7,NORM,Y,A,55,1,2013-03-25 19:13:19,,BC,1981,2010,,1981,,2006,25,775,,1,100,StdDev total snowfall cm,Écart-type de la quantité totale de neige en cm,7,0
-123.01491666666666,49.29794444444445,N VANCOUVER 2ND NARROWS,1105666,830.55.8,NORM,Y,A,55,1,2013-03-25 19:13:19,,BC,1981,2010,,1981,,2006,26,806,,0,100,StdDev total snowfall cm,Écart-type de la quantité totale de neige en cm,8,0
-123.01491666666666,49.29794444444445,N VANCOUVER 2ND NARROWS,1105666,830.55.9,NORM,Y,C,55,1,2013-03-25 19:13:19,,BC,1981,2010,,1981,,2006,24,720,,2,100,StdDev total snowfall cm,Écart-type de la quantité totale de neige en cm,9,0
-123.01491666666666,49.29794444444445,N VANCOUVER 2ND NARROWS,1105666,830.55.10,NORM,Y,A,55,1,2013-03-25 19:13:19,,BC,1981,2010,,1981,,2006,26,806,,0,100,StdDev total snowfall cm,Écart-type de la quantité totale de neige en cm,10,0.25
-123.01491666666666,49.29794444444445,N VANCOUVER 2ND NARROWS,1105666,830.55.11,NORM,Y,A,55,1,2013-03-25 19:13:19,,BC,1981,2010,,1981,,2005,25,750,,0,96.15,StdDev total snowfall cm,Écart-type de la quantité totale de neige en cm,11,6.51
-123.01491666666666,49.29794444444445,N VANCOUVER 2ND NARROWS,1105666,830.55.12,NORM,Y,A,55,1,2013-03-25 19:13:19,,BC,1981,2010,,1981,,2006,25,775,,1,96.15,StdDev total snowfall cm,Écart-type de la quantité totale de neige en cm,12,14.79
-123.01491666666666,49.29794444444445,N VANCOUVER 2ND NARROWS,1105666,830.55.13,NORM,Y,C,55,1,2013-03-25 19:13:19,,BC,1981,2010,,1981,,2007,26,9252,,2,98.72,StdDev total snowfall cm,Écart-type de la quantité totale de neige en cm,13,3.78
-123.01491666666666,49.29794444444445,N VANCOUVER 2ND NARROWS,1105666,830.56.1,NORM,Y,A,56,1,2013-03-25 19:13:19,,BC,1981,2010,,1981,,2007,26,806,,1,100,Total precipitation mm,Précipitations totales en mm,1,262.22
-123.01491666666666,49.29794444444445,N VANCOUVER 2ND NARROWS,1105666,830.56.2,NORM,Y,A,56,1,2013-03-25 19:13:19,,BC,1981,2010,,1981,,2007,26,734,,1,100,Total precipitation mm,Précipitations totales en mm,2,172.31
-123.01491666666666,49.29794444444445,N VANCOUVER 2ND NARROWS,1105666,830.56.3,NORM,Y,A,56,1,2013-03-25 19:13:19,,BC,1981,2010,,1981,,2006,26,806,,0,100,Total precipitation mm,Précipitations totales en mm,3,168.43
-123.01491666666666,49.29794444444445,N VANCOUVER 2ND NARROWS,1105666,830.56.4,NORM,Y,A,56,1,2013-03-25 19:13:19,,BC,1981,2010,,1981,,2006,25,750,,1,100,Total precipitation mm,Précipitations totales en mm,4,136.26
-123.01491666666666,49.29794444444445,N VANCOUVER 2ND NARROWS,1105666,830.56.5,NORM,Y,C,56,1,2013-03-25 19:13:19,,BC,1981,2010,,1981,,2006,24,744,,1,92.31,Total precipitation mm,Précipitations totales en mm,5,103.27
-123.01491666666666,49.29794444444445,N VANCOUVER 2ND NARROWS,1105666,830.56.6,NORM,Y,A,56,1,2013-03-25 19:13:19,,BC,1981,2010,,1981,,2006,26,780,,0,100,Total precipitation mm,Précipitations totales en mm,6,82.49
-123.01491666666666,49.29794444444445,N VANCOUVER 2ND NARROWS,1105666,830.56.7,NORM,Y,A,56,1,2013-03-25 19:13:19,,BC,1981,2010,,1981,,2006,25,775,,1,100,Total precipitation mm,Précipitations totales en mm,7,53.2
-123.01491666666666,49.29794444444445,N VANCOUVER 2ND NARROWS,1105666,830.56.8,NORM,Y,A,56,1,2013-03-25 19:13:19,,BC,1981,2010,,1981,,2006,26,806,,0,100,Total precipitation mm,Précipitations totales en mm,8,54.85
-123.01491666666666,49.29794444444445,N VANCOUVER 2ND NARROWS,1105666,830.56.9,NORM,Y,C,56,1,2013-03-25 19:13:19,,BC,1981,2010,,1981,,2006,24,720,,2,100,Total precipitation mm,Précipitations totales en mm,9,76.83
-123.01491666666666,49.29794444444445,N VANCOUVER 2ND NARROWS,1105666,830.56.10,NORM,Y,A,56,1,2013-03-25 19:13:19,,BC,1981,2010,,1981,,2006,26,806,,0,100,Total precipitation mm,Précipitations totales en mm,10,189.02
-123.01491666666666,49.29794444444445,N VANCOUVER 2ND NARROWS,1105666,830.56.11,NORM,Y,A,56,1,2013-03-25 19:13:19,,BC,1981,2010,,1981,,2005,25,750,,0,96.15,Total precipitation mm,Précipitations totales en mm,11,293.36
-123.01491666666666,49.29794444444445,N VANCOUVER 2ND NARROWS,1105666,830.56.12,NORM,Y,A,56,1,2013-03-25 19:13:19,,BC,1981,2010,,1981,,2006,25,775,,1,96.15,Total precipitation mm,Précipitations totales en mm,12,238.6
-123.01491666666666,49.29794444444445,N VANCOUVER 2ND NARROWS,1105666,830.56.13,NORM,Y,C,56,1,2013-03-25 19:13:19,,BC,1981,2010,,1981,,2007,26,9252,,2,98.72,Total precipitation mm,Précipitations totales en mm,13,1830.84
-123.01491666666666,49.29794444444445,N VANCOUVER 2ND NARROWS,1105666,830.57.1,NORM,Y,A,57,1,2013-03-25 19:13:19,,BC,1981,2010,,1981,,2007,26,806,,1,100,StdDev total precipitation mm,Écart-type des précipitations totales en mm,1,107.81
-123.01491666666666,49.29794444444445,N VANCOUVER 2ND NARROWS,1105666,830.57.2,NORM,Y,A,57,1,2013-03-25 19:13:19,,BC,1981,2010,,1981,,2007,26,734,,1,100,StdDev total precipitation mm,Écart-type des précipitations totales en mm,2,97.15
-123.01491666666666,49.29794444444445,N VANCOUVER 2ND NARROWS,1105666,830.57.3,NORM,Y,A,57,1,2013-03-25 19:13:19,,BC,1981,2010,,1981,,2006,26,806,,0,100,StdDev total precipitation mm,Écart-type des précipitations totales en mm,3,47.9
-123.01491666666666,49.29794444444445,N VANCOUVER 2ND NARROWS,1105666,830.57.4,NORM,Y,A,57,1,2013-03-25 19:13:19,,BC,1981,2010,,1981,,2006,25,750,,1,100,StdDev total precipitation mm,Écart-type des précipitations totales en mm,4,54.72
-123.01491666666666,49.29794444444445,N VANCOUVER 2ND NARROWS,1105666,830.57.5,NORM,Y,C,57,1,2013-03-25 19:13:19,,BC,1981,2010,,1981,,2006,24,744,,1,92.31,StdDev total precipitation mm,Écart-type des précipitations totales en mm,5,45.36
-123.01491666666666,49.29794444444445,N VANCOUVER 2ND NARROWS,1105666,830.57.6,NORM,Y,A,57,1,2013-03-25 19:13:19,,BC,1981,2010,,1981,,2006,26,780,,0,100,StdDev total precipitation mm,Écart-type des précipitations totales en mm,6,47.34
-123.01491666666666,49.29794444444445,N VANCOUVER 2ND NARROWS,1105666,830.57.7,NORM,Y,A,57,1,2013-03-25 19:13:19,,BC,1981,2010,,1981,,2006,25,775,,1,100,StdDev total precipitation mm,Écart-type des précipitations totales en mm,7,36.58
-123.01491666666666,49.29794444444445,N VANCOUVER 2ND NARROWS,1105666,830.57.8,NORM,Y,A,57,1,2013-03-25 19:13:19,,BC,1981,2010,,1981,,2006,26,806,,0,100,StdDev total precipitation mm,Écart-type des précipitations totales en mm,8,55.07
-123.01491666666666,49.29794444444445,N VANCOUVER 2ND NARROWS,1105666,830.57.9,NORM,Y,C,57,1,2013-03-25 19:13:19,,BC,1981,2010,,1981,,2006,24,720,,2,100,StdDev total precipitation mm,Écart-type des précipitations totales en mm,9,41.81
-123.01491666666666,49.29794444444445,N VANCOUVER 2ND NARROWS,1105666,830.57.10,NORM,Y,A,57,1,2013-03-25 19:13:19,,BC,1981,2010,,1981,,2006,26,806,,0,100,StdDev total precipitation mm,Écart-type des précipitations totales en mm,10,94.01
-123.01491666666666,49.29794444444445,N VANCOUVER 2ND NARROWS,1105666,830.57.11,NORM,Y,A,57,1,2013-03-25 19:13:19,,BC,1981,2010,,1981,,2005,25,750,,0,96.15,StdDev total precipitation mm,Écart-type des précipitations totales en mm,11,104.06
-123.01491666666666,49.29794444444445,N VANCOUVER 2ND NARROWS,1105666,830.57.12,NORM,Y,A,57,1,2013-03-25 19:13:19,,BC,1981,2010,,1981,,2006,25,775,,1,96.15,StdDev total precipitation mm,Écart-type des précipitations totales en mm,12,69.79
-123.01491666666666,49.29794444444445,N VANCOUVER 2ND NARROWS,1105666,830.57.13,NORM,Y,C,57,1,2013-03-25 19:13:19,,BC,1981,2010,,1981,,2007,26,9252,,2,98.72,StdDev total precipitation mm,Écart-type des précipitations totales en mm,13,66.8
-123.01491666666666,49.29794444444445,N VANCOUVER 2ND NARROWS,1105666,830.61.1,NORM,Y,A,61,1,2013-03-25 19:13:19,,BC,1981,2010,,1981,,2007,26,806,,1,100,Days with rainfall GE 0.2 mm,"Jours avec chutes de pluie >= 0,2 mm",1,19.73
-123.01491666666666,49.29794444444445,N VANCOUVER 2ND NARROWS,1105666,830.61.2,NORM,Y,A,61,1,2013-03-25 19:13:19,,BC,1981,2010,,1981,,2007,26,734,,1,100,Days with rainfall GE 0.2 mm,"Jours avec chutes de pluie >= 0,2 mm",2,15.08
-123.01491666666666,49.29794444444445,N VANCOUVER 2ND NARROWS,1105666,830.61.3,NORM,Y,A,61,1,2013-03-25 19:13:19,,BC,1981,2010,,1981,,2006,26,806,,0,100,Days with rainfall GE 0.2 mm,"Jours avec chutes de pluie >= 0,2 mm",3,17.88
-123.01491666666666,49.29794444444445,N VANCOUVER 2ND NARROWS,1105666,830.61.4,NORM,Y,A,61,1,2013-03-25 19:13:19,,BC,1981,2010,,1981,,2006,25,750,,1,100,Days with rainfall GE 0.2 mm,"Jours avec chutes de pluie >= 0,2 mm",4,15.4
-123.01491666666666,49.29794444444445,N VANCOUVER 2ND NARROWS,1105666,830.61.5,NORM,Y,C,61,1,2013-03-25 19:13:19,,BC,1981,2010,,1981,,2006,24,744,,1,92.31,Days with rainfall GE 0.2 mm,"Jours avec chutes de pluie >= 0,2 mm",5,13.79
-123.01491666666666,49.29794444444445,N VANCOUVER 2ND NARROWS,1105666,830.61.6,NORM,Y,A,61,1,2013-03-25 19:13:19,,BC,1981,2010,,1981,,2006,26,780,,0,100,Days with rainfall GE 0.2 mm,"Jours avec chutes de pluie >= 0,2 mm",6,11.69
-123.01491666666666,49.29794444444445,N VANCOUVER 2ND NARROWS,1105666,830.61.7,NORM,Y,A,61,1,2013-03-25 19:13:19,,BC,1981,2010,,1981,,2006,25,775,,1,100,Days with rainfall GE 0.2 mm,"Jours avec chutes de pluie >= 0,2 mm",7,7.44
-123.01491666666666,49.29794444444445,N VANCOUVER 2ND NARROWS,1105666,830.61.8,NORM,Y,A,61,1,2013-03-25 19:13:19,,BC,1981,2010,,1981,,2006,26,806,,0,100,Days with rainfall GE 0.2 mm,"Jours avec chutes de pluie >= 0,2 mm",8,6.69
-123.01491666666666,49.29794444444445,N VANCOUVER 2ND NARROWS,1105666,830.61.9,NORM,Y,C,61,1,2013-03-25 19:13:19,,BC,1981,2010,,1981,,2006,24,720,,2,100,Days with rainfall GE 0.2 mm,"Jours avec chutes de pluie >= 0,2 mm",9,9.58
-123.01491666666666,49.29794444444445,N VANCOUVER 2ND NARROWS,1105666,830.61.10,NORM,Y,A,61,1,2013-03-25 19:13:19,,BC,1981,2010,,1981,,2006,26,806,,0,100,Days with rainfall GE 0.2 mm,"Jours avec chutes de pluie >= 0,2 mm",10,16.04
-123.01491666666666,49.29794444444445,N VANCOUVER 2ND NARROWS,1105666,830.61.11,NORM,Y,A,61,1,2013-03-25 19:13:19,,BC,1981,2010,,1981,,2006,26,780,,0,100,Days with rainfall GE 0.2 mm,"Jours avec chutes de pluie >= 0,2 mm",11,20.65
-123.01491666666666,49.29794444444445,N VANCOUVER 2ND NARROWS,1105666,830.61.12,NORM,Y,A,61,1,2013-03-25 19:13:19,,BC,1981,2010,,1981,,2006,25,775,,1,96.15,Days with rainfall GE 0.2 mm,"Jours avec chutes de pluie >= 0,2 mm",12,19.56
-123.01491666666666,49.29794444444445,N VANCOUVER 2ND NARROWS,1105666,830.61.13,NORM,Y,C,61,1,2013-03-25 19:13:19,,BC,1981,2010,,1981,,2007,26,9282,,2,99.04,Days with rainfall GE 0.2 mm,"Jours avec chutes de pluie >= 0,2 mm",13,173.53
-123.01491666666666,49.29794444444445,N VANCOUVER 2ND NARROWS,1105666,830.62.1,NORM,Y,A,62,1,2013-03-25 19:13:19,,BC,1981,2010,,1981,,2007,26,806,,1,100,Days with rainfall GE 5 mm,Jours avec chutes de pluie >= 5 mm,1,12.73
-123.01491666666666,49.29794444444445,N VANCOUVER 2ND NARROWS,1105666,830.62.2,NORM,Y,A,62,1,2013-03-25 19:13:19,,BC,1981,2010,,1981,,2007,26,734,,1,100,Days with rainfall GE 5 mm,Jours avec chutes de pluie >= 5 mm,2,9.23
-123.01491666666666,49.29794444444445,N VANCOUVER 2ND NARROWS,1105666,830.62.3,NORM,Y,A,62,1,2013-03-25 19:13:19,,BC,1981,2010,,1981,,2006,26,806,,0,100,Days with rainfall GE 5 mm,Jours avec chutes de pluie >= 5 mm,3,9.92
-123.01491666666666,49.29794444444445,N VANCOUVER 2ND NARROWS,1105666,830.62.4,NORM,Y,A,62,1,2013-03-25 19:13:19,,BC,1981,2010,,1981,,2006,25,750,,1,100,Days with rainfall GE 5 mm,Jours avec chutes de pluie >= 5 mm,4,8.4
-123.01491666666666,49.29794444444445,N VANCOUVER 2ND NARROWS,1105666,830.62.5,NORM,Y,C,62,1,2013-03-25 19:13:19,,BC,1981,2010,,1981,,2006,24,744,,1,92.31,Days with rainfall GE 5 mm,Jours avec chutes de pluie >= 5 mm,5,6.79
-123.01491666666666,49.29794444444445,N VANCOUVER 2ND NARROWS,1105666,830.62.6,NORM,Y,A,62,1,2013-03-25 19:13:19,,BC,1981,2010,,1981,,2006,26,780,,0,100,Days with rainfall GE 5 mm,Jours avec chutes de pluie >= 5 mm,6,4.96
-123.01491666666666,49.29794444444445,N VANCOUVER 2ND NARROWS,1105666,830.62.7,NORM,Y,A,62,1,2013-03-25 19:13:19,,BC,1981,2010,,1981,,2006,25,775,,1,100,Days with rainfall GE 5 mm,Jours avec chutes de pluie >= 5 mm,7,3.28
-123.01491666666666,49.29794444444445,N VANCOUVER 2ND NARROWS,1105666,830.62.8,NORM,Y,A,62,1,2013-03-25 19:13:19,,BC,1981,2010,,1981,,2006,26,806,,0,100,Days with rainfall GE 5 mm,Jours avec chutes de pluie >= 5 mm,8,3
-123.01491666666666,49.29794444444445,N VANCOUVER 2ND NARROWS,1105666,830.62.9,NORM,Y,C,62,1,2013-03-25 19:13:19,,BC,1981,2010,,1981,,2006,24,720,,2,100,Days with rainfall GE 5 mm,Jours avec chutes de pluie >= 5 mm,9,4.42
-123.01491666666666,49.29794444444445,N VANCOUVER 2ND NARROWS,1105666,830.62.10,NORM,Y,A,62,1,2013-03-25 19:13:19,,BC,1981,2010,,1981,,2006,26,806,,0,100,Days with rainfall GE 5 mm,Jours avec chutes de pluie >= 5 mm,10,9.12
-123.01491666666666,49.29794444444445,N VANCOUVER 2ND NARROWS,1105666,830.62.11,NORM,Y,A,62,1,2013-03-25 19:13:19,,BC,1981,2010,,1981,,2006,26,780,,0,100,Days with rainfall GE 5 mm,Jours avec chutes de pluie >= 5 mm,11,13.46
-123.01491666666666,49.29794444444445,N VANCOUVER 2ND NARROWS,1105666,830.62.12,NORM,Y,A,62,1,2013-03-25 19:13:19,,BC,1981,2010,,1981,,2006,25,775,,1,96.15,Days with rainfall GE 5 mm,Jours avec chutes de pluie >= 5 mm,12,11.64
-123.01491666666666,49.29794444444445,N VANCOUVER 2ND NARROWS,1105666,830.62.13,NORM,Y,C,62,1,2013-03-25 19:13:19,,BC,1981,2010,,1981,,2007,26,9282,,2,99.04,Days with rainfall GE 5 mm,Jours avec chutes de pluie >= 5 mm,13,96.95
-123.01491666666666,49.29794444444445,N VANCOUVER 2ND NARROWS,1105666,830.63.1,NORM,Y,A,63,1,2013-03-25 19:13:19,,BC,1981,2010,,1981,,2007,26,806,,1,100,Days with rainfall GE 10 mm,Jours avec chutes de pluie >= 10 mm,1,8.69
-123.01491666666666,49.29794444444445,N VANCOUVER 2ND NARROWS,1105666,830.63.2,NORM,Y,A,63,1,2013-03-25 19:13:19,,BC,1981,2010,,1981,,2007,26,734,,1,100,Days with rainfall GE 10 mm,Jours avec chutes de pluie >= 10 mm,2,5.77
-123.01491666666666,49.29794444444445,N VANCOUVER 2ND NARROWS,1105666,830.63.3,NORM,Y,A,63,1,2013-03-25 19:13:19,,BC,1981,2010,,1981,,2006,26,806,,0,100,Days with rainfall GE 10 mm,Jours avec chutes de pluie >= 10 mm,3,6.35
-123.01491666666666,49.29794444444445,N VANCOUVER 2ND NARROWS,1105666,830.63.4,NORM,Y,A,63,1,2013-03-25 19:13:19,,BC,1981,2010,,1981,,2006,25,750,,1,100,Days with rainfall GE 10 mm,Jours avec chutes de pluie >= 10 mm,4,4.92
-123.01491666666666,49.29794444444445,N VANCOUVER 2ND NARROWS,1105666,830.63.5,NORM,Y,C,63,1,2013-03-25 19:13:19,,BC,1981,2010,,1981,,2006,24,744,,1,92.31,Days with rainfall GE 10 mm,Jours avec chutes de pluie >= 10 mm,5,3.83
-123.01491666666666,49.29794444444445,N VANCOUVER 2ND NARROWS,1105666,830.63.6,NORM,Y,A,63,1,2013-03-25 19:13:19,,BC,1981,2010,,1981,,2006,26,780,,0,100,Days with rainfall GE 10 mm,Jours avec chutes de pluie >= 10 mm,6,2.73
-123.01491666666666,49.29794444444445,N VANCOUVER 2ND NARROWS,1105666,830.63.7,NORM,Y,A,63,1,2013-03-25 19:13:19,,BC,1981,2010,,1981,,2006,25,775,,1,100,Days with rainfall GE 10 mm,Jours avec chutes de pluie >= 10 mm,7,1.96
-123.01491666666666,49.29794444444445,N VANCOUVER 2ND NARROWS,1105666,830.63.8,NORM,Y,A,63,1,2013-03-25 19:13:19,,BC,1981,2010,,1981,,2006,26,806,,0,100,Days with rainfall GE 10 mm,Jours avec chutes de pluie >= 10 mm,8,1.58
-123.01491666666666,49.29794444444445,N VANCOUVER 2ND NARROWS,1105666,830.63.9,NORM,Y,C,63,1,2013-03-25 19:13:19,,BC,1981,2010,,1981,,2006,24,720,,2,100,Days with rainfall GE 10 mm,Jours avec chutes de pluie >= 10 mm,9,2.75
-123.01491666666666,49.29794444444445,N VANCOUVER 2ND NARROWS,1105666,830.63.10,NORM,Y,A,63,1,2013-03-25 19:13:19,,BC,1981,2010,,1981,,2006,26,806,,0,100,Days with rainfall GE 10 mm,Jours avec chutes de pluie >= 10 mm,10,6.5
-123.01491666666666,49.29794444444445,N VANCOUVER 2ND NARROWS,1105666,830.63.11,NORM,Y,A,63,1,2013-03-25 19:13:19,,BC,1981,2010,,1981,,2006,26,780,,0,100,Days with rainfall GE 10 mm,Jours avec chutes de pluie >= 10 mm,11,9.81
-123.01491666666666,49.29794444444445,N VANCOUVER 2ND NARROWS,1105666,830.63.12,NORM,Y,A,63,1,2013-03-25 19:13:19,,BC,1981,2010,,1981,,2006,25,775,,1,96.15,Days with rainfall GE 10 mm,Jours avec chutes de pluie >= 10 mm,12,8.08
-123.01491666666666,49.29794444444445,N VANCOUVER 2ND NARROWS,1105666,830.63.13,NORM,Y,C,63,1,2013-03-25 19:13:19,,BC,1981,2010,,1981,,2007,26,9282,,2,99.04,Days with rainfall GE 10 mm,Jours avec chutes de pluie >= 10 mm,13,62.97
-123.01491666666666,49.29794444444445,N VANCOUVER 2ND NARROWS,1105666,830.64.1,NORM,Y,A,64,1,2013-03-25 19:13:19,,BC,1981,2010,,1981,,2007,26,806,,1,100,Days with rainfall GE 25 mm,Jours avec chutes de pluie >= 25 mm,1,3
-123.01491666666666,49.29794444444445,N VANCOUVER 2ND NARROWS,1105666,830.64.2,NORM,Y,A,64,1,2013-03-25 19:13:19,,BC,1981,2010,,1981,,2007,26,734,,1,100,Days with rainfall GE 25 mm,Jours avec chutes de pluie >= 25 mm,2,1.81
-123.01491666666666,49.29794444444445,N VANCOUVER 2ND NARROWS,1105666,830.64.3,NORM,Y,A,64,1,2013-03-25 19:13:19,,BC,1981,2010,,1981,,2006,26,806,,0,100,Days with rainfall GE 25 mm,Jours avec chutes de pluie >= 25 mm,3,1.46
-123.01491666666666,49.29794444444445,N VANCOUVER 2ND NARROWS,1105666,830.64.4,NORM,Y,A,64,1,2013-03-25 19:13:19,,BC,1981,2010,,1981,,2006,25,750,,1,100,Days with rainfall GE 25 mm,Jours avec chutes de pluie >= 25 mm,4,0.88
-123.01491666666666,49.29794444444445,N VANCOUVER 2ND NARROWS,1105666,830.64.5,NORM,Y,C,64,1,2013-03-25 19:13:19,,BC,1981,2010,,1981,,2006,24,744,,1,92.31,Days with rainfall GE 25 mm,Jours avec chutes de pluie >= 25 mm,5,0.54
-123.01491666666666,49.29794444444445,N VANCOUVER 2ND NARROWS,1105666,830.64.6,NORM,Y,A,64,1,2013-03-25 19:13:19,,BC,1981,2010,,1981,,2006,26,780,,0,100,Days with rainfall GE 25 mm,Jours avec chutes de pluie >= 25 mm,6,0.62
-123.01491666666666,49.29794444444445,N VANCOUVER 2ND NARROWS,1105666,830.64.7,NORM,Y,A,64,1,2013-03-25 19:13:19,,BC,1981,2010,,1981,,2006,25,775,,1,100,Days with rainfall GE 25 mm,Jours avec chutes de pluie >= 25 mm,7,0.32
-123.01491666666666,49.29794444444445,N VANCOUVER 2ND NARROWS,1105666,830.64.8,NORM,Y,A,64,1,2013-03-25 19:13:19,,BC,1981,2010,,1981,,2006,26,806,,0,100,Days with rainfall GE 25 mm,Jours avec chutes de pluie >= 25 mm,8,0.62
-123.01491666666666,49.29794444444445,N VANCOUVER 2ND NARROWS,1105666,830.64.9,NORM,Y,C,64,1,2013-03-25 19:13:19,,BC,1981,2010,,1981,,2006,24,720,,2,100,Days with rainfall GE 25 mm,Jours avec chutes de pluie >= 25 mm,9,0.71
-123.01491666666666,49.29794444444445,N VANCOUVER 2ND NARROWS,1105666,830.64.10,NORM,Y,A,64,1,2013-03-25 19:13:19,,BC,1981,2010,,1981,,2006,26,806,,0,100,Days with rainfall GE 25 mm,Jours avec chutes de pluie >= 25 mm,10,2.58
-123.01491666666666,49.29794444444445,N VANCOUVER 2ND NARROWS,1105666,830.64.11,NORM,Y,A,64,1,2013-03-25 19:13:19,,BC,1981,2010,,1981,,2006,26,780,,0,100,Days with rainfall GE 25 mm,Jours avec chutes de pluie >= 25 mm,11,3.88
-123.01491666666666,49.29794444444445,N VANCOUVER 2ND NARROWS,1105666,830.64.12,NORM,Y,A,64,1,2013-03-25 19:13:19,,BC,1981,2010,,1981,,2006,25,775,,1,96.15,Days with rainfall GE 25 mm,Jours avec chutes de pluie >= 25 mm,12,2.56
-123.01491666666666,49.29794444444445,N VANCOUVER 2ND NARROWS,1105666,830.64.13,NORM,Y,C,64,1,2013-03-25 19:13:19,,BC,1981,2010,,1981,,2007,26,9282,,2,99.04,Days with rainfall GE 25 mm,Jours avec chutes de pluie >= 25 mm,13,18.98
-123.01491666666666,49.29794444444445,N VANCOUVER 2ND NARROWS,1105666,830.65.1,NORM,Y,A,65,1,2013-03-25 19:13:19,,BC,1981,2010,,1981,,2007,26,806,,1,100,Days with snowfall GE 0.2 cm,"Jours avec chutes de neige >= 0,2 cm",1,1.65
-123.01491666666666,49.29794444444445,N VANCOUVER 2ND NARROWS,1105666,830.65.2,NORM,Y,A,65,1,2013-03-25 19:13:19,,BC,1981,2010,,1981,,2007,26,734,,1,100,Days with snowfall GE 0.2 cm,"Jours avec chutes de neige >= 0,2 cm",2,0.92
-123.01491666666666,49.29794444444445,N VANCOUVER 2ND NARROWS,1105666,830.65.3,NORM,Y,A,65,1,2013-03-25 19:13:19,,BC,1981,2010,,1981,,2006,26,806,,0,100,Days with snowfall GE 0.2 cm,"Jours avec chutes de neige >= 0,2 cm",3,0.54
-123.01491666666666,49.29794444444445,N VANCOUVER 2ND NARROWS,1105666,830.65.4,NORM,Y,A,65,1,2013-03-25 19:13:19,,BC,1981,2010,,1981,,2006,25,750,,1,100,Days with snowfall GE 0.2 cm,"Jours avec chutes de neige >= 0,2 cm",4,0.12
-123.01491666666666,49.29794444444445,N VANCOUVER 2ND NARROWS,1105666,830.65.5,NORM,Y,A,65,1,2013-03-25 19:13:19,,BC,1981,2010,,1981,,2006,26,806,,0,100,Days with snowfall GE 0.2 cm,"Jours avec chutes de neige >= 0,2 cm",5,0
-123.01491666666666,49.29794444444445,N VANCOUVER 2ND NARROWS,1105666,830.65.6,NORM,Y,A,65,1,2013-03-25 19:13:19,,BC,1981,2010,,1981,,2006,26,780,,0,100,Days with snowfall GE 0.2 cm,"Jours avec chutes de neige >= 0,2 cm",6,0
-123.01491666666666,49.29794444444445,N VANCOUVER 2ND NARROWS,1105666,830.65.7,NORM,Y,A,65,1,2013-03-25 19:13:19,,BC,1981,2010,,1981,,2006,25,775,,1,100,Days with snowfall GE 0.2 cm,"Jours avec chutes de neige >= 0,2 cm",7,0
-123.01491666666666,49.29794444444445,N VANCOUVER 2ND NARROWS,1105666,830.65.8,NORM,Y,A,65,1,2013-03-25 19:13:19,,BC,1981,2010,,1981,,2006,26,806,,0,100,Days with snowfall GE 0.2 cm,"Jours avec chutes de neige >= 0,2 cm",8,0
-123.01491666666666,49.29794444444445,N VANCOUVER 2ND NARROWS,1105666,830.65.9,NORM,Y,C,65,1,2013-03-25 19:13:19,,BC,1981,2010,,1981,,2006,24,720,,2,100,Days with snowfall GE 0.2 cm,"Jours avec chutes de neige >= 0,2 cm",9,0
-123.01491666666666,49.29794444444445,N VANCOUVER 2ND NARROWS,1105666,830.65.10,NORM,Y,A,65,1,2013-03-25 19:13:19,,BC,1981,2010,,1981,,2006,26,806,,0,100,Days with snowfall GE 0.2 cm,"Jours avec chutes de neige >= 0,2 cm",10,0.08
-123.01491666666666,49.29794444444445,N VANCOUVER 2ND NARROWS,1105666,830.65.11,NORM,Y,A,65,1,2013-03-25 19:13:19,,BC,1981,2010,,1981,,2005,25,750,,0,96.15,Days with snowfall GE 0.2 cm,"Jours avec chutes de neige >= 0,2 cm",11,0.72
-123.01491666666666,49.29794444444445,N VANCOUVER 2ND NARROWS,1105666,830.65.12,NORM,Y,A,65,1,2013-03-25 19:13:19,,BC,1981,2010,,1981,,2006,25,775,,1,96.15,Days with snowfall GE 0.2 cm,"Jours avec chutes de neige >= 0,2 cm",12,2.2
-123.01491666666666,49.29794444444445,N VANCOUVER 2ND NARROWS,1105666,830.65.13,NORM,Y,C,65,1,2013-03-25 19:13:19,,BC,1981,2010,,1981,,2007,26,9314,,2,99.36,Days with snowfall GE 0.2 cm,"Jours avec chutes de neige >= 0,2 cm",13,6.23
-123.01491666666666,49.29794444444445,N VANCOUVER 2ND NARROWS,1105666,830.66.1,NORM,Y,A,66,1,2013-03-25 19:13:19,,BC,1981,2010,,1981,,2007,26,806,,1,100,Days with snowfall GE 5 cm,Jours avec chutes de neige >= 5 cm,1,0.5
-123.01491666666666,49.29794444444445,N VANCOUVER 2ND NARROWS,1105666,830.66.2,NORM,Y,A,66,1,2013-03-25 19:13:19,,BC,1981,2010,,1981,,2007,26,734,,1,100,Days with snowfall GE 5 cm,Jours avec chutes de neige >= 5 cm,2,0.38
-123.01491666666666,49.29794444444445,N VANCOUVER 2ND NARROWS,1105666,830.66.3,NORM,Y,A,66,1,2013-03-25 19:13:19,,BC,1981,2010,,1981,,2006,26,806,,0,100,Days with snowfall GE 5 cm,Jours avec chutes de neige >= 5 cm,3,0.12
-123.01491666666666,49.29794444444445,N VANCOUVER 2ND NARROWS,1105666,830.66.4,NORM,Y,A,66,1,2013-03-25 19:13:19,,BC,1981,2010,,1981,,2006,25,750,,1,100,Days with snowfall GE 5 cm,Jours avec chutes de neige >= 5 cm,4,0
-123.01491666666666,49.29794444444445,N VANCOUVER 2ND NARROWS,1105666,830.66.5,NORM,Y,A,66,1,2013-03-25 19:13:19,,BC,1981,2010,,1981,,2006,26,806,,0,100,Days with snowfall GE 5 cm,Jours avec chutes de neige >= 5 cm,5,0
-123.01491666666666,49.29794444444445,N VANCOUVER 2ND NARROWS,1105666,830.66.6,NORM,Y,A,66,1,2013-03-25 19:13:19,,BC,1981,2010,,1981,,2006,26,780,,0,100,Days with snowfall GE 5 cm,Jours avec chutes de neige >= 5 cm,6,0
-123.01491666666666,49.29794444444445,N VANCOUVER 2ND NARROWS,1105666,830.66.7,NORM,Y,A,66,1,2013-03-25 19:13:19,,BC,1981,2010,,1981,,2006,25,775,,1,100,Days with snowfall GE 5 cm,Jours avec chutes de neige >= 5 cm,7,0
-123.01491666666666,49.29794444444445,N VANCOUVER 2ND NARROWS,1105666,830.66.8,NORM,Y,A,66,1,2013-03-25 19:13:19,,BC,1981,2010,,1981,,2006,26,806,,0,100,Days with snowfall GE 5 cm,Jours avec chutes de neige >= 5 cm,8,0
-123.01491666666666,49.29794444444445,N VANCOUVER 2ND NARROWS,1105666,830.66.9,NORM,Y,C,66,1,2013-03-25 19:13:19,,BC,1981,2010,,1981,,2006,24,720,,2,100,Days with snowfall GE 5 cm,Jours avec chutes de neige >= 5 cm,9,0
-123.01491666666666,49.29794444444445,N VANCOUVER 2ND NARROWS,1105666,830.66.10,NORM,Y,A,66,1,2013-03-25 19:13:19,,BC,1981,2010,,1981,,2006,26,806,,0,100,Days with snowfall GE 5 cm,Jours avec chutes de neige >= 5 cm,10,0
-123.01491666666666,49.29794444444445,N VANCOUVER 2ND NARROWS,1105666,830.66.11,NORM,Y,A,66,1,2013-03-25 19:13:19,,BC,1981,2010,,1981,,2005,25,750,,0,96.15,Days with snowfall GE 5 cm,Jours avec chutes de neige >= 5 cm,11,0.12
-123.01491666666666,49.29794444444445,N VANCOUVER 2ND NARROWS,1105666,830.66.12,NORM,Y,A,66,1,2013-03-25 19:13:19,,BC,1981,2010,,1981,,2006,25,775,,1,96.15,Days with snowfall GE 5 cm,Jours avec chutes de neige >= 5 cm,12,0.56
-123.01491666666666,49.29794444444445,N VANCOUVER 2ND NARROWS,1105666,830.66.13,NORM,Y,C,66,1,2013-03-25 19:13:19,,BC,1981,2010,,1981,,2007,26,9314,,2,99.36,Days with snowfall GE 5 cm,Jours avec chutes de neige >= 5 cm,13,1.68
-123.01491666666666,49.29794444444445,N VANCOUVER 2ND NARROWS,1105666,830.67.1,NORM,Y,A,67,1,2013-03-25 19:13:19,,BC,1981,2010,,1981,,2007,26,806,,1,100,Days with snowfall GE 10 cm,Jours avec chutes de neige >= 10 cm,1,0.15
-123.01491666666666,49.29794444444445,N VANCOUVER 2ND NARROWS,1105666,830.67.2,NORM,Y,A,67,1,2013-03-25 19:13:19,,BC,1981,2010,,1981,,2007,26,734,,1,100,Days with snowfall GE 10 cm,Jours avec chutes de neige >= 10 cm,2,0.31
-123.01491666666666,49.29794444444445,N VANCOUVER 2ND NARROWS,1105666,830.67.3,NORM,Y,A,67,1,2013-03-25 19:13:19,,BC,1981,2010,,1981,,2006,26,806,,0,100,Days with snowfall GE 10 cm,Jours avec chutes de neige >= 10 cm,3,0.08
-123.01491666666666,49.29794444444445,N VANCOUVER 2ND NARROWS,1105666,830.67.4,NORM,Y,A,67,1,2013-03-25 19:13:19,,BC,1981,2010,,1981,,2006,25,750,,1,100,Days with snowfall GE 10 cm,Jours avec chutes de neige >= 10 cm,4,0
-123.01491666666666,49.29794444444445,N VANCOUVER 2ND NARROWS,1105666,830.67.5,NORM,Y,A,67,1,2013-03-25 19:13:19,,BC,1981,2010,,1981,,2006,26,806,,0,100,Days with snowfall GE 10 cm,Jours avec chutes de neige >= 10 cm,5,0
-123.01491666666666,49.29794444444445,N VANCOUVER 2ND NARROWS,1105666,830.67.6,NORM,Y,A,67,1,2013-03-25 19:13:19,,BC,1981,2010,,1981,,2006,26,780,,0,100,Days with snowfall GE 10 cm,Jours avec chutes de neige >= 10 cm,6,0
-123.01491666666666,49.29794444444445,N VANCOUVER 2ND NARROWS,1105666,830.67.7,NORM,Y,A,67,1,2013-03-25 19:13:19,,BC,1981,2010,,1981,,2006,25,775,,1,100,Days with snowfall GE 10 cm,Jours avec chutes de neige >= 10 cm,7,0
-123.01491666666666,49.29794444444445,N VANCOUVER 2ND NARROWS,1105666,830.67.8,NORM,Y,A,67,1,2013-03-25 19:13:19,,BC,1981,2010,,1981,,2006,26,806,,0,100,Days with snowfall GE 10 cm,Jours avec chutes de neige >= 10 cm,8,0
-123.01491666666666,49.29794444444445,N VANCOUVER 2ND NARROWS,1105666,830.67.9,NORM,Y,C,67,1,2013-03-25 19:13:19,,BC,1981,2010,,1981,,2006,24,720,,2,100,Days with snowfall GE 10 cm,Jours avec chutes de neige >= 10 cm,9,0
-123.01491666666666,49.29794444444445,N VANCOUVER 2ND NARROWS,1105666,830.67.10,NORM,Y,A,67,1,2013-03-25 19:13:19,,BC,1981,2010,,1981,,2006,26,806,,0,100,Days with snowfall GE 10 cm,Jours avec chutes de neige >= 10 cm,10,0
-123.01491666666666,49.29794444444445,N VANCOUVER 2ND NARROWS,1105666,830.67.11,NORM,Y,A,67,1,2013-03-25 19:13:19,,BC,1981,2010,,1981,,2005,25,750,,0,96.15,Days with snowfall GE 10 cm,Jours avec chutes de neige >= 10 cm,11,0.08
-123.01491666666666,49.29794444444445,N VANCOUVER 2ND NARROWS,1105666,830.67.12,NORM,Y,A,67,1,2013-03-25 19:13:19,,BC,1981,2010,,1981,,2006,25,775,,1,96.15,Days with snowfall GE 10 cm,Jours avec chutes de neige >= 10 cm,12,0.28
-123.01491666666666,49.29794444444445,N VANCOUVER 2ND NARROWS,1105666,830.67.13,NORM,Y,C,67,1,2013-03-25 19:13:19,,BC,1981,2010,,1981,,2007,26,9314,,2,99.36,Days with snowfall GE 10 cm,Jours avec chutes de neige >= 10 cm,13,0.9
-123.01491666666666,49.29794444444445,N VANCOUVER 2ND NARROWS,1105666,830.68.1,NORM,Y,A,68,1,2013-03-25 19:13:19,,BC,1981,2010,,1981,,2007,26,806,,1,100,Days with snowfall GE 25 cm,Jours avec chutes de neige >= 25 cm,1,0
-123.01491666666666,49.29794444444445,N VANCOUVER 2ND NARROWS,1105666,830.68.2,NORM,Y,A,68,1,2013-03-25 19:13:19,,BC,1981,2010,,1981,,2007,26,734,,1,100,Days with snowfall GE 25 cm,Jours avec chutes de neige >= 25 cm,2,0
-123.01491666666666,49.29794444444445,N VANCOUVER 2ND NARROWS,1105666,830.68.3,NORM,Y,A,68,1,2013-03-25 19:13:19,,BC,1981,2010,,1981,,2006,26,806,,0,100,Days with snowfall GE 25 cm,Jours avec chutes de neige >= 25 cm,3,0
-123.01491666666666,49.29794444444445,N VANCOUVER 2ND NARROWS,1105666,830.68.4,NORM,Y,A,68,1,2013-03-25 19:13:19,,BC,1981,2010,,1981,,2006,25,750,,1,100,Days with snowfall GE 25 cm,Jours avec chutes de neige >= 25 cm,4,0
-123.01491666666666,49.29794444444445,N VANCOUVER 2ND NARROWS,1105666,830.68.5,NORM,Y,A,68,1,2013-03-25 19:13:19,,BC,1981,2010,,1981,,2006,26,806,,0,100,Days with snowfall GE 25 cm,Jours avec chutes de neige >= 25 cm,5,0
-123.01491666666666,49.29794444444445,N VANCOUVER 2ND NARROWS,1105666,830.68.6,NORM,Y,A,68,1,2013-03-25 19:13:19,,BC,1981,2010,,1981,,2006,26,780,,0,100,Days with snowfall GE 25 cm,Jours avec chutes de neige >= 25 cm,6,0
-123.01491666666666,49.29794444444445,N VANCOUVER 2ND NARROWS,1105666,830.68.7,NORM,Y,A,68,1,2013-03-25 19:13:19,,BC,1981,2010,,1981,,2006,25,775,,1,100,Days with snowfall GE 25 cm,Jours avec chutes de neige >= 25 cm,7,0
-123.01491666666666,49.29794444444445,N VANCOUVER 2ND NARROWS,1105666,830.68.8,NORM,Y,A,68,1,2013-03-25 19:13:19,,BC,1981,2010,,1981,,2006,26,806,,0,100,Days with snowfall GE 25 cm,Jours avec chutes de neige >= 25 cm,8,0
-123.01491666666666,49.29794444444445,N VANCOUVER 2ND NARROWS,1105666,830.68.9,NORM,Y,C,68,1,2013-03-25 19:13:19,,BC,1981,2010,,1981,,2006,24,720,,2,100,Days with snowfall GE 25 cm,Jours avec chutes de neige >= 25 cm,9,0
-123.01491666666666,49.29794444444445,N VANCOUVER 2ND NARROWS,1105666,830.68.10,NORM,Y,A,68,1,2013-03-25 19:13:19,,BC,1981,2010,,1981,,2006,26,806,,0,100,Days with snowfall GE 25 cm,Jours avec chutes de neige >= 25 cm,10,0
-123.01491666666666,49.29794444444445,N VANCOUVER 2ND NARROWS,1105666,830.68.11,NORM,Y,A,68,1,2013-03-25 19:13:19,,BC,1981,2010,,1981,,2005,25,750,,0,96.15,Days with snowfall GE 25 cm,Jours avec chutes de neige >= 25 cm,11,0
-123.01491666666666,49.29794444444445,N VANCOUVER 2ND NARROWS,1105666,830.68.12,NORM,Y,A,68,1,2013-03-25 19:13:19,,BC,1981,2010,,1981,,2006,25,775,,1,96.15,Days with snowfall GE 25 cm,Jours avec chutes de neige >= 25 cm,12,0
-123.01491666666666,49.29794444444445,N VANCOUVER 2ND NARROWS,1105666,830.68.13,NORM,Y,C,68,1,2013-03-25 19:13:19,,BC,1981,2010,,1981,,2007,26,9314,,2,99.36,Days with snowfall GE 25 cm,Jours avec chutes de neige >= 25 cm,13,0
-123.01491666666666,49.29794444444445,N VANCOUVER 2ND NARROWS,1105666,830.69.1,NORM,Y,A,69,1,2013-03-25 19:13:19,,BC,1981,2010,,1981,,2007,26,806,,1,100,Days with precipitation GE 0.2 mm,"Jours avec précipitations >= 0,2 mm",1,20.46
-123.01491666666666,49.29794444444445,N VANCOUVER 2ND NARROWS,1105666,830.69.2,NORM,Y,A,69,1,2013-03-25 19:13:19,,BC,1981,2010,,1981,,2007,26,734,,1,100,Days with precipitation GE 0.2 mm,"Jours avec précipitations >= 0,2 mm",2,15.5
-123.01491666666666,49.29794444444445,N VANCOUVER 2ND NARROWS,1105666,830.69.3,NORM,Y,A,69,1,2013-03-25 19:13:19,,BC,1981,2010,,1981,,2006,26,806,,0,100,Days with precipitation GE 0.2 mm,"Jours avec précipitations >= 0,2 mm",3,18
-123.01491666666666,49.29794444444445,N VANCOUVER 2ND NARROWS,1105666,830.69.4,NORM,Y,A,69,1,2013-03-25 19:13:19,,BC,1981,2010,,1981,,2006,25,750,,1,100,Days with precipitation GE 0.2 mm,"Jours avec précipitations >= 0,2 mm",4,15.4
-123.01491666666666,49.29794444444445,N VANCOUVER 2ND NARROWS,1105666,830.69.5,NORM,Y,C,69,1,2013-03-25 19:13:19,,BC,1981,2010,,1981,,2006,24,744,,1,92.31,Days with precipitation GE 0.2 mm,"Jours avec précipitations >= 0,2 mm",5,13.79
-123.01491666666666,49.29794444444445,N VANCOUVER 2ND NARROWS,1105666,830.69.6,NORM,Y,A,69,1,2013-03-25 19:13:19,,BC,1981,2010,,1981,,2006,26,780,,0,100,Days with precipitation GE 0.2 mm,"Jours avec précipitations >= 0,2 mm",6,11.69
-123.01491666666666,49.29794444444445,N VANCOUVER 2ND NARROWS,1105666,830.69.7,NORM,Y,A,69,1,2013-03-25 19:13:19,,BC,1981,2010,,1981,,2006,25,775,,1,100,Days with precipitation GE 0.2 mm,"Jours avec précipitations >= 0,2 mm",7,7.44
-123.01491666666666,49.29794444444445,N VANCOUVER 2ND NARROWS,1105666,830.69.8,NORM,Y,A,69,1,2013-03-25 19:13:19,,BC,1981,2010,,1981,,2006,26,806,,0,100,Days with precipitation GE 0.2 mm,"Jours avec précipitations >= 0,2 mm",8,6.69
-123.01491666666666,49.29794444444445,N VANCOUVER 2ND NARROWS,1105666,830.69.9,NORM,Y,C,69,1,2013-03-25 19:13:19,,BC,1981,2010,,1981,,2006,24,720,,2,100,Days with precipitation GE 0.2 mm,"Jours avec précipitations >= 0,2 mm",9,9.58
-123.01491666666666,49.29794444444445,N VANCOUVER 2ND NARROWS,1105666,830.69.10,NORM,Y,A,69,1,2013-03-25 19:13:19,,BC,1981,2010,,1981,,2006,26,806,,0,100,Days with precipitation GE 0.2 mm,"Jours avec précipitations >= 0,2 mm",10,16.12
-123.01491666666666,49.29794444444445,N VANCOUVER 2ND NARROWS,1105666,830.69.11,NORM,Y,A,69,1,2013-03-25 19:13:19,,BC,1981,2010,,1981,,2005,25,750,,0,96.15,Days with precipitation GE 0.2 mm,"Jours avec précipitations >= 0,2 mm",11,20.92
-123.01491666666666,49.29794444444445,N VANCOUVER 2ND NARROWS,1105666,830.69.12,NORM,Y,A,69,1,2013-03-25 19:13:19,,BC,1981,2010,,1981,,2006,25,775,,1,96.15,Days with precipitation GE 0.2 mm,"Jours avec précipitations >= 0,2 mm",12,20.32
-123.01491666666666,49.29794444444445,N VANCOUVER 2ND NARROWS,1105666,830.69.13,NORM,Y,C,69,1,2013-03-25 19:13:19,,BC,1981,2010,,1981,,2007,26,9252,,2,98.72,Days with precipitation GE 0.2 mm,"Jours avec précipitations >= 0,2 mm",13,175.91
-123.01491666666666,49.29794444444445,N VANCOUVER 2ND NARROWS,1105666,830.70.1,NORM,Y,A,70,1,2013-03-25 19:13:19,,BC,1981,2010,,1981,,2007,26,806,,1,100,Days with precipitation GE 5 mm,Jours avec précipitations >= 5 mm,1,13.19
-123.01491666666666,49.29794444444445,N VANCOUVER 2ND NARROWS,1105666,830.70.2,NORM,Y,A,70,1,2013-03-25 19:13:19,,BC,1981,2010,,1981,,2007,26,734,,1,100,Days with precipitation GE 5 mm,Jours avec précipitations >= 5 mm,2,9.54
-123.01491666666666,49.29794444444445,N VANCOUVER 2ND NARROWS,1105666,830.70.3,NORM,Y,A,70,1,2013-03-25 19:13:19,,BC,1981,2010,,1981,,2006,26,806,,0,100,Days with precipitation GE 5 mm,Jours avec précipitations >= 5 mm,3,10
-123.01491666666666,49.29794444444445,N VANCOUVER 2ND NARROWS,1105666,830.70.4,NORM,Y,A,70,1,2013-03-25 19:13:19,,BC,1981,2010,,1981,,2006,25,750,,1,100,Days with precipitation GE 5 mm,Jours avec précipitations >= 5 mm,4,8.44
-123.01491666666666,49.29794444444445,N VANCOUVER 2ND NARROWS,1105666,830.70.5,NORM,Y,C,70,1,2013-03-25 19:13:19,,BC,1981,2010,,1981,,2006,24,744,,1,92.31,Days with precipitation GE 5 mm,Jours avec précipitations >= 5 mm,5,6.79
-123.01491666666666,49.29794444444445,N VANCOUVER 2ND NARROWS,1105666,830.70.6,NORM,Y,A,70,1,2013-03-25 19:13:19,,BC,1981,2010,,1981,,2006,26,780,,0,100,Days with precipitation GE 5 mm,Jours avec précipitations >= 5 mm,6,4.96
-123.01491666666666,49.29794444444445,N VANCOUVER 2ND NARROWS,1105666,830.70.7,NORM,Y,A,70,1,2013-03-25 19:13:19,,BC,1981,2010,,1981,,2006,25,775,,1,100,Days with precipitation GE 5 mm,Jours avec précipitations >= 5 mm,7,3.28
-123.01491666666666,49.29794444444445,N VANCOUVER 2ND NARROWS,1105666,830.70.8,NORM,Y,A,70,1,2013-03-25 19:13:19,,BC,1981,2010,,1981,,2006,26,806,,0,100,Days with precipitation GE 5 mm,Jours avec précipitations >= 5 mm,8,3
-123.01491666666666,49.29794444444445,N VANCOUVER 2ND NARROWS,1105666,830.70.9,NORM,Y,C,70,1,2013-03-25 19:13:19,,BC,1981,2010,,1981,,2006,24,720,,2,100,Days with precipitation GE 5 mm,Jours avec précipitations >= 5 mm,9,4.42
-123.01491666666666,49.29794444444445,N VANCOUVER 2ND NARROWS,1105666,830.70.10,NORM,Y,A,70,1,2013-03-25 19:13:19,,BC,1981,2010,,1981,,2006,26,806,,0,100,Days with precipitation GE 5 mm,Jours avec précipitations >= 5 mm,10,9.12
-123.01491666666666,49.29794444444445,N VANCOUVER 2ND NARROWS,1105666,830.70.11,NORM,Y,A,70,1,2013-03-25 19:13:19,,BC,1981,2010,,1981,,2005,25,750,,0,96.15,Days with precipitation GE 5 mm,Jours avec précipitations >= 5 mm,11,13.8
-123.01491666666666,49.29794444444445,N VANCOUVER 2ND NARROWS,1105666,830.70.12,NORM,Y,A,70,1,2013-03-25 19:13:19,,BC,1981,2010,,1981,,2006,25,775,,1,96.15,Days with precipitation GE 5 mm,Jours avec précipitations >= 5 mm,12,12.08
-123.01491666666666,49.29794444444445,N VANCOUVER 2ND NARROWS,1105666,830.70.13,NORM,Y,C,70,1,2013-03-25 19:13:19,,BC,1981,2010,,1981,,2007,26,9252,,2,98.72,Days with precipitation GE 5 mm,Jours avec précipitations >= 5 mm,13,98.62
-123.01491666666666,49.29794444444445,N VANCOUVER 2ND NARROWS,1105666,830.71.1,NORM,Y,A,71,1,2013-03-25 19:13:19,,BC,1981,2010,,1981,,2007,26,806,,1,100,Days with precipitation GE 10 mm,Jours avec précipitations >= 10 mm,1,8.85
-123.01491666666666,49.29794444444445,N VANCOUVER 2ND NARROWS,1105666,830.71.2,NORM,Y,A,71,1,2013-03-25 19:13:19,,BC,1981,2010,,1981,,2007,26,734,,1,100,Days with precipitation GE 10 mm,Jours avec précipitations >= 10 mm,2,6.12
-123.01491666666666,49.29794444444445,N VANCOUVER 2ND NARROWS,1105666,830.71.3,NORM,Y,A,71,1,2013-03-25 19:13:19,,BC,1981,2010,,1981,,2006,26,806,,0,100,Days with precipitation GE 10 mm,Jours avec précipitations >= 10 mm,3,6.46
-123.01491666666666,49.29794444444445,N VANCOUVER 2ND NARROWS,1105666,830.71.4,NORM,Y,A,71,1,2013-03-25 19:13:19,,BC,1981,2010,,1981,,2006,25,750,,1,100,Days with precipitation GE 10 mm,Jours avec précipitations >= 10 mm,4,4.92
-123.01491666666666,49.29794444444445,N VANCOUVER 2ND NARROWS,1105666,830.71.5,NORM,Y,C,71,1,2013-03-25 19:13:19,,BC,1981,2010,,1981,,2006,24,744,,1,92.31,Days with precipitation GE 10 mm,Jours avec précipitations >= 10 mm,5,3.83
-123.01491666666666,49.29794444444445,N VANCOUVER 2ND NARROWS,1105666,830.71.6,NORM,Y,A,71,1,2013-03-25 19:13:19,,BC,1981,2010,,1981,,2006,26,780,,0,100,Days with precipitation GE 10 mm,Jours avec précipitations >= 10 mm,6,2.73
-123.01491666666666,49.29794444444445,N VANCOUVER 2ND NARROWS,1105666,830.71.7,NORM,Y,A,71,1,2013-03-25 19:13:19,,BC,1981,2010,,1981,,2006,25,775,,1,100,Days with precipitation GE 10 mm,Jours avec précipitations >= 10 mm,7,1.96
-123.01491666666666,49.29794444444445,N VANCOUVER 2ND NARROWS,1105666,830.71.8,NORM,Y,A,71,1,2013-03-25 19:13:19,,BC,1981,2010,,1981,,2006,26,806,,0,100,Days with precipitation GE 10 mm,Jours avec précipitations >= 10 mm,8,1.58
-123.01491666666666,49.29794444444445,N VANCOUVER 2ND NARROWS,1105666,830.71.9,NORM,Y,C,71,1,2013-03-25 19:13:19,,BC,1981,2010,,1981,,2006,24,720,,2,100,Days with precipitation GE 10 mm,Jours avec précipitations >= 10 mm,9,2.75
-123.01491666666666,49.29794444444445,N VANCOUVER 2ND NARROWS,1105666,830.71.10,NORM,Y,A,71,1,2013-03-25 19:13:19,,BC,1981,2010,,1981,,2006,26,806,,0,100,Days with precipitation GE 10 mm,Jours avec précipitations >= 10 mm,10,6.5
-123.01491666666666,49.29794444444445,N VANCOUVER 2ND NARROWS,1105666,830.71.11,NORM,Y,A,71,1,2013-03-25 19:13:19,,BC,1981,2010,,1981,,2005,25,750,,0,96.15,Days with precipitation GE 10 mm,Jours avec précipitations >= 10 mm,11,9.88
-123.01491666666666,49.29794444444445,N VANCOUVER 2ND NARROWS,1105666,830.71.12,NORM,Y,A,71,1,2013-03-25 19:13:19,,BC,1981,2010,,1981,,2006,25,775,,1,96.15,Days with precipitation GE 10 mm,Jours avec précipitations >= 10 mm,12,8.4
-123.01491666666666,49.29794444444445,N VANCOUVER 2ND NARROWS,1105666,830.71.13,NORM,Y,C,71,1,2013-03-25 19:13:19,,BC,1981,2010,,1981,,2007,26,9252,,2,98.72,Days with precipitation GE 10 mm,Jours avec précipitations >= 10 mm,13,63.98
-123.01491666666666,49.29794444444445,N VANCOUVER 2ND NARROWS,1105666,830.72.1,NORM,Y,A,72,1,2013-03-25 19:13:19,,BC,1981,2010,,1981,,2007,26,806,,1,100,Days with precipitation GE 25 mm,Jours avec précipitations >= 25 mm,1,3.04
-123.01491666666666,49.29794444444445,N VANCOUVER 2ND NARROWS,1105666,830.72.2,NORM,Y,A,72,1,2013-03-25 19:13:19,,BC,1981,2010,,1981,,2007,26,734,,1,100,Days with precipitation GE 25 mm,Jours avec précipitations >= 25 mm,2,1.81
-123.01491666666666,49.29794444444445,N VANCOUVER 2ND NARROWS,1105666,830.72.3,NORM,Y,A,72,1,2013-03-25 19:13:19,,BC,1981,2010,,1981,,2006,26,806,,0,100,Days with precipitation GE 25 mm,Jours avec précipitations >= 25 mm,3,1.46
-123.01491666666666,49.29794444444445,N VANCOUVER 2ND NARROWS,1105666,830.72.4,NORM,Y,A,72,1,2013-03-25 19:13:19,,BC,1981,2010,,1981,,2006,25,750,,1,100,Days with precipitation GE 25 mm,Jours avec précipitations >= 25 mm,4,0.88
-123.01491666666666,49.29794444444445,N VANCOUVER 2ND NARROWS,1105666,830.72.5,NORM,Y,C,72,1,2013-03-25 19:13:19,,BC,1981,2010,,1981,,2006,24,744,,1,92.31,Days with precipitation GE 25 mm,Jours avec précipitations >= 25 mm,5,0.54
-123.01491666666666,49.29794444444445,N VANCOUVER 2ND NARROWS,1105666,830.72.6,NORM,Y,A,72,1,2013-03-25 19:13:19,,BC,1981,2010,,1981,,2006,26,780,,0,100,Days with precipitation GE 25 mm,Jours avec précipitations >= 25 mm,6,0.62
-123.01491666666666,49.29794444444445,N VANCOUVER 2ND NARROWS,1105666,830.72.7,NORM,Y,A,72,1,2013-03-25 19:13:19,,BC,1981,2010,,1981,,2006,25,775,,1,100,Days with precipitation GE 25 mm,Jours avec précipitations >= 25 mm,7,0.32
-123.01491666666666,49.29794444444445,N VANCOUVER 2ND NARROWS,1105666,830.72.8,NORM,Y,A,72,1,2013-03-25 19:13:19,,BC,1981,2010,,1981,,2006,26,806,,0,100,Days with precipitation GE 25 mm,Jours avec précipitations >= 25 mm,8,0.62
-123.01491666666666,49.29794444444445,N VANCOUVER 2ND NARROWS,1105666,830.72.9,NORM,Y,C,72,1,2013-03-25 19:13:19,,BC,1981,2010,,1981,,2006,24,720,,2,100,Days with precipitation GE 25 mm,Jours avec précipitations >= 25 mm,9,0.71
-123.01491666666666,49.29794444444445,N VANCOUVER 2ND NARROWS,1105666,830.72.10,NORM,Y,A,72,1,2013-03-25 19:13:19,,BC,1981,2010,,1981,,2006,26,806,,0,100,Days with precipitation GE 25 mm,Jours avec précipitations >= 25 mm,10,2.58
-123.01491666666666,49.29794444444445,N VANCOUVER 2ND NARROWS,1105666,830.72.11,NORM,Y,A,72,1,2013-03-25 19:13:19,,BC,1981,2010,,1981,,2005,25,750,,0,96.15,Days with precipitation GE 25 mm,Jours avec précipitations >= 25 mm,11,3.76
-123.01491666666666,49.29794444444445,N VANCOUVER 2ND NARROWS,1105666,830.72.12,NORM,Y,A,72,1,2013-03-25 19:13:19,,BC,1981,2010,,1981,,2006,25,775,,1,96.15,Days with precipitation GE 25 mm,Jours avec précipitations >= 25 mm,12,2.64
-123.01491666666666,49.29794444444445,N VANCOUVER 2ND NARROWS,1105666,830.72.13,NORM,Y,C,72,1,2013-03-25 19:13:19,,BC,1981,2010,,1981,,2007,26,9252,,2,98.72,Days with precipitation GE 25 mm,Jours avec précipitations >= 25 mm,13,18.98
-123.01491666666666,49.29794444444445,N VANCOUVER 2ND NARROWS,1105666,830.73.1,NORM,Y,D,73,1,2013-03-25 19:13:19,,BC,1981,2010,,1981,,2006,17,524,,3,67.61,Mean Daily Snow Depth cm,Épaisseur de la neige moyenne quotidienne en cm,1,0
-123.01491666666666,49.29794444444445,N VANCOUVER 2ND NARROWS,1105666,830.73.2,NORM,Y,D,73,1,2013-03-25 19:13:19,,BC,1981,2010,,1981,,2007,17,474,,4,67.23,Mean Daily Snow Depth cm,Épaisseur de la neige moyenne quotidienne en cm,2,0
-123.01491666666666,49.29794444444445,N VANCOUVER 2ND NARROWS,1105666,830.73.3,NORM,Y,C,73,1,2013-03-25 19:13:19,,BC,1981,2010,,1981,,2006,23,704,,1,87.34,Mean Daily Snow Depth cm,Épaisseur de la neige moyenne quotidienne en cm,3,0
-123.01491666666666,49.29794444444445,N VANCOUVER 2ND NARROWS,1105666,830.73.4,NORM,Y,A,73,1,2013-03-25 19:13:19,,BC,1981,2010,,1981,,2006,25,748,,1,99.73,Mean Daily Snow Depth cm,Épaisseur de la neige moyenne quotidienne en cm,4,0
-123.01491666666666,49.29794444444445,N VANCOUVER 2ND NARROWS,1105666,830.73.5,NORM,Y,A,73,1,2013-03-25 19:13:19,,BC,1981,2010,,1981,,2006,26,806,,0,100,Mean Daily Snow Depth cm,Épaisseur de la neige moyenne quotidienne en cm,5,0
-123.01491666666666,49.29794444444445,N VANCOUVER 2ND NARROWS,1105666,830.73.6,NORM,Y,A,73,1,2013-03-25 19:13:19,,BC,1981,2010,,1981,,2006,26,780,,0,100,Mean Daily Snow Depth cm,Épaisseur de la neige moyenne quotidienne en cm,6,0
-123.01491666666666,49.29794444444445,N VANCOUVER 2ND NARROWS,1105666,830.73.7,NORM,Y,A,73,1,2013-03-25 19:13:19,,BC,1981,2010,,1981,,2006,25,775,,1,100,Mean Daily Snow Depth cm,Épaisseur de la neige moyenne quotidienne en cm,7,0
-123.01491666666666,49.29794444444445,N VANCOUVER 2ND NARROWS,1105666,830.73.8,NORM,Y,A,73,1,2013-03-25 19:13:19,,BC,1981,2010,,1981,,2006,26,806,,0,100,Mean Daily Snow Depth cm,Épaisseur de la neige moyenne quotidienne en cm,8,0
-123.01491666666666,49.29794444444445,N VANCOUVER 2ND NARROWS,1105666,830.73.9,NORM,Y,C,73,1,2013-03-25 19:13:19,,BC,1981,2010,,1981,,2006,24,720,,2,100,Mean Daily Snow Depth cm,Épaisseur de la neige moyenne quotidienne en cm,9,0
-123.01491666666666,49.29794444444445,N VANCOUVER 2ND NARROWS,1105666,830.73.10,NORM,Y,A,73,1,2013-03-25 19:13:19,,BC,1981,2010,,1981,,2006,26,804,,0,99.75,Mean Daily Snow Depth cm,Épaisseur de la neige moyenne quotidienne en cm,10,0
-123.01491666666666,49.29794444444445,N VANCOUVER 2ND NARROWS,1105666,830.73.11,NORM,Y,C,73,1,2013-03-25 19:13:19,,BC,1981,2010,,1981,,2005,21,625,,2,80.13,Mean Daily Snow Depth cm,Épaisseur de la neige moyenne quotidienne en cm,11,0
-123.01491666666666,49.29794444444445,N VANCOUVER 2ND NARROWS,1105666,830.73.12,NORM,Y,E,73,1,2013-03-25 19:13:19,,BC,1981,2010,,1982,,2005,14,428,,3,53.1,Mean Daily Snow Depth cm,Épaisseur de la neige moyenne quotidienne en cm,12,0
-123.01491666666666,49.29794444444445,N VANCOUVER 2ND NARROWS,1105666,830.73.13,NORM,Y,E,73,1,2013-03-25 19:13:19,,BC,1981,2010,,1981,,2007,26,8194,,4,87.91,Mean Daily Snow Depth cm,Épaisseur de la neige moyenne quotidienne en cm,13,0
-123.01491666666666,49.29794444444445,N VANCOUVER 2ND NARROWS,1105666,830.74.1,NORM,Y,D,74,1,2013-03-25 19:13:19,,BC,1981,2010,,1981,,2006,17,524,,3,67.61,Median Daily Snow Depth cm,Épaisseur de la neige médiane quotidienne en cm,1,0
-123.01491666666666,49.29794444444445,N VANCOUVER 2ND NARROWS,1105666,830.74.2,NORM,Y,D,74,1,2013-03-25 19:13:19,,BC,1981,2010,,1981,,2007,17,474,,4,67.23,Median Daily Snow Depth cm,Épaisseur de la neige médiane quotidienne en cm,2,0
-123.01491666666666,49.29794444444445,N VANCOUVER 2ND NARROWS,1105666,830.74.3,NORM,Y,C,74,1,2013-03-25 19:13:19,,BC,1981,2010,,1981,,2006,23,704,,1,87.34,Median Daily Snow Depth cm,Épaisseur de la neige médiane quotidienne en cm,3,0
-123.01491666666666,49.29794444444445,N VANCOUVER 2ND NARROWS,1105666,830.74.4,NORM,Y,A,74,1,2013-03-25 19:13:19,,BC,1981,2010,,1981,,2006,25,748,,1,99.73,Median Daily Snow Depth cm,Épaisseur de la neige médiane quotidienne en cm,4,0
-123.01491666666666,49.29794444444445,N VANCOUVER 2ND NARROWS,1105666,830.74.5,NORM,Y,A,74,1,2013-03-25 19:13:19,,BC,1981,2010,,1981,,2006,26,806,,0,100,Median Daily Snow Depth cm,Épaisseur de la neige médiane quotidienne en cm,5,0
-123.01491666666666,49.29794444444445,N VANCOUVER 2ND NARROWS,1105666,830.74.6,NORM,Y,A,74,1,2013-03-25 19:13:19,,BC,1981,2010,,1981,,2006,26,780,,0,100,Median Daily Snow Depth cm,Épaisseur de la neige médiane quotidienne en cm,6,0
-123.01491666666666,49.29794444444445,N VANCOUVER 2ND NARROWS,1105666,830.74.7,NORM,Y,A,74,1,2013-03-25 19:13:19,,BC,1981,2010,,1981,,2006,25,775,,1,100,Median Daily Snow Depth cm,Épaisseur de la neige médiane quotidienne en cm,7,0
-123.01491666666666,49.29794444444445,N VANCOUVER 2ND NARROWS,1105666,830.74.8,NORM,Y,A,74,1,2013-03-25 19:13:19,,BC,1981,2010,,1981,,2006,26,806,,0,100,Median Daily Snow Depth cm,Épaisseur de la neige médiane quotidienne en cm,8,0
-123.01491666666666,49.29794444444445,N VANCOUVER 2ND NARROWS,1105666,830.74.9,NORM,Y,C,74,1,2013-03-25 19:13:19,,BC,1981,2010,,1981,,2006,24,720,,2,100,Median Daily Snow Depth cm,Épaisseur de la neige médiane quotidienne en cm,9,0
-123.01491666666666,49.29794444444445,N VANCOUVER 2ND NARROWS,1105666,830.74.10,NORM,Y,A,74,1,2013-03-25 19:13:19,,BC,1981,2010,,1981,,2006,26,804,,0,99.75,Median Daily Snow Depth cm,Épaisseur de la neige médiane quotidienne en cm,10,0
-123.01491666666666,49.29794444444445,N VANCOUVER 2ND NARROWS,1105666,830.74.11,NORM,Y,C,74,1,2013-03-25 19:13:19,,BC,1981,2010,,1981,,2005,21,625,,2,80.13,Median Daily Snow Depth cm,Épaisseur de la neige médiane quotidienne en cm,11,0
-123.01491666666666,49.29794444444445,N VANCOUVER 2ND NARROWS,1105666,830.74.12,NORM,Y,E,74,1,2013-03-25 19:13:19,,BC,1981,2010,,1982,,2005,14,428,,3,53.1,Median Daily Snow Depth cm,Épaisseur de la neige médiane quotidienne en cm,12,0
-123.01491666666666,49.29794444444445,N VANCOUVER 2ND NARROWS,1105666,830.74.13,NORM,Y,E,74,1,2013-03-25 19:13:19,,BC,1981,2010,,1981,,2007,26,8194,,4,87.91,Median Daily Snow Depth cm,Épaisseur de la neige médiane quotidienne en cm,13,0
-123.01491666666666,49.29794444444445,N VANCOUVER 2ND NARROWS,1105666,830.76.1,NORM,Y,E,76,1,2013-03-25 19:13:19,,BC,1981,2010,,1981,,2006,14,434,,3,56,Days with snow depth GE 1 cm,Jours avec épaisseur de la neige >= 1 cm,1,0
-123.01491666666666,49.29794444444445,N VANCOUVER 2ND NARROWS,1105666,830.76.2,NORM,Y,E,76,1,2013-03-25 19:13:19,,BC,1981,2010,,1981,,2007,14,396,,6,56.17,Days with snow depth GE 1 cm,Jours avec épaisseur de la neige >= 1 cm,2,0
-123.01491666666666,49.29794444444445,N VANCOUVER 2ND NARROWS,1105666,830.76.3,NORM,Y,C,76,1,2013-03-25 19:13:19,,BC,1981,2010,,1981,,2006,20,620,,2,76.92,Days with snow depth GE 1 cm,Jours avec épaisseur de la neige >= 1 cm,3,0
-123.01491666666666,49.29794444444445,N VANCOUVER 2ND NARROWS,1105666,830.76.4,NORM,Y,C,76,1,2013-03-25 19:13:19,,BC,1981,2010,,1982,,2006,24,720,,1,96,Days with snow depth GE 1 cm,Jours avec épaisseur de la neige >= 1 cm,4,0
-123.01491666666666,49.29794444444445,N VANCOUVER 2ND NARROWS,1105666,830.76.5,NORM,Y,A,76,1,2013-03-25 19:13:19,,BC,1981,2010,,1981,,2006,26,806,,0,100,Days with snow depth GE 1 cm,Jours avec épaisseur de la neige >= 1 cm,5,0
-123.01491666666666,49.29794444444445,N VANCOUVER 2ND NARROWS,1105666,830.76.6,NORM,Y,A,76,1,2013-03-25 19:13:19,,BC,1981,2010,,1981,,2006,26,780,,0,100,Days with snow depth GE 1 cm,Jours avec épaisseur de la neige >= 1 cm,6,0
-123.01491666666666,49.29794444444445,N VANCOUVER 2ND NARROWS,1105666,830.76.7,NORM,Y,A,76,1,2013-03-25 19:13:19,,BC,1981,2010,,1981,,2006,25,775,,1,100,Days with snow depth GE 1 cm,Jours avec épaisseur de la neige >= 1 cm,7,0
-123.01491666666666,49.29794444444445,N VANCOUVER 2ND NARROWS,1105666,830.76.8,NORM,Y,A,76,1,2013-03-25 19:13:19,,BC,1981,2010,,1981,,2006,26,806,,0,100,Days with snow depth GE 1 cm,Jours avec épaisseur de la neige >= 1 cm,8,0
-123.01491666666666,49.29794444444445,N VANCOUVER 2ND NARROWS,1105666,830.76.9,NORM,Y,C,76,1,2013-03-25 19:13:19,,BC,1981,2010,,1981,,2006,24,720,,2,100,Days with snow depth GE 1 cm,Jours avec épaisseur de la neige >= 1 cm,9,0
-123.01491666666666,49.29794444444445,N VANCOUVER 2ND NARROWS,1105666,830.76.10,NORM,Y,A,76,1,2013-03-25 19:13:19,,BC,1981,2010,,1981,,2006,25,775,,1,96.15,Days with snow depth GE 1 cm,Jours avec épaisseur de la neige >= 1 cm,10,0
-123.01491666666666,49.29794444444445,N VANCOUVER 2ND NARROWS,1105666,830.76.11,NORM,Y,D,76,1,2013-03-25 19:13:19,,BC,1981,2010,,1981,,2004,18,540,,3,69.23,Days with snow depth GE 1 cm,Jours avec épaisseur de la neige >= 1 cm,11,0
-123.01491666666666,49.29794444444445,N VANCOUVER 2ND NARROWS,1105666,830.76.12,NORM,Y,E,76,1,2013-03-25 19:13:19,,BC,1981,2010,,1982,,2005,10,310,,4,38.46,Days with snow depth GE 1 cm,Jours avec épaisseur de la neige >= 1 cm,12,0
-123.01491666666666,49.29794444444445,N VANCOUVER 2ND NARROWS,1105666,830.76.13,NORM,Y,E,76,1,2013-03-25 19:13:19,,BC,1981,2010,,1981,,2007,26,7682,,6,82.41,Days with snow depth GE 1 cm,Jours avec épaisseur de la neige >= 1 cm,13,0
-123.01491666666666,49.29794444444445,N VANCOUVER 2ND NARROWS,1105666,830.77.1,NORM,Y,E,77,1,2013-03-25 19:13:19,,BC,1981,2010,,1981,,2006,14,434,,3,56,Days with snow depth GE 5 cm,Jours avec épaisseur de la neige >= 5 cm,1,0
-123.01491666666666,49.29794444444445,N VANCOUVER 2ND NARROWS,1105666,830.77.2,NORM,Y,E,77,1,2013-03-25 19:13:19,,BC,1981,2010,,1981,,2007,14,396,,6,56.17,Days with snow depth GE 5 cm,Jours avec épaisseur de la neige >= 5 cm,2,0
-123.01491666666666,49.29794444444445,N VANCOUVER 2ND NARROWS,1105666,830.77.3,NORM,Y,C,77,1,2013-03-25 19:13:19,,BC,1981,2010,,1981,,2006,20,620,,2,76.92,Days with snow depth GE 5 cm,Jours avec épaisseur de la neige >= 5 cm,3,0
-123.01491666666666,49.29794444444445,N VANCOUVER 2ND NARROWS,1105666,830.77.4,NORM,Y,C,77,1,2013-03-25 19:13:19,,BC,1981,2010,,1982,,2006,24,720,,1,96,Days with snow depth GE 5 cm,Jours avec épaisseur de la neige >= 5 cm,4,0
-123.01491666666666,49.29794444444445,N VANCOUVER 2ND NARROWS,1105666,830.77.5,NORM,Y,A,77,1,2013-03-25 19:13:19,,BC,1981,2010,,1981,,2006,26,806,,0,100,Days with snow depth GE 5 cm,Jours avec épaisseur de la neige >= 5 cm,5,0
-123.01491666666666,49.29794444444445,N VANCOUVER 2ND NARROWS,1105666,830.77.6,NORM,Y,A,77,1,2013-03-25 19:13:19,,BC,1981,2010,,1981,,2006,26,780,,0,100,Days with snow depth GE 5 cm,Jours avec épaisseur de la neige >= 5 cm,6,0
-123.01491666666666,49.29794444444445,N VANCOUVER 2ND NARROWS,1105666,830.77.7,NORM,Y,A,77,1,2013-03-25 19:13:19,,BC,1981,2010,,1981,,2006,25,775,,1,100,Days with snow depth GE 5 cm,Jours avec épaisseur de la neige >= 5 cm,7,0
-123.01491666666666,49.29794444444445,N VANCOUVER 2ND NARROWS,1105666,830.77.8,NORM,Y,A,77,1,2013-03-25 19:13:19,,BC,1981,2010,,1981,,2006,26,806,,0,100,Days with snow depth GE 5 cm,Jours avec épaisseur de la neige >= 5 cm,8,0
-123.01491666666666,49.29794444444445,N VANCOUVER 2ND NARROWS,1105666,830.77.9,NORM,Y,C,77,1,2013-03-25 19:13:19,,BC,1981,2010,,1981,,2006,24,720,,2,100,Days with snow depth GE 5 cm,Jours avec épaisseur de la neige >= 5 cm,9,0
-123.01491666666666,49.29794444444445,N VANCOUVER 2ND NARROWS,1105666,830.77.10,NORM,Y,A,77,1,2013-03-25 19:13:19,,BC,1981,2010,,1981,,2006,25,775,,1,96.15,Days with snow depth GE 5 cm,Jours avec épaisseur de la neige >= 5 cm,10,0
-123.01491666666666,49.29794444444445,N VANCOUVER 2ND NARROWS,1105666,830.77.11,NORM,Y,D,77,1,2013-03-25 19:13:19,,BC,1981,2010,,1981,,2004,18,540,,3,69.23,Days with snow depth GE 5 cm,Jours avec épaisseur de la neige >= 5 cm,11,0
-123.01491666666666,49.29794444444445,N VANCOUVER 2ND NARROWS,1105666,830.77.12,NORM,Y,E,77,1,2013-03-25 19:13:19,,BC,1981,2010,,1982,,2005,10,310,,4,38.46,Days with snow depth GE 5 cm,Jours avec épaisseur de la neige >= 5 cm,12,0
-123.01491666666666,49.29794444444445,N VANCOUVER 2ND NARROWS,1105666,830.77.13,NORM,Y,E,77,1,2013-03-25 19:13:19,,BC,1981,2010,,1981,,2007,26,7682,,6,82.41,Days with snow depth GE 5 cm,Jours avec épaisseur de la neige >= 5 cm,13,0
-123.01491666666666,49.29794444444445,N VANCOUVER 2ND NARROWS,1105666,830.78.1,NORM,Y,E,78,1,2013-03-25 19:13:19,,BC,1981,2010,,1981,,2006,14,434,,3,56,Days with snow depth GE 10 cm,Jours avec épaisseur de la neige >= 10 cm,1,0
-123.01491666666666,49.29794444444445,N VANCOUVER 2ND NARROWS,1105666,830.78.2,NORM,Y,E,78,1,2013-03-25 19:13:19,,BC,1981,2010,,1981,,2007,14,396,,6,56.17,Days with snow depth GE 10 cm,Jours avec épaisseur de la neige >= 10 cm,2,0
-123.01491666666666,49.29794444444445,N VANCOUVER 2ND NARROWS,1105666,830.78.3,NORM,Y,C,78,1,2013-03-25 19:13:19,,BC,1981,2010,,1981,,2006,20,620,,2,76.92,Days with snow depth GE 10 cm,Jours avec épaisseur de la neige >= 10 cm,3,0
-123.01491666666666,49.29794444444445,N VANCOUVER 2ND NARROWS,1105666,830.78.4,NORM,Y,C,78,1,2013-03-25 19:13:19,,BC,1981,2010,,1982,,2006,24,720,,1,96,Days with snow depth GE 10 cm,Jours avec épaisseur de la neige >= 10 cm,4,0
-123.01491666666666,49.29794444444445,N VANCOUVER 2ND NARROWS,1105666,830.78.5,NORM,Y,A,78,1,2013-03-25 19:13:19,,BC,1981,2010,,1981,,2006,26,806,,0,100,Days with snow depth GE 10 cm,Jours avec épaisseur de la neige >= 10 cm,5,0
-123.01491666666666,49.29794444444445,N VANCOUVER 2ND NARROWS,1105666,830.78.6,NORM,Y,A,78,1,2013-03-25 19:13:19,,BC,1981,2010,,1981,,2006,26,780,,0,100,Days with snow depth GE 10 cm,Jours avec épaisseur de la neige >= 10 cm,6,0
-123.01491666666666,49.29794444444445,N VANCOUVER 2ND NARROWS,1105666,830.78.7,NORM,Y,A,78,1,2013-03-25 19:13:19,,BC,1981,2010,,1981,,2006,25,775,,1,100,Days with snow depth GE 10 cm,Jours avec épaisseur de la neige >= 10 cm,7,0
-123.01491666666666,49.29794444444445,N VANCOUVER 2ND NARROWS,1105666,830.78.8,NORM,Y,A,78,1,2013-03-25 19:13:19,,BC,1981,2010,,1981,,2006,26,806,,0,100,Days with snow depth GE 10 cm,Jours avec épaisseur de la neige >= 10 cm,8,0
-123.01491666666666,49.29794444444445,N VANCOUVER 2ND NARROWS,1105666,830.78.9,NORM,Y,C,78,1,2013-03-25 19:13:19,,BC,1981,2010,,1981,,2006,24,720,,2,100,Days with snow depth GE 10 cm,Jours avec épaisseur de la neige >= 10 cm,9,0
-123.01491666666666,49.29794444444445,N VANCOUVER 2ND NARROWS,1105666,830.78.10,NORM,Y,A,78,1,2013-03-25 19:13:19,,BC,1981,2010,,1981,,2006,25,775,,1,96.15,Days with snow depth GE 10 cm,Jours avec épaisseur de la neige >= 10 cm,10,0
-123.01491666666666,49.29794444444445,N VANCOUVER 2ND NARROWS,1105666,830.78.11,NORM,Y,D,78,1,2013-03-25 19:13:19,,BC,1981,2010,,1981,,2004,18,540,,3,69.23,Days with snow depth GE 10 cm,Jours avec épaisseur de la neige >= 10 cm,11,0
-123.01491666666666,49.29794444444445,N VANCOUVER 2ND NARROWS,1105666,830.78.12,NORM,Y,E,78,1,2013-03-25 19:13:19,,BC,1981,2010,,1982,,2005,10,310,,4,38.46,Days with snow depth GE 10 cm,Jours avec épaisseur de la neige >= 10 cm,12,0
-123.01491666666666,49.29794444444445,N VANCOUVER 2ND NARROWS,1105666,830.78.13,NORM,Y,E,78,1,2013-03-25 19:13:19,,BC,1981,2010,,1981,,2007,26,7682,,6,82.41,Days with snow depth GE 10 cm,Jours avec épaisseur de la neige >= 10 cm,13,0
-123.01491666666666,49.29794444444445,N VANCOUVER 2ND NARROWS,1105666,830.79.1,NORM,Y,E,79,1,2013-03-25 19:13:19,,BC,1981,2010,,1981,,2006,14,434,,3,56,Days with snow depth GE 20 cm,Jours avec épaisseur de la neige >= 20 cm,1,0
-123.01491666666666,49.29794444444445,N VANCOUVER 2ND NARROWS,1105666,830.79.2,NORM,Y,E,79,1,2013-03-25 19:13:19,,BC,1981,2010,,1981,,2007,14,396,,6,56.17,Days with snow depth GE 20 cm,Jours avec épaisseur de la neige >= 20 cm,2,0
-123.01491666666666,49.29794444444445,N VANCOUVER 2ND NARROWS,1105666,830.79.3,NORM,Y,C,79,1,2013-03-25 19:13:19,,BC,1981,2010,,1981,,2006,20,620,,2,76.92,Days with snow depth GE 20 cm,Jours avec épaisseur de la neige >= 20 cm,3,0
-123.01491666666666,49.29794444444445,N VANCOUVER 2ND NARROWS,1105666,830.79.4,NORM,Y,C,79,1,2013-03-25 19:13:19,,BC,1981,2010,,1982,,2006,24,720,,1,96,Days with snow depth GE 20 cm,Jours avec épaisseur de la neige >= 20 cm,4,0
-123.01491666666666,49.29794444444445,N VANCOUVER 2ND NARROWS,1105666,830.79.5,NORM,Y,A,79,1,2013-03-25 19:13:19,,BC,1981,2010,,1981,,2006,26,806,,0,100,Days with snow depth GE 20 cm,Jours avec épaisseur de la neige >= 20 cm,5,0
-123.01491666666666,49.29794444444445,N VANCOUVER 2ND NARROWS,1105666,830.79.6,NORM,Y,A,79,1,2013-03-25 19:13:19,,BC,1981,2010,,1981,,2006,26,780,,0,100,Days with snow depth GE 20 cm,Jours avec épaisseur de la neige >= 20 cm,6,0
-123.01491666666666,49.29794444444445,N VANCOUVER 2ND NARROWS,1105666,830.79.7,NORM,Y,A,79,1,2013-03-25 19:13:19,,BC,1981,2010,,1981,,2006,25,775,,1,100,Days with snow depth GE 20 cm,Jours avec épaisseur de la neige >= 20 cm,7,0
-123.01491666666666,49.29794444444445,N VANCOUVER 2ND NARROWS,1105666,830.79.8,NORM,Y,A,79,1,2013-03-25 19:13:19,,BC,1981,2010,,1981,,2006,26,806,,0,100,Days with snow depth GE 20 cm,Jours avec épaisseur de la neige >= 20 cm,8,0
-123.01491666666666,49.29794444444445,N VANCOUVER 2ND NARROWS,1105666,830.79.9,NORM,Y,C,79,1,2013-03-25 19:13:19,,BC,1981,2010,,1981,,2006,24,720,,2,100,Days with snow depth GE 20 cm,Jours avec épaisseur de la neige >= 20 cm,9,0
-123.01491666666666,49.29794444444445,N VANCOUVER 2ND NARROWS,1105666,830.79.10,NORM,Y,A,79,1,2013-03-25 19:13:19,,BC,1981,2010,,1981,,2006,25,775,,1,96.15,Days with snow depth GE 20 cm,Jours avec épaisseur de la neige >= 20 cm,10,0
-123.01491666666666,49.29794444444445,N VANCOUVER 2ND NARROWS,1105666,830.79.11,NORM,Y,D,79,1,2013-03-25 19:13:19,,BC,1981,2010,,1981,,2004,18,540,,3,69.23,Days with snow depth GE 20 cm,Jours avec épaisseur de la neige >= 20 cm,11,0
-123.01491666666666,49.29794444444445,N VANCOUVER 2ND NARROWS,1105666,830.79.12,NORM,Y,E,79,1,2013-03-25 19:13:19,,BC,1981,2010,,1982,,2005,10,310,,4,38.46,Days with snow depth GE 20 cm,Jours avec épaisseur de la neige >= 20 cm,12,0
-123.01491666666666,49.29794444444445,N VANCOUVER 2ND NARROWS,1105666,830.79.13,NORM,Y,E,79,1,2013-03-25 19:13:19,,BC,1981,2010,,1981,,2007,26,7682,,6,82.41,Days with snow depth GE 20 cm,Jours avec épaisseur de la neige >= 20 cm,13,0
-123.01491666666666,49.29794444444445,N VANCOUVER 2ND NARROWS,1105666,830.80.1,NORM,Y,E,80,1,2013-03-25 19:13:19,,BC,1981,2010,,1981,,2006,14,434,,3,56,Days with snow depth GE 50 cm,Jours avec épaisseur de la neige >=50 cm,1,0
-123.01491666666666,49.29794444444445,N VANCOUVER 2ND NARROWS,1105666,830.80.2,NORM,Y,E,80,1,2013-03-25 19:13:19,,BC,1981,2010,,1981,,2007,14,396,,6,56.17,Days with snow depth GE 50 cm,Jours avec épaisseur de la neige >=50 cm,2,0
-123.01491666666666,49.29794444444445,N VANCOUVER 2ND NARROWS,1105666,830.80.3,NORM,Y,C,80,1,2013-03-25 19:13:19,,BC,1981,2010,,1981,,2006,20,620,,2,76.92,Days with snow depth GE 50 cm,Jours avec épaisseur de la neige >=50 cm,3,0
-123.01491666666666,49.29794444444445,N VANCOUVER 2ND NARROWS,1105666,830.80.4,NORM,Y,C,80,1,2013-03-25 19:13:19,,BC,1981,2010,,1982,,2006,24,720,,1,96,Days with snow depth GE 50 cm,Jours avec épaisseur de la neige >=50 cm,4,0
-123.01491666666666,49.29794444444445,N VANCOUVER 2ND NARROWS,1105666,830.80.5,NORM,Y,A,80,1,2013-03-25 19:13:19,,BC,1981,2010,,1981,,2006,26,806,,0,100,Days with snow depth GE 50 cm,Jours avec épaisseur de la neige >=50 cm,5,0
-123.01491666666666,49.29794444444445,N VANCOUVER 2ND NARROWS,1105666,830.80.6,NORM,Y,A,80,1,2013-03-25 19:13:19,,BC,1981,2010,,1981,,2006,26,780,,0,100,Days with snow depth GE 50 cm,Jours avec épaisseur de la neige >=50 cm,6,0
-123.01491666666666,49.29794444444445,N VANCOUVER 2ND NARROWS,1105666,830.80.7,NORM,Y,A,80,1,2013-03-25 19:13:19,,BC,1981,2010,,1981,,2006,25,775,,1,100,Days with snow depth GE 50 cm,Jours avec épaisseur de la neige >=50 cm,7,0
-123.01491666666666,49.29794444444445,N VANCOUVER 2ND NARROWS,1105666,830.80.8,NORM,Y,A,80,1,2013-03-25 19:13:19,,BC,1981,2010,,1981,,2006,26,806,,0,100,Days with snow depth GE 50 cm,Jours avec épaisseur de la neige >=50 cm,8,0
-123.01491666666666,49.29794444444445,N VANCOUVER 2ND NARROWS,1105666,830.80.9,NORM,Y,C,80,1,2013-03-25 19:13:19,,BC,1981,2010,,1981,,2006,24,720,,2,100,Days with snow depth GE 50 cm,Jours avec épaisseur de la neige >=50 cm,9,0
-123.01491666666666,49.29794444444445,N VANCOUVER 2ND NARROWS,1105666,830.80.10,NORM,Y,A,80,1,2013-03-25 19:13:19,,BC,1981,2010,,1981,,2006,25,775,,1,96.15,Days with snow depth GE 50 cm,Jours avec épaisseur de la neige >=50 cm,10,0
-123.01491666666666,49.29794444444445,N VANCOUVER 2ND NARROWS,1105666,830.80.11,NORM,Y,D,80,1,2013-03-25 19:13:19,,BC,1981,2010,,1981,,2004,18,540,,3,69.23,Days with snow depth GE 50 cm,Jours avec épaisseur de la neige >=50 cm,11,0
-123.01491666666666,49.29794444444445,N VANCOUVER 2ND NARROWS,1105666,830.80.12,NORM,Y,E,80,1,2013-03-25 19:13:19,,BC,1981,2010,,1982,,2005,10,310,,4,38.46,Days with snow depth GE 50 cm,Jours avec épaisseur de la neige >=50 cm,12,0
-123.01491666666666,49.29794444444445,N VANCOUVER 2ND NARROWS,1105666,830.80.13,NORM,Y,E,80,1,2013-03-25 19:13:19,,BC,1981,2010,,1981,,2007,26,7682,,6,82.41,Days with snow depth GE 50 cm,Jours avec épaisseur de la neige >=50 cm,13,0
-123.01491666666666,49.29794444444445,N VANCOUVER 2ND NARROWS,1105666,830.81.1,NORM,Y,E,81,1,2013-03-25 19:13:19,,BC,1981,2010,,1981,,2006,14,434,,3,56,Days with snow depth GE 100 cm,Jours avec épaisseur de la neige >= 100 cm,1,0
-123.01491666666666,49.29794444444445,N VANCOUVER 2ND NARROWS,1105666,830.81.2,NORM,Y,E,81,1,2013-03-25 19:13:19,,BC,1981,2010,,1981,,2007,14,396,,6,56.17,Days with snow depth GE 100 cm,Jours avec épaisseur de la neige >= 100 cm,2,0
-123.01491666666666,49.29794444444445,N VANCOUVER 2ND NARROWS,1105666,830.81.3,NORM,Y,C,81,1,2013-03-25 19:13:19,,BC,1981,2010,,1981,,2006,20,620,,2,76.92,Days with snow depth GE 100 cm,Jours avec épaisseur de la neige >= 100 cm,3,0
-123.01491666666666,49.29794444444445,N VANCOUVER 2ND NARROWS,1105666,830.81.4,NORM,Y,C,81,1,2013-03-25 19:13:19,,BC,1981,2010,,1982,,2006,24,720,,1,96,Days with snow depth GE 100 cm,Jours avec épaisseur de la neige >= 100 cm,4,0
-123.01491666666666,49.29794444444445,N VANCOUVER 2ND NARROWS,1105666,830.81.5,NORM,Y,A,81,1,2013-03-25 19:13:19,,BC,1981,2010,,1981,,2006,26,806,,0,100,Days with snow depth GE 100 cm,Jours avec épaisseur de la neige >= 100 cm,5,0
-123.01491666666666,49.29794444444445,N VANCOUVER 2ND NARROWS,1105666,830.81.6,NORM,Y,A,81,1,2013-03-25 19:13:19,,BC,1981,2010,,1981,,2006,26,780,,0,100,Days with snow depth GE 100 cm,Jours avec épaisseur de la neige >= 100 cm,6,0
-123.01491666666666,49.29794444444445,N VANCOUVER 2ND NARROWS,1105666,830.81.7,NORM,Y,A,81,1,2013-03-25 19:13:19,,BC,1981,2010,,1981,,2006,25,775,,1,100,Days with snow depth GE 100 cm,Jours avec épaisseur de la neige >= 100 cm,7,0
-123.01491666666666,49.29794444444445,N VANCOUVER 2ND NARROWS,1105666,830.81.8,NORM,Y,A,81,1,2013-03-25 19:13:19,,BC,1981,2010,,1981,,2006,26,806,,0,100,Days with snow depth GE 100 cm,Jours avec épaisseur de la neige >= 100 cm,8,0
-123.01491666666666,49.29794444444445,N VANCOUVER 2ND NARROWS,1105666,830.81.9,NORM,Y,C,81,1,2013-03-25 19:13:19,,BC,1981,2010,,1981,,2006,24,720,,2,100,Days with snow depth GE 100 cm,Jours avec épaisseur de la neige >= 100 cm,9,0
-123.01491666666666,49.29794444444445,N VANCOUVER 2ND NARROWS,1105666,830.81.10,NORM,Y,A,81,1,2013-03-25 19:13:19,,BC,1981,2010,,1981,,2006,25,775,,1,96.15,Days with snow depth GE 100 cm,Jours avec épaisseur de la neige >= 100 cm,10,0
-123.01491666666666,49.29794444444445,N VANCOUVER 2ND NARROWS,1105666,830.81.11,NORM,Y,D,81,1,2013-03-25 19:13:19,,BC,1981,2010,,1981,,2004,18,540,,3,69.23,Days with snow depth GE 100 cm,Jours avec épaisseur de la neige >= 100 cm,11,0
-123.01491666666666,49.29794444444445,N VANCOUVER 2ND NARROWS,1105666,830.81.12,NORM,Y,E,81,1,2013-03-25 19:13:19,,BC,1981,2010,,1982,,2005,10,310,,4,38.46,Days with snow depth GE 100 cm,Jours avec épaisseur de la neige >= 100 cm,12,0
-123.01491666666666,49.29794444444445,N VANCOUVER 2ND NARROWS,1105666,830.81.13,NORM,Y,E,81,1,2013-03-25 19:13:19,,BC,1981,2010,,1981,,2007,26,7682,,6,82.41,Days with snow depth GE 100 cm,Jours avec épaisseur de la neige >= 100 cm,13,0
-123.01491666666666,49.29794444444445,N VANCOUVER 2ND NARROWS,1105666,830.82.1,NORM,Y,C,82,1,2013-03-25 19:13:19,,BC,1981,2010,,1981,,2007,24,24,,1,96,Mean month end snow depth cm,Épaisseur de la neige moyenne à la fin d'un mois en cm,1,0
-123.01491666666666,49.29794444444445,N VANCOUVER 2ND NARROWS,1105666,830.82.2,NORM,Y,C,82,1,2013-03-25 19:13:19,,BC,1981,2010,,1981,,2007,24,24,,3,96,Mean month end snow depth cm,Épaisseur de la neige moyenne à la fin d'un mois en cm,2,0
-123.01491666666666,49.29794444444445,N VANCOUVER 2ND NARROWS,1105666,830.82.3,NORM,Y,A,82,1,2013-03-25 19:13:19,,BC,1981,2010,,1981,,2006,26,26,,0,100,Mean month end snow depth cm,Épaisseur de la neige moyenne à la fin d'un mois en cm,3,0
-123.01491666666666,49.29794444444445,N VANCOUVER 2ND NARROWS,1105666,830.82.4,NORM,Y,A,82,1,2013-03-25 19:13:19,,BC,1981,2010,,1981,,2006,25,25,,1,100,Mean month end snow depth cm,Épaisseur de la neige moyenne à la fin d'un mois en cm,4,0
-123.01491666666666,49.29794444444445,N VANCOUVER 2ND NARROWS,1105666,830.82.5,NORM,Y,A,82,1,2013-03-25 19:13:19,,BC,1981,2010,,1981,,2006,26,26,,0,100,Mean month end snow depth cm,Épaisseur de la neige moyenne à la fin d'un mois en cm,5,0
-123.01491666666666,49.29794444444445,N VANCOUVER 2ND NARROWS,1105666,830.82.6,NORM,Y,A,82,1,2013-03-25 19:13:19,,BC,1981,2010,,1981,,2006,26,26,,0,100,Mean month end snow depth cm,Épaisseur de la neige moyenne à la fin d'un mois en cm,6,0
-123.01491666666666,49.29794444444445,N VANCOUVER 2ND NARROWS,1105666,830.82.7,NORM,Y,A,82,1,2013-03-25 19:13:19,,BC,1981,2010,,1981,,2006,25,25,,1,100,Mean month end snow depth cm,Épaisseur de la neige moyenne à la fin d'un mois en cm,7,0
-123.01491666666666,49.29794444444445,N VANCOUVER 2ND NARROWS,1105666,830.82.8,NORM,Y,A,82,1,2013-03-25 19:13:19,,BC,1981,2010,,1981,,2006,26,26,,0,100,Mean month end snow depth cm,Épaisseur de la neige moyenne à la fin d'un mois en cm,8,0
-123.01491666666666,49.29794444444445,N VANCOUVER 2ND NARROWS,1105666,830.82.9,NORM,Y,C,82,1,2013-03-25 19:13:19,,BC,1981,2010,,1981,,2006,24,24,,2,100,Mean month end snow depth cm,Épaisseur de la neige moyenne à la fin d'un mois en cm,9,0
-123.01491666666666,49.29794444444445,N VANCOUVER 2ND NARROWS,1105666,830.82.10,NORM,Y,A,82,1,2013-03-25 19:13:19,,BC,1981,2010,,1981,,2006,26,26,,0,100,Mean month end snow depth cm,Épaisseur de la neige moyenne à la fin d'un mois en cm,10,0
-123.01491666666666,49.29794444444445,N VANCOUVER 2ND NARROWS,1105666,830.82.11,NORM,Y,C,82,1,2013-03-25 19:13:19,,BC,1981,2010,,1981,,2004,22,22,,2,84.62,Mean month end snow depth cm,Épaisseur de la neige moyenne à la fin d'un mois en cm,11,0
-123.01491666666666,49.29794444444445,N VANCOUVER 2ND NARROWS,1105666,830.82.12,NORM,Y,C,82,1,2013-03-25 19:13:19,,BC,1981,2010,,1982,,2006,20,20,,1,76.92,Mean month end snow depth cm,Épaisseur de la neige moyenne à la fin d'un mois en cm,12,0
-123.01491666666666,49.29794444444445,N VANCOUVER 2ND NARROWS,1105666,830.82.13,NORM,Y,C,82,1,2013-03-25 19:13:19,,BC,1981,2010,,1981,,2007,26,294,,3,96.13,Mean month end snow depth cm,Épaisseur de la neige moyenne à la fin d'un mois en cm,13,0
-123.01491666666666,49.29794444444445,N VANCOUVER 2ND NARROWS,1105666,830.83.1,NORM,Y,E,83,1,2013-03-25 19:13:19,,BC,1981,2010,,1981,,1994,14,434,,0,100,Days with freezing rain or freezing drizzle,Jours avec pluie verglaçante ou bruine verglaçante,1,0
-123.01491666666666,49.29794444444445,N VANCOUVER 2ND NARROWS,1105666,830.83.2,NORM,Y,E,83,1,2013-03-25 19:13:19,,BC,1981,2010,,1981,,1994,13,367,,1,100,Days with freezing rain or freezing drizzle,Jours avec pluie verglaçante ou bruine verglaçante,2,0
-123.01491666666666,49.29794444444445,N VANCOUVER 2ND NARROWS,1105666,830.83.3,NORM,Y,E,83,1,2013-03-25 19:13:19,,BC,1981,2010,,1981,,1994,14,434,,0,100,Days with freezing rain or freezing drizzle,Jours avec pluie verglaçante ou bruine verglaçante,3,0
-123.01491666666666,49.29794444444445,N VANCOUVER 2ND NARROWS,1105666,830.83.4,NORM,Y,E,83,1,2013-03-25 19:13:19,,BC,1981,2010,,1981,,1994,14,420,,0,100,Days with freezing rain or freezing drizzle,Jours avec pluie verglaçante ou bruine verglaçante,4,0
-123.01491666666666,49.29794444444445,N VANCOUVER 2ND NARROWS,1105666,830.83.5,NORM,Y,E,83,1,2013-03-25 19:13:19,,BC,1981,2010,,1981,,1994,14,434,,0,100,Days with freezing rain or freezing drizzle,Jours avec pluie verglaçante ou bruine verglaçante,5,0
-123.01491666666666,49.29794444444445,N VANCOUVER 2ND NARROWS,1105666,830.83.6,NORM,Y,E,83,1,2013-03-25 19:13:19,,BC,1981,2010,,1981,,1994,14,420,,0,100,Days with freezing rain or freezing drizzle,Jours avec pluie verglaçante ou bruine verglaçante,6,0
-123.01491666666666,49.29794444444445,N VANCOUVER 2ND NARROWS,1105666,830.83.7,NORM,Y,E,83,1,2013-03-25 19:13:19,,BC,1981,2010,,1981,,1994,14,434,,0,100,Days with freezing rain or freezing drizzle,Jours avec pluie verglaçante ou bruine verglaçante,7,0
-123.01491666666666,49.29794444444445,N VANCOUVER 2ND NARROWS,1105666,830.83.8,NORM,Y,E,83,1,2013-03-25 19:13:19,,BC,1981,2010,,1981,,1993,13,403,,0,100,Days with freezing rain or freezing drizzle,Jours avec pluie verglaçante ou bruine verglaçante,8,0
-123.01491666666666,49.29794444444445,N VANCOUVER 2ND NARROWS,1105666,830.83.9,NORM,Y,E,83,1,2013-03-25 19:13:19,,BC,1981,2010,,1981,,1991,11,330,,0,100,Days with freezing rain or freezing drizzle,Jours avec pluie verglaçante ou bruine verglaçante,9,0
-123.01491666666666,49.29794444444445,N VANCOUVER 2ND NARROWS,1105666,830.83.10,NORM,Y,E,83,1,2013-03-25 19:13:19,,BC,1981,2010,,1981,,1993,13,403,,0,92.86,Days with freezing rain or freezing drizzle,Jours avec pluie verglaçante ou bruine verglaçante,10,0
-123.01491666666666,49.29794444444445,N VANCOUVER 2ND NARROWS,1105666,830.83.11,NORM,Y,E,83,1,2013-03-25 19:13:19,,BC,1981,2010,,1981,,1993,13,390,,0,100,Days with freezing rain or freezing drizzle,Jours avec pluie verglaçante ou bruine verglaçante,11,0
-123.01491666666666,49.29794444444445,N VANCOUVER 2ND NARROWS,1105666,830.83.12,NORM,Y,E,83,1,2013-03-25 19:13:19,,BC,1981,2010,,1981,,1993,13,403,,0,100,Days with freezing rain or freezing drizzle,Jours avec pluie verglaçante ou bruine verglaçante,12,0.08
-123.01491666666666,49.29794444444445,N VANCOUVER 2ND NARROWS,1105666,830.83.13,NORM,Y,E,83,1,2013-03-25 19:13:19,,BC,1981,2010,,1981,,1994,14,4872,,1,99.41,Days with freezing rain or freezing drizzle,Jours avec pluie verglaçante ou bruine verglaçante,13,0.08
-123.01491666666666,49.29794444444445,N VANCOUVER 2ND NARROWS,1105666,830.84.1,NORM,Y,E,84,1,2013-03-25 19:13:19,,BC,1981,2010,,1981,,1994,14,434,,0,100,Days with thunderstorms,Jours avec orages,1,0
-123.01491666666666,49.29794444444445,N VANCOUVER 2ND NARROWS,1105666,830.84.2,NORM,Y,E,84,1,2013-03-25 19:13:19,,BC,1981,2010,,1981,,1994,13,367,,1,100,Days with thunderstorms,Jours avec orages,2,0.08
-123.01491666666666,49.29794444444445,N VANCOUVER 2ND NARROWS,1105666,830.84.3,NORM,Y,E,84,1,2013-03-25 19:13:19,,BC,1981,2010,,1981,,1994,14,434,,0,100,Days with thunderstorms,Jours avec orages,3,0.07
-123.01491666666666,49.29794444444445,N VANCOUVER 2ND NARROWS,1105666,830.84.4,NORM,Y,E,84,1,2013-03-25 19:13:19,,BC,1981,2010,,1981,,1994,14,420,,0,100,Days with thunderstorms,Jours avec orages,4,0
-123.01491666666666,49.29794444444445,N VANCOUVER 2ND NARROWS,1105666,830.84.5,NORM,Y,E,84,1,2013-03-25 19:13:19,,BC,1981,2010,,1981,,1994,14,434,,0,93.33,Days with thunderstorms,Jours avec orages,5,0.14
-123.01491666666666,49.29794444444445,N VANCOUVER 2ND NARROWS,1105666,830.84.6,NORM,Y,E,84,1,2013-03-25 19:13:19,,BC,1981,2010,,1981,,1994,14,420,,0,93.33,Days with thunderstorms,Jours avec orages,6,0
-123.01491666666666,49.29794444444445,N VANCOUVER 2ND NARROWS,1105666,830.84.7,NORM,Y,E,84,1,2013-03-25 19:13:19,,BC,1981,2010,,1981,,1994,14,434,,0,93.33,Days with thunderstorms,Jours avec orages,7,0.36
-123.01491666666666,49.29794444444445,N VANCOUVER 2ND NARROWS,1105666,830.84.8,NORM,Y,E,84,1,2013-03-25 19:13:19,,BC,1981,2010,,1981,,1993,13,403,,0,86.67,Days with thunderstorms,Jours avec orages,8,0.31
-123.01491666666666,49.29794444444445,N VANCOUVER 2ND NARROWS,1105666,830.84.9,NORM,Y,E,84,1,2013-03-25 19:13:19,,BC,1981,2010,,1981,,1991,11,330,,0,100,Days with thunderstorms,Jours avec orages,9,0.09
-123.01491666666666,49.29794444444445,N VANCOUVER 2ND NARROWS,1105666,830.84.10,NORM,Y,E,84,1,2013-03-25 19:13:19,,BC,1981,2010,,1981,,1993,13,403,,0,100,Days with thunderstorms,Jours avec orages,10,0
-123.01491666666666,49.29794444444445,N VANCOUVER 2ND NARROWS,1105666,830.84.11,NORM,Y,E,84,1,2013-03-25 19:13:19,,BC,1981,2010,,1981,,1993,13,390,,0,92.86,Days with thunderstorms,Jours avec orages,11,0
-123.01491666666666,49.29794444444445,N VANCOUVER 2ND NARROWS,1105666,830.84.12,NORM,Y,E,84,1,2013-03-25 19:13:19,,BC,1981,2010,,1981,,1993,13,403,,0,100,Days with thunderstorms,Jours avec orages,12,0
-123.01491666666666,49.29794444444445,N VANCOUVER 2ND NARROWS,1105666,830.84.13,NORM,Y,E,84,1,2013-03-25 19:13:19,,BC,1981,2010,,1981,,1994,14,4872,,1,96.63,Days with thunderstorms,Jours avec orages,13,1.05
-123.01491666666666,49.29794444444445,N VANCOUVER 2ND NARROWS,1105666,830.85.1,NORM,Y,E,85,1,2013-03-25 19:13:19,,BC,1981,2010,,1981,,1994,14,434,,0,100,Days with hail,Jours avec grêle,1,0.07
-123.01491666666666,49.29794444444445,N VANCOUVER 2ND NARROWS,1105666,830.85.2,NORM,Y,E,85,1,2013-03-25 19:13:19,,BC,1981,2010,,1981,,1994,13,367,,1,100,Days with hail,Jours avec grêle,2,0
-123.01491666666666,49.29794444444445,N VANCOUVER 2ND NARROWS,1105666,830.85.3,NORM,Y,E,85,1,2013-03-25 19:13:19,,BC,1981,2010,,1981,,1994,14,434,,0,100,Days with hail,Jours avec grêle,3,0.07
-123.01491666666666,49.29794444444445,N VANCOUVER 2ND NARROWS,1105666,830.85.4,NORM,Y,E,85,1,2013-03-25 19:13:19,,BC,1981,2010,,1981,,1994,14,420,,0,100,Days with hail,Jours avec grêle,4,0
-123.01491666666666,49.29794444444445,N VANCOUVER 2ND NARROWS,1105666,830.85.5,NORM,Y,E,85,1,2013-03-25 19:13:19,,BC,1981,2010,,1981,,1994,14,434,,0,100,Days with hail,Jours avec grêle,5,0
-123.01491666666666,49.29794444444445,N VANCOUVER 2ND NARROWS,1105666,830.85.6,NORM,Y,E,85,1,2013-03-25 19:13:19,,BC,1981,2010,,1981,,1994,14,420,,0,100,Days with hail,Jours avec grêle,6,0
-123.01491666666666,49.29794444444445,N VANCOUVER 2ND NARROWS,1105666,830.85.7,NORM,Y,E,85,1,2013-03-25 19:13:19,,BC,1981,2010,,1981,,1994,14,434,,0,100,Days with hail,Jours avec grêle,7,0
-123.01491666666666,49.29794444444445,N VANCOUVER 2ND NARROWS,1105666,830.85.8,NORM,Y,E,85,1,2013-03-25 19:13:19,,BC,1981,2010,,1981,,1993,13,403,,0,100,Days with hail,Jours avec grêle,8,0
-123.01491666666666,49.29794444444445,N VANCOUVER 2ND NARROWS,1105666,830.85.9,NORM,Y,E,85,1,2013-03-25 19:13:19,,BC,1981,2010,,1981,,1991,11,330,,0,100,Days with hail,Jours avec grêle,9,0
-123.01491666666666,49.29794444444445,N VANCOUVER 2ND NARROWS,1105666,830.85.10,NORM,Y,E,85,1,2013-03-25 19:13:19,,BC,1981,2010,,1981,,1993,13,403,,0,100,Days with hail,Jours avec grêle,10,0
-123.01491666666666,49.29794444444445,N VANCOUVER 2ND NARROWS,1105666,830.85.11,NORM,Y,E,85,1,2013-03-25 19:13:19,,BC,1981,2010,,1981,,1993,13,390,,0,100,Days with hail,Jours avec grêle,11,0
-123.01491666666666,49.29794444444445,N VANCOUVER 2ND NARROWS,1105666,830.85.12,NORM,Y,E,85,1,2013-03-25 19:13:19,,BC,1981,2010,,1981,,1993,13,403,,0,100,Days with hail,Jours avec grêle,12,0
-123.01491666666666,49.29794444444445,N VANCOUVER 2ND NARROWS,1105666,830.85.13,NORM,Y,E,85,1,2013-03-25 19:13:19,,BC,1981,2010,,1981,,1994,14,4872,,1,100,Days with hail,Jours avec grêle,13,0.14
-123.11527777777778,49.31478333333333,N VANCOUVER WHARVES,1105669,833.52.1,NORM,Y,A,52,1,2013-03-25 19:13:19,,BC,1981,2010,,1981,,2007,26,806,,1,100,Total rainfall mm,Quantité totale de pluie en mm,1,240.48
-123.11527777777778,49.31478333333333,N VANCOUVER WHARVES,1105669,833.52.2,NORM,Y,A,52,1,2013-03-25 19:13:19,,BC,1981,2010,,1981,,2007,25,706,,2,96.19,Total rainfall mm,Quantité totale de pluie en mm,2,137.39
-123.11527777777778,49.31478333333333,N VANCOUVER WHARVES,1105669,833.52.3,NORM,Y,A,52,1,2013-03-25 19:13:19,,BC,1981,2010,,1981,,2006,25,775,,1,100,Total rainfall mm,Quantité totale de pluie en mm,3,161.34
-123.11527777777778,49.31478333333333,N VANCOUVER WHARVES,1105669,833.52.4,NORM,Y,A,52,1,2013-03-25 19:13:19,,BC,1981,2010,,1981,,2006,25,750,,1,100,Total rainfall mm,Quantité totale de pluie en mm,4,127.66
-123.11527777777778,49.31478333333333,N VANCOUVER WHARVES,1105669,833.52.5,NORM,Y,A,52,1,2013-03-25 19:13:19,,BC,1981,2010,,1981,,2006,25,775,,1,100,Total rainfall mm,Quantité totale de pluie en mm,5,100.72
-123.11527777777778,49.31478333333333,N VANCOUVER WHARVES,1105669,833.52.6,NORM,Y,C,52,1,2013-03-25 19:13:19,,BC,1981,2010,,1981,,2006,24,720,,2,96,Total rainfall mm,Quantité totale de pluie en mm,6,83.15
-123.11527777777778,49.31478333333333,N VANCOUVER WHARVES,1105669,833.52.7,NORM,Y,C,52,1,2013-03-25 19:13:19,,BC,1981,2010,,1981,,2006,23,713,,2,100,Total rainfall mm,Quantité totale de pluie en mm,7,47.25
-123.11527777777778,49.31478333333333,N VANCOUVER WHARVES,1105669,833.52.8,NORM,Y,C,52,1,2013-03-25 19:13:19,,BC,1981,2010,,1981,,2006,24,744,,2,100,Total rainfall mm,Quantité totale de pluie en mm,8,50.7
-123.11527777777778,49.31478333333333,N VANCOUVER WHARVES,1105669,833.52.9,NORM,Y,C,52,1,2013-03-25 19:13:19,,BC,1981,2010,,1981,,2006,24,720,,1,100,Total rainfall mm,Quantité totale de pluie en mm,9,73.54
-123.11527777777778,49.31478333333333,N VANCOUVER WHARVES,1105669,833.52.10,NORM,Y,C,52,1,2013-03-25 19:13:19,,BC,1981,2010,,1981,,2006,24,744,,2,100,Total rainfall mm,Quantité totale de pluie en mm,10,179.78
-123.11527777777778,49.31478333333333,N VANCOUVER WHARVES,1105669,833.52.11,NORM,Y,C,52,1,2013-03-25 19:13:19,,BC,1981,2010,,1981,,2006,23,690,,1,95.83,Total rainfall mm,Quantité totale de pluie en mm,11,281.51
-123.11527777777778,49.31478333333333,N VANCOUVER WHARVES,1105669,833.52.12,NORM,Y,C,52,1,2013-03-25 19:13:19,,BC,1981,2010,,1981,,2006,23,713,,1,95.83,Total rainfall mm,Quantité totale de pluie en mm,12,214.9
-123.11527777777778,49.31478333333333,N VANCOUVER WHARVES,1105669,833.52.13,NORM,Y,C,52,1,2013-03-25 19:13:19,,BC,1981,2010,,1981,,2007,26,8856,,2,98.65,Total rainfall mm,Quantité totale de pluie en mm,13,1698.42
-123.11527777777778,49.31478333333333,N VANCOUVER WHARVES,1105669,833.53.1,NORM,Y,A,53,1,2013-03-25 19:13:19,,BC,1981,2010,,1981,,2007,26,806,,1,100,StdDev total rainfall mm,Écart-type de la quantité totale de pluie en mm,1,94.98
-123.11527777777778,49.31478333333333,N VANCOUVER WHARVES,1105669,833.53.2,NORM,Y,A,53,1,2013-03-25 19:13:19,,BC,1981,2010,,1981,,2007,25,706,,2,96.19,StdDev total rainfall mm,Écart-type de la quantité totale de pluie en mm,2,67.06
-123.11527777777778,49.31478333333333,N VANCOUVER WHARVES,1105669,833.53.3,NORM,Y,A,53,1,2013-03-25 19:13:19,,BC,1981,2010,,1981,,2006,25,775,,1,100,StdDev total rainfall mm,Écart-type de la quantité totale de pluie en mm,3,57.63
-123.11527777777778,49.31478333333333,N VANCOUVER WHARVES,1105669,833.53.4,NORM,Y,A,53,1,2013-03-25 19:13:19,,BC,1981,2010,,1981,,2006,25,750,,1,100,StdDev total rainfall mm,Écart-type de la quantité totale de pluie en mm,4,52.19
-123.11527777777778,49.31478333333333,N VANCOUVER WHARVES,1105669,833.53.5,NORM,Y,A,53,1,2013-03-25 19:13:19,,BC,1981,2010,,1981,,2006,25,775,,1,100,StdDev total rainfall mm,Écart-type de la quantité totale de pluie en mm,5,38.37
-123.11527777777778,49.31478333333333,N VANCOUVER WHARVES,1105669,833.53.6,NORM,Y,C,53,1,2013-03-25 19:13:19,,BC,1981,2010,,1981,,2006,24,720,,2,96,StdDev total rainfall mm,Écart-type de la quantité totale de pluie en mm,6,46.88
-123.11527777777778,49.31478333333333,N VANCOUVER WHARVES,1105669,833.53.7,NORM,Y,C,53,1,2013-03-25 19:13:19,,BC,1981,2010,,1981,,2006,23,713,,2,100,StdDev total rainfall mm,Écart-type de la quantité totale de pluie en mm,7,27.24
-123.11527777777778,49.31478333333333,N VANCOUVER WHARVES,1105669,833.53.8,NORM,Y,C,53,1,2013-03-25 19:13:19,,BC,1981,2010,,1981,,2006,24,744,,2,100,StdDev total rainfall mm,Écart-type de la quantité totale de pluie en mm,8,58.24
-123.11527777777778,49.31478333333333,N VANCOUVER WHARVES,1105669,833.53.9,NORM,Y,C,53,1,2013-03-25 19:13:19,,BC,1981,2010,,1981,,2006,24,720,,1,100,StdDev total rainfall mm,Écart-type de la quantité totale de pluie en mm,9,41.34
-123.11527777777778,49.31478333333333,N VANCOUVER WHARVES,1105669,833.53.10,NORM,Y,C,53,1,2013-03-25 19:13:19,,BC,1981,2010,,1981,,2006,24,744,,2,100,StdDev total rainfall mm,Écart-type de la quantité totale de pluie en mm,10,94.71
-123.11527777777778,49.31478333333333,N VANCOUVER WHARVES,1105669,833.53.11,NORM,Y,C,53,1,2013-03-25 19:13:19,,BC,1981,2010,,1981,,2006,23,690,,1,95.83,StdDev total rainfall mm,Écart-type de la quantité totale de pluie en mm,11,102.78
-123.11527777777778,49.31478333333333,N VANCOUVER WHARVES,1105669,833.53.12,NORM,Y,C,53,1,2013-03-25 19:13:19,,BC,1981,2010,,1981,,2006,23,713,,1,95.83,StdDev total rainfall mm,Écart-type de la quantité totale de pluie en mm,12,68.68
-123.11527777777778,49.31478333333333,N VANCOUVER WHARVES,1105669,833.53.13,NORM,Y,C,53,1,2013-03-25 19:13:19,,BC,1981,2010,,1981,,2007,26,8856,,2,98.65,StdDev total rainfall mm,Écart-type de la quantité totale de pluie en mm,13,62.51
-123.11527777777778,49.31478333333333,N VANCOUVER WHARVES,1105669,833.54.1,NORM,Y,A,54,1,2013-03-25 19:13:19,,BC,1981,2010,,1981,,2007,26,806,,1,100,Total snowfall cm,Quantité totale de neige en cm,1,7.77
-123.11527777777778,49.31478333333333,N VANCOUVER WHARVES,1105669,833.54.2,NORM,Y,A,54,1,2013-03-25 19:13:19,,BC,1981,2010,,1981,,2007,25,706,,2,96.19,Total snowfall cm,Quantité totale de neige en cm,2,5.32
-123.11527777777778,49.31478333333333,N VANCOUVER WHARVES,1105669,833.54.3,NORM,Y,A,54,1,2013-03-25 19:13:19,,BC,1981,2010,,1981,,2006,25,775,,1,100,Total snowfall cm,Quantité totale de neige en cm,3,1.24
-123.11527777777778,49.31478333333333,N VANCOUVER WHARVES,1105669,833.54.4,NORM,Y,A,54,1,2013-03-25 19:13:19,,BC,1981,2010,,1981,,2006,25,750,,1,100,Total snowfall cm,Quantité totale de neige en cm,4,0.32
-123.11527777777778,49.31478333333333,N VANCOUVER WHARVES,1105669,833.54.5,NORM,Y,A,54,1,2013-03-25 19:13:19,,BC,1981,2010,,1981,,2006,25,775,,1,100,Total snowfall cm,Quantité totale de neige en cm,5,0.09
-123.11527777777778,49.31478333333333,N VANCOUVER WHARVES,1105669,833.54.6,NORM,Y,C,54,1,2013-03-25 19:13:19,,BC,1981,2010,,1981,,2006,24,720,,2,96,Total snowfall cm,Quantité totale de neige en cm,6,0
-123.11527777777778,49.31478333333333,N VANCOUVER WHARVES,1105669,833.54.7,NORM,Y,C,54,1,2013-03-25 19:13:19,,BC,1981,2010,,1981,,2006,23,713,,2,100,Total snowfall cm,Quantité totale de neige en cm,7,0
-123.11527777777778,49.31478333333333,N VANCOUVER WHARVES,1105669,833.54.8,NORM,Y,C,54,1,2013-03-25 19:13:19,,BC,1981,2010,,1981,,2006,24,744,,2,100,Total snowfall cm,Quantité totale de neige en cm,8,0
-123.11527777777778,49.31478333333333,N VANCOUVER WHARVES,1105669,833.54.9,NORM,Y,C,54,1,2013-03-25 19:13:19,,BC,1981,2010,,1981,,2006,24,720,,1,100,Total snowfall cm,Quantité totale de neige en cm,9,0
-123.11527777777778,49.31478333333333,N VANCOUVER WHARVES,1105669,833.54.10,NORM,Y,C,54,1,2013-03-25 19:13:19,,BC,1981,2010,,1981,,2006,24,744,,2,100,Total snowfall cm,Quantité totale de neige en cm,10,0.08
-123.11527777777778,49.31478333333333,N VANCOUVER WHARVES,1105669,833.54.11,NORM,Y,C,54,1,2013-03-25 19:13:19,,BC,1981,2010,,1981,,2006,23,690,,1,95.83,Total snowfall cm,Quantité totale de neige en cm,11,3.07
-123.11527777777778,49.31478333333333,N VANCOUVER WHARVES,1105669,833.54.12,NORM,Y,C,54,1,2013-03-25 19:13:19,,BC,1981,2010,,1981,,2006,23,713,,1,95.83,Total snowfall cm,Quantité totale de neige en cm,12,8.48
-123.11527777777778,49.31478333333333,N VANCOUVER WHARVES,1105669,833.54.13,NORM,Y,C,54,1,2013-03-25 19:13:19,,BC,1981,2010,,1981,,2007,26,8856,,2,98.65,Total snowfall cm,Quantité totale de neige en cm,13,26.37
-123.11527777777778,49.31478333333333,N VANCOUVER WHARVES,1105669,833.55.1,NORM,Y,A,55,1,2013-03-25 19:13:19,,BC,1981,2010,,1981,,2007,26,806,,1,100,StdDev total snowfall cm,Écart-type de la quantité totale de neige en cm,1,10.12
-123.11527777777778,49.31478333333333,N VANCOUVER WHARVES,1105669,833.55.2,NORM,Y,A,55,1,2013-03-25 19:13:19,,BC,1981,2010,,1981,,2007,25,706,,2,96.19,StdDev total snowfall cm,Écart-type de la quantité totale de neige en cm,2,9.02
-123.11527777777778,49.31478333333333,N VANCOUVER WHARVES,1105669,833.55.3,NORM,Y,A,55,1,2013-03-25 19:13:19,,BC,1981,2010,,1981,,2006,25,775,,1,100,StdDev total snowfall cm,Écart-type de la quantité totale de neige en cm,3,2.65
-123.11527777777778,49.31478333333333,N VANCOUVER WHARVES,1105669,833.55.4,NORM,Y,A,55,1,2013-03-25 19:13:19,,BC,1981,2010,,1981,,2006,25,750,,1,100,StdDev total snowfall cm,Écart-type de la quantité totale de neige en cm,4,1.41
-123.11527777777778,49.31478333333333,N VANCOUVER WHARVES,1105669,833.55.5,NORM,Y,A,55,1,2013-03-25 19:13:19,,BC,1981,2010,,1981,,2006,25,775,,1,100,StdDev total snowfall cm,Écart-type de la quantité totale de neige en cm,5,0.4
-123.11527777777778,49.31478333333333,N VANCOUVER WHARVES,1105669,833.55.6,NORM,Y,C,55,1,2013-03-25 19:13:19,,BC,1981,2010,,1981,,2006,24,720,,2,96,StdDev total snowfall cm,Écart-type de la quantité totale de neige en cm,6,0
-123.11527777777778,49.31478333333333,N VANCOUVER WHARVES,1105669,833.55.7,NORM,Y,C,55,1,2013-03-25 19:13:19,,BC,1981,2010,,1981,,2006,23,713,,2,100,StdDev total snowfall cm,Écart-type de la quantité totale de neige en cm,7,0
-123.11527777777778,49.31478333333333,N VANCOUVER WHARVES,1105669,833.55.8,NORM,Y,C,55,1,2013-03-25 19:13:19,,BC,1981,2010,,1981,,2006,24,744,,2,100,StdDev total snowfall cm,Écart-type de la quantité totale de neige en cm,8,0
-123.11527777777778,49.31478333333333,N VANCOUVER WHARVES,1105669,833.55.9,NORM,Y,C,55,1,2013-03-25 19:13:19,,BC,1981,2010,,1981,,2006,24,720,,1,100,StdDev total snowfall cm,Écart-type de la quantité totale de neige en cm,9,0
-123.11527777777778,49.31478333333333,N VANCOUVER WHARVES,1105669,833.55.10,NORM,Y,C,55,1,2013-03-25 19:13:19,,BC,1981,2010,,1981,,2006,24,744,,2,100,StdDev total snowfall cm,Écart-type de la quantité totale de neige en cm,10,0.27
-123.11527777777778,49.31478333333333,N VANCOUVER WHARVES,1105669,833.55.11,NORM,Y,C,55,1,2013-03-25 19:13:19,,BC,1981,2010,,1981,,2006,23,690,,1,95.83,StdDev total snowfall cm,Écart-type de la quantité totale de neige en cm,11,8.78
-123.11527777777778,49.31478333333333,N VANCOUVER WHARVES,1105669,833.55.12,NORM,Y,C,55,1,2013-03-25 19:13:19,,BC,1981,2010,,1981,,2006,23,713,,1,95.83,StdDev total snowfall cm,Écart-type de la quantité totale de neige en cm,12,15.98
-123.11527777777778,49.31478333333333,N VANCOUVER WHARVES,1105669,833.55.13,NORM,Y,C,55,1,2013-03-25 19:13:19,,BC,1981,2010,,1981,,2007,26,8856,,2,98.65,StdDev total snowfall cm,Écart-type de la quantité totale de neige en cm,13,4.05
-123.11527777777778,49.31478333333333,N VANCOUVER WHARVES,1105669,833.56.1,NORM,Y,A,56,1,2013-03-25 19:13:19,,BC,1981,2010,,1981,,2007,26,806,,1,100,Total precipitation mm,Précipitations totales en mm,1,248.25
-123.11527777777778,49.31478333333333,N VANCOUVER WHARVES,1105669,833.56.2,NORM,Y,A,56,1,2013-03-25 19:13:19,,BC,1981,2010,,1981,,2007,25,706,,2,96.19,Total precipitation mm,Précipitations totales en mm,2,142.7
-123.11527777777778,49.31478333333333,N VANCOUVER WHARVES,1105669,833.56.3,NORM,Y,A,56,1,2013-03-25 19:13:19,,BC,1981,2010,,1981,,2006,25,775,,1,100,Total precipitation mm,Précipitations totales en mm,3,162.58
-123.11527777777778,49.31478333333333,N VANCOUVER WHARVES,1105669,833.56.4,NORM,Y,A,56,1,2013-03-25 19:13:19,,BC,1981,2010,,1981,,2006,25,750,,1,100,Total precipitation mm,Précipitations totales en mm,4,127.98
-123.11527777777778,49.31478333333333,N VANCOUVER WHARVES,1105669,833.56.5,NORM,Y,A,56,1,2013-03-25 19:13:19,,BC,1981,2010,,1981,,2006,25,775,,1,100,Total precipitation mm,Précipitations totales en mm,5,100.8
-123.11527777777778,49.31478333333333,N VANCOUVER WHARVES,1105669,833.56.6,NORM,Y,C,56,1,2013-03-25 19:13:19,,BC,1981,2010,,1981,,2006,24,720,,2,96,Total precipitation mm,Précipitations totales en mm,6,83.15
-123.11527777777778,49.31478333333333,N VANCOUVER WHARVES,1105669,833.56.7,NORM,Y,C,56,1,2013-03-25 19:13:19,,BC,1981,2010,,1981,,2006,23,713,,2,100,Total precipitation mm,Précipitations totales en mm,7,47.25
-123.11527777777778,49.31478333333333,N VANCOUVER WHARVES,1105669,833.56.8,NORM,Y,C,56,1,2013-03-25 19:13:19,,BC,1981,2010,,1981,,2006,24,744,,2,100,Total precipitation mm,Précipitations totales en mm,8,50.7
-123.11527777777778,49.31478333333333,N VANCOUVER WHARVES,1105669,833.56.9,NORM,Y,C,56,1,2013-03-25 19:13:19,,BC,1981,2010,,1981,,2006,24,720,,1,100,Total precipitation mm,Précipitations totales en mm,9,73.54
-123.11527777777778,49.31478333333333,N VANCOUVER WHARVES,1105669,833.56.10,NORM,Y,C,56,1,2013-03-25 19:13:19,,BC,1981,2010,,1981,,2006,24,744,,2,100,Total precipitation mm,Précipitations totales en mm,10,179.86
-123.11527777777778,49.31478333333333,N VANCOUVER WHARVES,1105669,833.56.11,NORM,Y,C,56,1,2013-03-25 19:13:19,,BC,1981,2010,,1981,,2006,23,690,,1,95.83,Total precipitation mm,Précipitations totales en mm,11,284.58
-123.11527777777778,49.31478333333333,N VANCOUVER WHARVES,1105669,833.56.12,NORM,Y,C,56,1,2013-03-25 19:13:19,,BC,1981,2010,,1981,,2006,23,713,,1,95.83,Total precipitation mm,Précipitations totales en mm,12,223.39
-123.11527777777778,49.31478333333333,N VANCOUVER WHARVES,1105669,833.56.13,NORM,Y,C,56,1,2013-03-25 19:13:19,,BC,1981,2010,,1981,,2007,26,8856,,2,98.65,Total precipitation mm,Précipitations totales en mm,13,1724.78
-123.11527777777778,49.31478333333333,N VANCOUVER WHARVES,1105669,833.57.1,NORM,Y,A,57,1,2013-03-25 19:13:19,,BC,1981,2010,,1981,,2007,26,806,,1,100,StdDev total precipitation mm,Écart-type des précipitations totales en mm,1,94.38
-123.11527777777778,49.31478333333333,N VANCOUVER WHARVES,1105669,833.57.2,NORM,Y,A,57,1,2013-03-25 19:13:19,,BC,1981,2010,,1981,,2007,25,706,,2,96.19,StdDev total precipitation mm,Écart-type des précipitations totales en mm,2,68.15
-123.11527777777778,49.31478333333333,N VANCOUVER WHARVES,1105669,833.57.3,NORM,Y,A,57,1,2013-03-25 19:13:19,,BC,1981,2010,,1981,,2006,25,775,,1,100,StdDev total precipitation mm,Écart-type des précipitations totales en mm,3,57
-123.11527777777778,49.31478333333333,N VANCOUVER WHARVES,1105669,833.57.4,NORM,Y,A,57,1,2013-03-25 19:13:19,,BC,1981,2010,,1981,,2006,25,750,,1,100,StdDev total precipitation mm,Écart-type des précipitations totales en mm,4,52.62
-123.11527777777778,49.31478333333333,N VANCOUVER WHARVES,1105669,833.57.5,NORM,Y,A,57,1,2013-03-25 19:13:19,,BC,1981,2010,,1981,,2006,25,775,,1,100,StdDev total precipitation mm,Écart-type des précipitations totales en mm,5,38.37
-123.11527777777778,49.31478333333333,N VANCOUVER WHARVES,1105669,833.57.6,NORM,Y,C,57,1,2013-03-25 19:13:19,,BC,1981,2010,,1981,,2006,24,720,,2,96,StdDev total precipitation mm,Écart-type des précipitations totales en mm,6,46.88
-123.11527777777778,49.31478333333333,N VANCOUVER WHARVES,1105669,833.57.7,NORM,Y,C,57,1,2013-03-25 19:13:19,,BC,1981,2010,,1981,,2006,23,713,,2,100,StdDev total precipitation mm,Écart-type des précipitations totales en mm,7,27.24
-123.11527777777778,49.31478333333333,N VANCOUVER WHARVES,1105669,833.57.8,NORM,Y,C,57,1,2013-03-25 19:13:19,,BC,1981,2010,,1981,,2006,24,744,,2,100,StdDev total precipitation mm,Écart-type des précipitations totales en mm,8,58.24
-123.11527777777778,49.31478333333333,N VANCOUVER WHARVES,1105669,833.57.9,NORM,Y,C,57,1,2013-03-25 19:13:19,,BC,1981,2010,,1981,,2006,24,720,,1,100,StdDev total precipitation mm,Écart-type des précipitations totales en mm,9,41.34
-123.11527777777778,49.31478333333333,N VANCOUVER WHARVES,1105669,833.57.10,NORM,Y,C,57,1,2013-03-25 19:13:19,,BC,1981,2010,,1981,,2006,24,744,,2,100,StdDev total precipitation mm,Écart-type des précipitations totales en mm,10,94.65
-123.11527777777778,49.31478333333333,N VANCOUVER WHARVES,1105669,833.57.11,NORM,Y,C,57,1,2013-03-25 19:13:19,,BC,1981,2010,,1981,,2006,23,690,,1,95.83,StdDev total precipitation mm,Écart-type des précipitations totales en mm,11,105.4
-123.11527777777778,49.31478333333333,N VANCOUVER WHARVES,1105669,833.57.12,NORM,Y,C,57,1,2013-03-25 19:13:19,,BC,1981,2010,,1981,,2006,23,713,,1,95.83,StdDev total precipitation mm,Écart-type des précipitations totales en mm,12,68.62
-123.11527777777778,49.31478333333333,N VANCOUVER WHARVES,1105669,833.57.13,NORM,Y,C,57,1,2013-03-25 19:13:19,,BC,1981,2010,,1981,,2007,26,8856,,2,98.65,StdDev total precipitation mm,Écart-type des précipitations totales en mm,13,62.74
-123.11527777777778,49.31478333333333,N VANCOUVER WHARVES,1105669,833.61.1,NORM,Y,A,61,1,2013-03-25 19:13:19,,BC,1981,2010,,1981,,2007,26,806,,1,100,Days with rainfall GE 0.2 mm,"Jours avec chutes de pluie >= 0,2 mm",1,20.08
-123.11527777777778,49.31478333333333,N VANCOUVER WHARVES,1105669,833.61.2,NORM,Y,A,61,1,2013-03-25 19:13:19,,BC,1981,2010,,1981,,2007,25,706,,2,96.19,Days with rainfall GE 0.2 mm,"Jours avec chutes de pluie >= 0,2 mm",2,14.92
-123.11527777777778,49.31478333333333,N VANCOUVER WHARVES,1105669,833.61.3,NORM,Y,A,61,1,2013-03-25 19:13:19,,BC,1981,2010,,1981,,2006,25,775,,1,100,Days with rainfall GE 0.2 mm,"Jours avec chutes de pluie >= 0,2 mm",3,18.72
-123.11527777777778,49.31478333333333,N VANCOUVER WHARVES,1105669,833.61.4,NORM,Y,A,61,1,2013-03-25 19:13:19,,BC,1981,2010,,1981,,2006,25,750,,1,100,Days with rainfall GE 0.2 mm,"Jours avec chutes de pluie >= 0,2 mm",4,16.8
-123.11527777777778,49.31478333333333,N VANCOUVER WHARVES,1105669,833.61.5,NORM,Y,A,61,1,2013-03-25 19:13:19,,BC,1981,2010,,1981,,2006,25,775,,1,100,Days with rainfall GE 0.2 mm,"Jours avec chutes de pluie >= 0,2 mm",5,14.04
-123.11527777777778,49.31478333333333,N VANCOUVER WHARVES,1105669,833.61.6,NORM,Y,C,61,1,2013-03-25 19:13:19,,BC,1981,2010,,1981,,2006,24,720,,2,96,Days with rainfall GE 0.2 mm,"Jours avec chutes de pluie >= 0,2 mm",6,12.04
-123.11527777777778,49.31478333333333,N VANCOUVER WHARVES,1105669,833.61.7,NORM,Y,C,61,1,2013-03-25 19:13:19,,BC,1981,2010,,1981,,2006,23,713,,2,100,Days with rainfall GE 0.2 mm,"Jours avec chutes de pluie >= 0,2 mm",7,7.43
-123.11527777777778,49.31478333333333,N VANCOUVER WHARVES,1105669,833.61.8,NORM,Y,C,61,1,2013-03-25 19:13:19,,BC,1981,2010,,1981,,2006,24,744,,2,100,Days with rainfall GE 0.2 mm,"Jours avec chutes de pluie >= 0,2 mm",8,7.13
-123.11527777777778,49.31478333333333,N VANCOUVER WHARVES,1105669,833.61.9,NORM,Y,C,61,1,2013-03-25 19:13:19,,BC,1981,2010,,1981,,2006,24,720,,1,100,Days with rainfall GE 0.2 mm,"Jours avec chutes de pluie >= 0,2 mm",9,9.33
-123.11527777777778,49.31478333333333,N VANCOUVER WHARVES,1105669,833.61.10,NORM,Y,C,61,1,2013-03-25 19:13:19,,BC,1981,2010,,1981,,2006,24,744,,2,100,Days with rainfall GE 0.2 mm,"Jours avec chutes de pluie >= 0,2 mm",10,16.67
-123.11527777777778,49.31478333333333,N VANCOUVER WHARVES,1105669,833.61.11,NORM,Y,C,61,1,2013-03-25 19:13:19,,BC,1981,2010,,1981,,2006,24,720,,1,100,Days with rainfall GE 0.2 mm,"Jours avec chutes de pluie >= 0,2 mm",11,21.25
-123.11527777777778,49.31478333333333,N VANCOUVER WHARVES,1105669,833.61.12,NORM,Y,C,61,1,2013-03-25 19:13:19,,BC,1981,2010,,1981,,2006,23,713,,1,95.83,Days with rainfall GE 0.2 mm,"Jours avec chutes de pluie >= 0,2 mm",12,20.17
-123.11527777777778,49.31478333333333,N VANCOUVER WHARVES,1105669,833.61.13,NORM,Y,C,61,1,2013-03-25 19:13:19,,BC,1981,2010,,1981,,2007,26,8886,,2,99,Days with rainfall GE 0.2 mm,"Jours avec chutes de pluie >= 0,2 mm",13,178.58
-123.11527777777778,49.31478333333333,N VANCOUVER WHARVES,1105669,833.62.1,NORM,Y,A,62,1,2013-03-25 19:13:19,,BC,1981,2010,,1981,,2007,26,806,,1,100,Days with rainfall GE 5 mm,Jours avec chutes de pluie >= 5 mm,1,12.88
-123.11527777777778,49.31478333333333,N VANCOUVER WHARVES,1105669,833.62.2,NORM,Y,A,62,1,2013-03-25 19:13:19,,BC,1981,2010,,1981,,2007,25,706,,2,96.19,Days with rainfall GE 5 mm,Jours avec chutes de pluie >= 5 mm,2,8
-123.11527777777778,49.31478333333333,N VANCOUVER WHARVES,1105669,833.62.3,NORM,Y,A,62,1,2013-03-25 19:13:19,,BC,1981,2010,,1981,,2006,25,775,,1,100,Days with rainfall GE 5 mm,Jours avec chutes de pluie >= 5 mm,3,10
-123.11527777777778,49.31478333333333,N VANCOUVER WHARVES,1105669,833.62.4,NORM,Y,A,62,1,2013-03-25 19:13:19,,BC,1981,2010,,1981,,2006,25,750,,1,100,Days with rainfall GE 5 mm,Jours avec chutes de pluie >= 5 mm,4,7.92
-123.11527777777778,49.31478333333333,N VANCOUVER WHARVES,1105669,833.62.5,NORM,Y,A,62,1,2013-03-25 19:13:19,,BC,1981,2010,,1981,,2006,25,775,,1,100,Days with rainfall GE 5 mm,Jours avec chutes de pluie >= 5 mm,5,6.48
-123.11527777777778,49.31478333333333,N VANCOUVER WHARVES,1105669,833.62.6,NORM,Y,C,62,1,2013-03-25 19:13:19,,BC,1981,2010,,1981,,2006,24,720,,2,96,Days with rainfall GE 5 mm,Jours avec chutes de pluie >= 5 mm,6,4.71
-123.11527777777778,49.31478333333333,N VANCOUVER WHARVES,1105669,833.62.7,NORM,Y,C,62,1,2013-03-25 19:13:19,,BC,1981,2010,,1981,,2006,23,713,,2,100,Days with rainfall GE 5 mm,Jours avec chutes de pluie >= 5 mm,7,3.04
-123.11527777777778,49.31478333333333,N VANCOUVER WHARVES,1105669,833.62.8,NORM,Y,C,62,1,2013-03-25 19:13:19,,BC,1981,2010,,1981,,2006,24,744,,2,100,Days with rainfall GE 5 mm,Jours avec chutes de pluie >= 5 mm,8,2.75
-123.11527777777778,49.31478333333333,N VANCOUVER WHARVES,1105669,833.62.9,NORM,Y,C,62,1,2013-03-25 19:13:19,,BC,1981,2010,,1981,,2006,24,720,,1,100,Days with rainfall GE 5 mm,Jours avec chutes de pluie >= 5 mm,9,4.13
-123.11527777777778,49.31478333333333,N VANCOUVER WHARVES,1105669,833.62.10,NORM,Y,C,62,1,2013-03-25 19:13:19,,BC,1981,2010,,1981,,2006,24,744,,2,100,Days with rainfall GE 5 mm,Jours avec chutes de pluie >= 5 mm,10,9.13
-123.11527777777778,49.31478333333333,N VANCOUVER WHARVES,1105669,833.62.11,NORM,Y,C,62,1,2013-03-25 19:13:19,,BC,1981,2010,,1981,,2006,24,720,,1,100,Days with rainfall GE 5 mm,Jours avec chutes de pluie >= 5 mm,11,13.25
-123.11527777777778,49.31478333333333,N VANCOUVER WHARVES,1105669,833.62.12,NORM,Y,C,62,1,2013-03-25 19:13:19,,BC,1981,2010,,1981,,2006,23,713,,1,95.83,Days with rainfall GE 5 mm,Jours avec chutes de pluie >= 5 mm,12,11.96
-123.11527777777778,49.31478333333333,N VANCOUVER WHARVES,1105669,833.62.13,NORM,Y,C,62,1,2013-03-25 19:13:19,,BC,1981,2010,,1981,,2007,26,8886,,2,99,Days with rainfall GE 5 mm,Jours avec chutes de pluie >= 5 mm,13,94.25
-123.11527777777778,49.31478333333333,N VANCOUVER WHARVES,1105669,833.63.1,NORM,Y,A,63,1,2013-03-25 19:13:19,,BC,1981,2010,,1981,,2007,26,806,,1,100,Days with rainfall GE 10 mm,Jours avec chutes de pluie >= 10 mm,1,8.42
-123.11527777777778,49.31478333333333,N VANCOUVER WHARVES,1105669,833.63.2,NORM,Y,A,63,1,2013-03-25 19:13:19,,BC,1981,2010,,1981,,2007,25,706,,2,96.19,Days with rainfall GE 10 mm,Jours avec chutes de pluie >= 10 mm,2,5.12
-123.11527777777778,49.31478333333333,N VANCOUVER WHARVES,1105669,833.63.3,NORM,Y,A,63,1,2013-03-25 19:13:19,,BC,1981,2010,,1981,,2006,25,775,,1,100,Days with rainfall GE 10 mm,Jours avec chutes de pluie >= 10 mm,3,5.72
-123.11527777777778,49.31478333333333,N VANCOUVER WHARVES,1105669,833.63.4,NORM,Y,A,63,1,2013-03-25 19:13:19,,BC,1981,2010,,1981,,2006,25,750,,1,100,Days with rainfall GE 10 mm,Jours avec chutes de pluie >= 10 mm,4,4.76
-123.11527777777778,49.31478333333333,N VANCOUVER WHARVES,1105669,833.63.5,NORM,Y,A,63,1,2013-03-25 19:13:19,,BC,1981,2010,,1981,,2006,25,775,,1,100,Days with rainfall GE 10 mm,Jours avec chutes de pluie >= 10 mm,5,3.56
-123.11527777777778,49.31478333333333,N VANCOUVER WHARVES,1105669,833.63.6,NORM,Y,C,63,1,2013-03-25 19:13:19,,BC,1981,2010,,1981,,2006,24,720,,2,96,Days with rainfall GE 10 mm,Jours avec chutes de pluie >= 10 mm,6,2.92
-123.11527777777778,49.31478333333333,N VANCOUVER WHARVES,1105669,833.63.7,NORM,Y,C,63,1,2013-03-25 19:13:19,,BC,1981,2010,,1981,,2006,23,713,,2,100,Days with rainfall GE 10 mm,Jours avec chutes de pluie >= 10 mm,7,1.78
-123.11527777777778,49.31478333333333,N VANCOUVER WHARVES,1105669,833.63.8,NORM,Y,C,63,1,2013-03-25 19:13:19,,BC,1981,2010,,1981,,2006,24,744,,2,100,Days with rainfall GE 10 mm,Jours avec chutes de pluie >= 10 mm,8,1.67
-123.11527777777778,49.31478333333333,N VANCOUVER WHARVES,1105669,833.63.9,NORM,Y,C,63,1,2013-03-25 19:13:19,,BC,1981,2010,,1981,,2006,24,720,,1,100,Days with rainfall GE 10 mm,Jours avec chutes de pluie >= 10 mm,9,2.67
-123.11527777777778,49.31478333333333,N VANCOUVER WHARVES,1105669,833.63.10,NORM,Y,C,63,1,2013-03-25 19:13:19,,BC,1981,2010,,1981,,2006,24,744,,2,100,Days with rainfall GE 10 mm,Jours avec chutes de pluie >= 10 mm,10,6.5
-123.11527777777778,49.31478333333333,N VANCOUVER WHARVES,1105669,833.63.11,NORM,Y,C,63,1,2013-03-25 19:13:19,,BC,1981,2010,,1981,,2006,24,720,,1,100,Days with rainfall GE 10 mm,Jours avec chutes de pluie >= 10 mm,11,9.71
-123.11527777777778,49.31478333333333,N VANCOUVER WHARVES,1105669,833.63.12,NORM,Y,C,63,1,2013-03-25 19:13:19,,BC,1981,2010,,1981,,2006,23,713,,1,95.83,Days with rainfall GE 10 mm,Jours avec chutes de pluie >= 10 mm,12,8.17
-123.11527777777778,49.31478333333333,N VANCOUVER WHARVES,1105669,833.63.13,NORM,Y,C,63,1,2013-03-25 19:13:19,,BC,1981,2010,,1981,,2007,26,8886,,2,99,Days with rainfall GE 10 mm,Jours avec chutes de pluie >= 10 mm,13,61
-123.11527777777778,49.31478333333333,N VANCOUVER WHARVES,1105669,833.64.1,NORM,Y,A,64,1,2013-03-25 19:13:19,,BC,1981,2010,,1981,,2007,26,806,,1,100,Days with rainfall GE 25 mm,Jours avec chutes de pluie >= 25 mm,1,2.92
-123.11527777777778,49.31478333333333,N VANCOUVER WHARVES,1105669,833.64.2,NORM,Y,A,64,1,2013-03-25 19:13:19,,BC,1981,2010,,1981,,2007,25,706,,2,96.19,Days with rainfall GE 25 mm,Jours avec chutes de pluie >= 25 mm,2,1
-123.11527777777778,49.31478333333333,N VANCOUVER WHARVES,1105669,833.64.3,NORM,Y,A,64,1,2013-03-25 19:13:19,,BC,1981,2010,,1981,,2006,25,775,,1,100,Days with rainfall GE 25 mm,Jours avec chutes de pluie >= 25 mm,3,1.04
-123.11527777777778,49.31478333333333,N VANCOUVER WHARVES,1105669,833.64.4,NORM,Y,A,64,1,2013-03-25 19:13:19,,BC,1981,2010,,1981,,2006,25,750,,1,100,Days with rainfall GE 25 mm,Jours avec chutes de pluie >= 25 mm,4,0.8
-123.11527777777778,49.31478333333333,N VANCOUVER WHARVES,1105669,833.64.5,NORM,Y,A,64,1,2013-03-25 19:13:19,,BC,1981,2010,,1981,,2006,25,775,,1,100,Days with rainfall GE 25 mm,Jours avec chutes de pluie >= 25 mm,5,0.64
-123.11527777777778,49.31478333333333,N VANCOUVER WHARVES,1105669,833.64.6,NORM,Y,C,64,1,2013-03-25 19:13:19,,BC,1981,2010,,1981,,2006,24,720,,2,96,Days with rainfall GE 25 mm,Jours avec chutes de pluie >= 25 mm,6,0.79
-123.11527777777778,49.31478333333333,N VANCOUVER WHARVES,1105669,833.64.7,NORM,Y,C,64,1,2013-03-25 19:13:19,,BC,1981,2010,,1981,,2006,23,713,,2,100,Days with rainfall GE 25 mm,Jours avec chutes de pluie >= 25 mm,7,0.26
-123.11527777777778,49.31478333333333,N VANCOUVER WHARVES,1105669,833.64.8,NORM,Y,C,64,1,2013-03-25 19:13:19,,BC,1981,2010,,1981,,2006,24,744,,2,100,Days with rainfall GE 25 mm,Jours avec chutes de pluie >= 25 mm,8,0.46
-123.11527777777778,49.31478333333333,N VANCOUVER WHARVES,1105669,833.64.9,NORM,Y,C,64,1,2013-03-25 19:13:19,,BC,1981,2010,,1981,,2006,24,720,,1,100,Days with rainfall GE 25 mm,Jours avec chutes de pluie >= 25 mm,9,0.88
-123.11527777777778,49.31478333333333,N VANCOUVER WHARVES,1105669,833.64.10,NORM,Y,C,64,1,2013-03-25 19:13:19,,BC,1981,2010,,1981,,2006,24,744,,2,100,Days with rainfall GE 25 mm,Jours avec chutes de pluie >= 25 mm,10,2.13
-123.11527777777778,49.31478333333333,N VANCOUVER WHARVES,1105669,833.64.11,NORM,Y,C,64,1,2013-03-25 19:13:19,,BC,1981,2010,,1981,,2006,24,720,,1,100,Days with rainfall GE 25 mm,Jours avec chutes de pluie >= 25 mm,11,3.67
-123.11527777777778,49.31478333333333,N VANCOUVER WHARVES,1105669,833.64.12,NORM,Y,C,64,1,2013-03-25 19:13:19,,BC,1981,2010,,1981,,2006,23,713,,1,95.83,Days with rainfall GE 25 mm,Jours avec chutes de pluie >= 25 mm,12,2.13
-123.11527777777778,49.31478333333333,N VANCOUVER WHARVES,1105669,833.64.13,NORM,Y,C,64,1,2013-03-25 19:13:19,,BC,1981,2010,,1981,,2007,26,8886,,2,99,Days with rainfall GE 25 mm,Jours avec chutes de pluie >= 25 mm,13,16.72
-123.11527777777778,49.31478333333333,N VANCOUVER WHARVES,1105669,833.65.1,NORM,Y,A,65,1,2013-03-25 19:13:19,,BC,1981,2010,,1981,,2007,26,806,,1,100,Days with snowfall GE 0.2 cm,"Jours avec chutes de neige >= 0,2 cm",1,2.12
-123.11527777777778,49.31478333333333,N VANCOUVER WHARVES,1105669,833.65.2,NORM,Y,A,65,1,2013-03-25 19:13:19,,BC,1981,2010,,1981,,2007,25,706,,2,96.19,Days with snowfall GE 0.2 cm,"Jours avec chutes de neige >= 0,2 cm",2,1
-123.11527777777778,49.31478333333333,N VANCOUVER WHARVES,1105669,833.65.3,NORM,Y,A,65,1,2013-03-25 19:13:19,,BC,1981,2010,,1981,,2006,25,775,,1,100,Days with snowfall GE 0.2 cm,"Jours avec chutes de neige >= 0,2 cm",3,0.6
-123.11527777777778,49.31478333333333,N VANCOUVER WHARVES,1105669,833.65.4,NORM,Y,A,65,1,2013-03-25 19:13:19,,BC,1981,2010,,1981,,2006,25,750,,1,100,Days with snowfall GE 0.2 cm,"Jours avec chutes de neige >= 0,2 cm",4,0.12
-123.11527777777778,49.31478333333333,N VANCOUVER WHARVES,1105669,833.65.5,NORM,Y,A,65,1,2013-03-25 19:13:19,,BC,1981,2010,,1981,,2006,25,775,,1,100,Days with snowfall GE 0.2 cm,"Jours avec chutes de neige >= 0,2 cm",5,0.08
-123.11527777777778,49.31478333333333,N VANCOUVER WHARVES,1105669,833.65.6,NORM,Y,A,65,1,2013-03-25 19:13:19,,BC,1981,2010,,1981,,2006,25,750,,1,100,Days with snowfall GE 0.2 cm,"Jours avec chutes de neige >= 0,2 cm",6,0
-123.11527777777778,49.31478333333333,N VANCOUVER WHARVES,1105669,833.65.7,NORM,Y,C,65,1,2013-03-25 19:13:19,,BC,1981,2010,,1981,,2006,23,713,,2,100,Days with snowfall GE 0.2 cm,"Jours avec chutes de neige >= 0,2 cm",7,0
-123.11527777777778,49.31478333333333,N VANCOUVER WHARVES,1105669,833.65.8,NORM,Y,C,65,1,2013-03-25 19:13:19,,BC,1981,2010,,1981,,2006,24,744,,2,100,Days with snowfall GE 0.2 cm,"Jours avec chutes de neige >= 0,2 cm",8,0
-123.11527777777778,49.31478333333333,N VANCOUVER WHARVES,1105669,833.65.9,NORM,Y,C,65,1,2013-03-25 19:13:19,,BC,1981,2010,,1981,,2006,24,720,,1,100,Days with snowfall GE 0.2 cm,"Jours avec chutes de neige >= 0,2 cm",9,0
-123.11527777777778,49.31478333333333,N VANCOUVER WHARVES,1105669,833.65.10,NORM,Y,C,65,1,2013-03-25 19:13:19,,BC,1981,2010,,1981,,2006,24,744,,2,100,Days with snowfall GE 0.2 cm,"Jours avec chutes de neige >= 0,2 cm",10,0.08
-123.11527777777778,49.31478333333333,N VANCOUVER WHARVES,1105669,833.65.11,NORM,Y,C,65,1,2013-03-25 19:13:19,,BC,1981,2010,,1981,,2006,23,690,,1,95.83,Days with snowfall GE 0.2 cm,"Jours avec chutes de neige >= 0,2 cm",11,0.87
-123.11527777777778,49.31478333333333,N VANCOUVER WHARVES,1105669,833.65.12,NORM,Y,C,65,1,2013-03-25 19:13:19,,BC,1981,2010,,1981,,2006,24,744,,1,100,Days with snowfall GE 0.2 cm,"Jours avec chutes de neige >= 0,2 cm",12,2.04
-123.11527777777778,49.31478333333333,N VANCOUVER WHARVES,1105669,833.65.13,NORM,Y,C,65,1,2013-03-25 19:13:19,,BC,1981,2010,,1981,,2007,26,8917,,2,99.34,Days with snowfall GE 0.2 cm,"Jours avec chutes de neige >= 0,2 cm",13,6.91
-123.11527777777778,49.31478333333333,N VANCOUVER WHARVES,1105669,833.66.1,NORM,Y,A,66,1,2013-03-25 19:13:19,,BC,1981,2010,,1981,,2007,26,806,,1,100,Days with snowfall GE 5 cm,Jours avec chutes de neige >= 5 cm,1,0.58
-123.11527777777778,49.31478333333333,N VANCOUVER WHARVES,1105669,833.66.2,NORM,Y,A,66,1,2013-03-25 19:13:19,,BC,1981,2010,,1981,,2007,25,706,,2,96.19,Days with snowfall GE 5 cm,Jours avec chutes de neige >= 5 cm,2,0.36
-123.11527777777778,49.31478333333333,N VANCOUVER WHARVES,1105669,833.66.3,NORM,Y,A,66,1,2013-03-25 19:13:19,,BC,1981,2010,,1981,,2006,25,775,,1,100,Days with snowfall GE 5 cm,Jours avec chutes de neige >= 5 cm,3,0.08
-123.11527777777778,49.31478333333333,N VANCOUVER WHARVES,1105669,833.66.4,NORM,Y,A,66,1,2013-03-25 19:13:19,,BC,1981,2010,,1981,,2006,25,750,,1,100,Days with snowfall GE 5 cm,Jours avec chutes de neige >= 5 cm,4,0.04
-123.11527777777778,49.31478333333333,N VANCOUVER WHARVES,1105669,833.66.5,NORM,Y,A,66,1,2013-03-25 19:13:19,,BC,1981,2010,,1981,,2006,25,775,,1,100,Days with snowfall GE 5 cm,Jours avec chutes de neige >= 5 cm,5,0
-123.11527777777778,49.31478333333333,N VANCOUVER WHARVES,1105669,833.66.6,NORM,Y,A,66,1,2013-03-25 19:13:19,,BC,1981,2010,,1981,,2006,25,750,,1,100,Days with snowfall GE 5 cm,Jours avec chutes de neige >= 5 cm,6,0
-123.11527777777778,49.31478333333333,N VANCOUVER WHARVES,1105669,833.66.7,NORM,Y,C,66,1,2013-03-25 19:13:19,,BC,1981,2010,,1981,,2006,23,713,,2,100,Days with snowfall GE 5 cm,Jours avec chutes de neige >= 5 cm,7,0
-123.11527777777778,49.31478333333333,N VANCOUVER WHARVES,1105669,833.66.8,NORM,Y,C,66,1,2013-03-25 19:13:19,,BC,1981,2010,,1981,,2006,24,744,,2,100,Days with snowfall GE 5 cm,Jours avec chutes de neige >= 5 cm,8,0
-123.11527777777778,49.31478333333333,N VANCOUVER WHARVES,1105669,833.66.9,NORM,Y,C,66,1,2013-03-25 19:13:19,,BC,1981,2010,,1981,,2006,24,720,,1,100,Days with snowfall GE 5 cm,Jours avec chutes de neige >= 5 cm,9,0
-123.11527777777778,49.31478333333333,N VANCOUVER WHARVES,1105669,833.66.10,NORM,Y,C,66,1,2013-03-25 19:13:19,,BC,1981,2010,,1981,,2006,24,744,,2,100,Days with snowfall GE 5 cm,Jours avec chutes de neige >= 5 cm,10,0
-123.11527777777778,49.31478333333333,N VANCOUVER WHARVES,1105669,833.66.11,NORM,Y,C,66,1,2013-03-25 19:13:19,,BC,1981,2010,,1981,,2006,23,690,,1,95.83,Days with snowfall GE 5 cm,Jours avec chutes de neige >= 5 cm,11,0.17
-123.11527777777778,49.31478333333333,N VANCOUVER WHARVES,1105669,833.66.12,NORM,Y,C,66,1,2013-03-25 19:13:19,,BC,1981,2010,,1981,,2006,24,744,,1,100,Days with snowfall GE 5 cm,Jours avec chutes de neige >= 5 cm,12,0.63
-123.11527777777778,49.31478333333333,N VANCOUVER WHARVES,1105669,833.66.13,NORM,Y,C,66,1,2013-03-25 19:13:19,,BC,1981,2010,,1981,,2007,26,8917,,2,99.34,Days with snowfall GE 5 cm,Jours avec chutes de neige >= 5 cm,13,1.86
-123.11527777777778,49.31478333333333,N VANCOUVER WHARVES,1105669,833.67.1,NORM,Y,A,67,1,2013-03-25 19:13:19,,BC,1981,2010,,1981,,2007,26,806,,1,100,Days with snowfall GE 10 cm,Jours avec chutes de neige >= 10 cm,1,0.08
-123.11527777777778,49.31478333333333,N VANCOUVER WHARVES,1105669,833.67.2,NORM,Y,A,67,1,2013-03-25 19:13:19,,BC,1981,2010,,1981,,2007,25,706,,2,96.19,Days with snowfall GE 10 cm,Jours avec chutes de neige >= 10 cm,2,0.2
-123.11527777777778,49.31478333333333,N VANCOUVER WHARVES,1105669,833.67.3,NORM,Y,A,67,1,2013-03-25 19:13:19,,BC,1981,2010,,1981,,2006,25,775,,1,100,Days with snowfall GE 10 cm,Jours avec chutes de neige >= 10 cm,3,0
-123.11527777777778,49.31478333333333,N VANCOUVER WHARVES,1105669,833.67.4,NORM,Y,A,67,1,2013-03-25 19:13:19,,BC,1981,2010,,1981,,2006,25,750,,1,100,Days with snowfall GE 10 cm,Jours avec chutes de neige >= 10 cm,4,0
-123.11527777777778,49.31478333333333,N VANCOUVER WHARVES,1105669,833.67.5,NORM,Y,A,67,1,2013-03-25 19:13:19,,BC,1981,2010,,1981,,2006,25,775,,1,100,Days with snowfall GE 10 cm,Jours avec chutes de neige >= 10 cm,5,0
-123.11527777777778,49.31478333333333,N VANCOUVER WHARVES,1105669,833.67.6,NORM,Y,A,67,1,2013-03-25 19:13:19,,BC,1981,2010,,1981,,2006,25,750,,1,100,Days with snowfall GE 10 cm,Jours avec chutes de neige >= 10 cm,6,0
-123.11527777777778,49.31478333333333,N VANCOUVER WHARVES,1105669,833.67.7,NORM,Y,C,67,1,2013-03-25 19:13:19,,BC,1981,2010,,1981,,2006,23,713,,2,100,Days with snowfall GE 10 cm,Jours avec chutes de neige >= 10 cm,7,0
-123.11527777777778,49.31478333333333,N VANCOUVER WHARVES,1105669,833.67.8,NORM,Y,C,67,1,2013-03-25 19:13:19,,BC,1981,2010,,1981,,2006,24,744,,2,100,Days with snowfall GE 10 cm,Jours avec chutes de neige >= 10 cm,8,0
-123.11527777777778,49.31478333333333,N VANCOUVER WHARVES,1105669,833.67.9,NORM,Y,C,67,1,2013-03-25 19:13:19,,BC,1981,2010,,1981,,2006,24,720,,1,100,Days with snowfall GE 10 cm,Jours avec chutes de neige >= 10 cm,9,0
-123.11527777777778,49.31478333333333,N VANCOUVER WHARVES,1105669,833.67.10,NORM,Y,C,67,1,2013-03-25 19:13:19,,BC,1981,2010,,1981,,2006,24,744,,2,100,Days with snowfall GE 10 cm,Jours avec chutes de neige >= 10 cm,10,0
-123.11527777777778,49.31478333333333,N VANCOUVER WHARVES,1105669,833.67.11,NORM,Y,C,67,1,2013-03-25 19:13:19,,BC,1981,2010,,1981,,2006,23,690,,1,95.83,Days with snowfall GE 10 cm,Jours avec chutes de neige >= 10 cm,11,0.13
-123.11527777777778,49.31478333333333,N VANCOUVER WHARVES,1105669,833.67.12,NORM,Y,C,67,1,2013-03-25 19:13:19,,BC,1981,2010,,1981,,2006,24,744,,1,100,Days with snowfall GE 10 cm,Jours avec chutes de neige >= 10 cm,12,0.38
-123.11527777777778,49.31478333333333,N VANCOUVER WHARVES,1105669,833.67.13,NORM,Y,C,67,1,2013-03-25 19:13:19,,BC,1981,2010,,1981,,2007,26,8917,,2,99.34,Days with snowfall GE 10 cm,Jours avec chutes de neige >= 10 cm,13,0.79
-123.11527777777778,49.31478333333333,N VANCOUVER WHARVES,1105669,833.68.1,NORM,Y,A,68,1,2013-03-25 19:13:19,,BC,1981,2010,,1981,,2007,26,806,,1,100,Days with snowfall GE 25 cm,Jours avec chutes de neige >= 25 cm,1,0
-123.11527777777778,49.31478333333333,N VANCOUVER WHARVES,1105669,833.68.2,NORM,Y,A,68,1,2013-03-25 19:13:19,,BC,1981,2010,,1981,,2007,25,706,,2,96.19,Days with snowfall GE 25 cm,Jours avec chutes de neige >= 25 cm,2,0
-123.11527777777778,49.31478333333333,N VANCOUVER WHARVES,1105669,833.68.3,NORM,Y,A,68,1,2013-03-25 19:13:19,,BC,1981,2010,,1981,,2006,25,775,,1,100,Days with snowfall GE 25 cm,Jours avec chutes de neige >= 25 cm,3,0
-123.11527777777778,49.31478333333333,N VANCOUVER WHARVES,1105669,833.68.4,NORM,Y,A,68,1,2013-03-25 19:13:19,,BC,1981,2010,,1981,,2006,25,750,,1,100,Days with snowfall GE 25 cm,Jours avec chutes de neige >= 25 cm,4,0
-123.11527777777778,49.31478333333333,N VANCOUVER WHARVES,1105669,833.68.5,NORM,Y,A,68,1,2013-03-25 19:13:19,,BC,1981,2010,,1981,,2006,25,775,,1,100,Days with snowfall GE 25 cm,Jours avec chutes de neige >= 25 cm,5,0
-123.11527777777778,49.31478333333333,N VANCOUVER WHARVES,1105669,833.68.6,NORM,Y,A,68,1,2013-03-25 19:13:19,,BC,1981,2010,,1981,,2006,25,750,,1,100,Days with snowfall GE 25 cm,Jours avec chutes de neige >= 25 cm,6,0
-123.11527777777778,49.31478333333333,N VANCOUVER WHARVES,1105669,833.68.7,NORM,Y,C,68,1,2013-03-25 19:13:19,,BC,1981,2010,,1981,,2006,23,713,,2,100,Days with snowfall GE 25 cm,Jours avec chutes de neige >= 25 cm,7,0
-123.11527777777778,49.31478333333333,N VANCOUVER WHARVES,1105669,833.68.8,NORM,Y,C,68,1,2013-03-25 19:13:19,,BC,1981,2010,,1981,,2006,24,744,,2,100,Days with snowfall GE 25 cm,Jours avec chutes de neige >= 25 cm,8,0
-123.11527777777778,49.31478333333333,N VANCOUVER WHARVES,1105669,833.68.9,NORM,Y,C,68,1,2013-03-25 19:13:19,,BC,1981,2010,,1981,,2006,24,720,,1,100,Days with snowfall GE 25 cm,Jours avec chutes de neige >= 25 cm,9,0
-123.11527777777778,49.31478333333333,N VANCOUVER WHARVES,1105669,833.68.10,NORM,Y,C,68,1,2013-03-25 19:13:19,,BC,1981,2010,,1981,,2006,24,744,,2,100,Days with snowfall GE 25 cm,Jours avec chutes de neige >= 25 cm,10,0
-123.11527777777778,49.31478333333333,N VANCOUVER WHARVES,1105669,833.68.11,NORM,Y,C,68,1,2013-03-25 19:13:19,,BC,1981,2010,,1981,,2006,23,690,,1,95.83,Days with snowfall GE 25 cm,Jours avec chutes de neige >= 25 cm,11,0
-123.11527777777778,49.31478333333333,N VANCOUVER WHARVES,1105669,833.68.12,NORM,Y,C,68,1,2013-03-25 19:13:19,,BC,1981,2010,,1981,,2006,24,744,,1,100,Days with snowfall GE 25 cm,Jours avec chutes de neige >= 25 cm,12,0.13
-123.11527777777778,49.31478333333333,N VANCOUVER WHARVES,1105669,833.68.13,NORM,Y,C,68,1,2013-03-25 19:13:19,,BC,1981,2010,,1981,,2007,26,8917,,2,99.34,Days with snowfall GE 25 cm,Jours avec chutes de neige >= 25 cm,13,0.13
-123.11527777777778,49.31478333333333,N VANCOUVER WHARVES,1105669,833.69.1,NORM,Y,A,69,1,2013-03-25 19:13:19,,BC,1981,2010,,1981,,2007,26,806,,1,100,Days with precipitation GE 0.2 mm,"Jours avec précipitations >= 0,2 mm",1,20.96
-123.11527777777778,49.31478333333333,N VANCOUVER WHARVES,1105669,833.69.2,NORM,Y,A,69,1,2013-03-25 19:13:19,,BC,1981,2010,,1981,,2007,25,706,,2,96.19,Days with precipitation GE 0.2 mm,"Jours avec précipitations >= 0,2 mm",2,15.44
-123.11527777777778,49.31478333333333,N VANCOUVER WHARVES,1105669,833.69.3,NORM,Y,A,69,1,2013-03-25 19:13:19,,BC,1981,2010,,1981,,2006,25,775,,1,100,Days with precipitation GE 0.2 mm,"Jours avec précipitations >= 0,2 mm",3,18.84
-123.11527777777778,49.31478333333333,N VANCOUVER WHARVES,1105669,833.69.4,NORM,Y,A,69,1,2013-03-25 19:13:19,,BC,1981,2010,,1981,,2006,25,750,,1,100,Days with precipitation GE 0.2 mm,"Jours avec précipitations >= 0,2 mm",4,16.8
-123.11527777777778,49.31478333333333,N VANCOUVER WHARVES,1105669,833.69.5,NORM,Y,A,69,1,2013-03-25 19:13:19,,BC,1981,2010,,1981,,2006,25,775,,1,100,Days with precipitation GE 0.2 mm,"Jours avec précipitations >= 0,2 mm",5,14.04
-123.11527777777778,49.31478333333333,N VANCOUVER WHARVES,1105669,833.69.6,NORM,Y,C,69,1,2013-03-25 19:13:19,,BC,1981,2010,,1981,,2006,24,720,,2,96,Days with precipitation GE 0.2 mm,"Jours avec précipitations >= 0,2 mm",6,12.04
-123.11527777777778,49.31478333333333,N VANCOUVER WHARVES,1105669,833.69.7,NORM,Y,C,69,1,2013-03-25 19:13:19,,BC,1981,2010,,1981,,2006,23,713,,2,100,Days with precipitation GE 0.2 mm,"Jours avec précipitations >= 0,2 mm",7,7.43
-123.11527777777778,49.31478333333333,N VANCOUVER WHARVES,1105669,833.69.8,NORM,Y,C,69,1,2013-03-25 19:13:19,,BC,1981,2010,,1981,,2006,24,744,,2,100,Days with precipitation GE 0.2 mm,"Jours avec précipitations >= 0,2 mm",8,7.13
-123.11527777777778,49.31478333333333,N VANCOUVER WHARVES,1105669,833.69.9,NORM,Y,C,69,1,2013-03-25 19:13:19,,BC,1981,2010,,1981,,2006,24,720,,1,100,Days with precipitation GE 0.2 mm,"Jours avec précipitations >= 0,2 mm",9,9.33
-123.11527777777778,49.31478333333333,N VANCOUVER WHARVES,1105669,833.69.10,NORM,Y,C,69,1,2013-03-25 19:13:19,,BC,1981,2010,,1981,,2006,24,744,,2,100,Days with precipitation GE 0.2 mm,"Jours avec précipitations >= 0,2 mm",10,16.71
-123.11527777777778,49.31478333333333,N VANCOUVER WHARVES,1105669,833.69.11,NORM,Y,C,69,1,2013-03-25 19:13:19,,BC,1981,2010,,1981,,2006,23,690,,1,95.83,Days with precipitation GE 0.2 mm,"Jours avec précipitations >= 0,2 mm",11,21.52
-123.11527777777778,49.31478333333333,N VANCOUVER WHARVES,1105669,833.69.12,NORM,Y,C,69,1,2013-03-25 19:13:19,,BC,1981,2010,,1981,,2006,23,713,,1,95.83,Days with precipitation GE 0.2 mm,"Jours avec précipitations >= 0,2 mm",12,20.91
-123.11527777777778,49.31478333333333,N VANCOUVER WHARVES,1105669,833.69.13,NORM,Y,C,69,1,2013-03-25 19:13:19,,BC,1981,2010,,1981,,2007,26,8856,,2,98.65,Days with precipitation GE 0.2 mm,"Jours avec précipitations >= 0,2 mm",13,181.15
-123.11527777777778,49.31478333333333,N VANCOUVER WHARVES,1105669,833.70.1,NORM,Y,A,70,1,2013-03-25 19:13:19,,BC,1981,2010,,1981,,2007,26,806,,1,100,Days with precipitation GE 5 mm,Jours avec précipitations >= 5 mm,1,13.5
-123.11527777777778,49.31478333333333,N VANCOUVER WHARVES,1105669,833.70.2,NORM,Y,A,70,1,2013-03-25 19:13:19,,BC,1981,2010,,1981,,2007,25,706,,2,96.19,Days with precipitation GE 5 mm,Jours avec précipitations >= 5 mm,2,8.36
-123.11527777777778,49.31478333333333,N VANCOUVER WHARVES,1105669,833.70.3,NORM,Y,A,70,1,2013-03-25 19:13:19,,BC,1981,2010,,1981,,2006,25,775,,1,100,Days with precipitation GE 5 mm,Jours avec précipitations >= 5 mm,3,10.04
-123.11527777777778,49.31478333333333,N VANCOUVER WHARVES,1105669,833.70.4,NORM,Y,A,70,1,2013-03-25 19:13:19,,BC,1981,2010,,1981,,2006,25,750,,1,100,Days with precipitation GE 5 mm,Jours avec précipitations >= 5 mm,4,7.96
-123.11527777777778,49.31478333333333,N VANCOUVER WHARVES,1105669,833.70.5,NORM,Y,A,70,1,2013-03-25 19:13:19,,BC,1981,2010,,1981,,2006,25,775,,1,100,Days with precipitation GE 5 mm,Jours avec précipitations >= 5 mm,5,6.48
-123.11527777777778,49.31478333333333,N VANCOUVER WHARVES,1105669,833.70.6,NORM,Y,C,70,1,2013-03-25 19:13:19,,BC,1981,2010,,1981,,2006,24,720,,2,96,Days with precipitation GE 5 mm,Jours avec précipitations >= 5 mm,6,4.71
-123.11527777777778,49.31478333333333,N VANCOUVER WHARVES,1105669,833.70.7,NORM,Y,C,70,1,2013-03-25 19:13:19,,BC,1981,2010,,1981,,2006,23,713,,2,100,Days with precipitation GE 5 mm,Jours avec précipitations >= 5 mm,7,3.04
-123.11527777777778,49.31478333333333,N VANCOUVER WHARVES,1105669,833.70.8,NORM,Y,C,70,1,2013-03-25 19:13:19,,BC,1981,2010,,1981,,2006,24,744,,2,100,Days with precipitation GE 5 mm,Jours avec précipitations >= 5 mm,8,2.75
-123.11527777777778,49.31478333333333,N VANCOUVER WHARVES,1105669,833.70.9,NORM,Y,C,70,1,2013-03-25 19:13:19,,BC,1981,2010,,1981,,2006,24,720,,1,100,Days with precipitation GE 5 mm,Jours avec précipitations >= 5 mm,9,4.13
-123.11527777777778,49.31478333333333,N VANCOUVER WHARVES,1105669,833.70.10,NORM,Y,C,70,1,2013-03-25 19:13:19,,BC,1981,2010,,1981,,2006,24,744,,2,100,Days with precipitation GE 5 mm,Jours avec précipitations >= 5 mm,10,9.13
-123.11527777777778,49.31478333333333,N VANCOUVER WHARVES,1105669,833.70.11,NORM,Y,C,70,1,2013-03-25 19:13:19,,BC,1981,2010,,1981,,2006,23,690,,1,95.83,Days with precipitation GE 5 mm,Jours avec précipitations >= 5 mm,11,13.39
-123.11527777777778,49.31478333333333,N VANCOUVER WHARVES,1105669,833.70.12,NORM,Y,C,70,1,2013-03-25 19:13:19,,BC,1981,2010,,1981,,2006,23,713,,1,95.83,Days with precipitation GE 5 mm,Jours avec précipitations >= 5 mm,12,12.43
-123.11527777777778,49.31478333333333,N VANCOUVER WHARVES,1105669,833.70.13,NORM,Y,C,70,1,2013-03-25 19:13:19,,BC,1981,2010,,1981,,2007,26,8856,,2,98.65,Days with precipitation GE 5 mm,Jours avec précipitations >= 5 mm,13,95.92
-123.11527777777778,49.31478333333333,N VANCOUVER WHARVES,1105669,833.71.1,NORM,Y,A,71,1,2013-03-25 19:13:19,,BC,1981,2010,,1981,,2007,26,806,,1,100,Days with precipitation GE 10 mm,Jours avec précipitations >= 10 mm,1,8.73
-123.11527777777778,49.31478333333333,N VANCOUVER WHARVES,1105669,833.71.2,NORM,Y,A,71,1,2013-03-25 19:13:19,,BC,1981,2010,,1981,,2007,25,706,,2,96.19,Days with precipitation GE 10 mm,Jours avec précipitations >= 10 mm,2,5.32
-123.11527777777778,49.31478333333333,N VANCOUVER WHARVES,1105669,833.71.3,NORM,Y,A,71,1,2013-03-25 19:13:19,,BC,1981,2010,,1981,,2006,25,775,,1,100,Days with precipitation GE 10 mm,Jours avec précipitations >= 10 mm,3,5.8
-123.11527777777778,49.31478333333333,N VANCOUVER WHARVES,1105669,833.71.4,NORM,Y,A,71,1,2013-03-25 19:13:19,,BC,1981,2010,,1981,,2006,25,750,,1,100,Days with precipitation GE 10 mm,Jours avec précipitations >= 10 mm,4,4.8
-123.11527777777778,49.31478333333333,N VANCOUVER WHARVES,1105669,833.71.5,NORM,Y,A,71,1,2013-03-25 19:13:19,,BC,1981,2010,,1981,,2006,25,775,,1,100,Days with precipitation GE 10 mm,Jours avec précipitations >= 10 mm,5,3.56
-123.11527777777778,49.31478333333333,N VANCOUVER WHARVES,1105669,833.71.6,NORM,Y,C,71,1,2013-03-25 19:13:19,,BC,1981,2010,,1981,,2006,24,720,,2,96,Days with precipitation GE 10 mm,Jours avec précipitations >= 10 mm,6,2.92
-123.11527777777778,49.31478333333333,N VANCOUVER WHARVES,1105669,833.71.7,NORM,Y,C,71,1,2013-03-25 19:13:19,,BC,1981,2010,,1981,,2006,23,713,,2,100,Days with precipitation GE 10 mm,Jours avec précipitations >= 10 mm,7,1.78
-123.11527777777778,49.31478333333333,N VANCOUVER WHARVES,1105669,833.71.8,NORM,Y,C,71,1,2013-03-25 19:13:19,,BC,1981,2010,,1981,,2006,24,744,,2,100,Days with precipitation GE 10 mm,Jours avec précipitations >= 10 mm,8,1.67
-123.11527777777778,49.31478333333333,N VANCOUVER WHARVES,1105669,833.71.9,NORM,Y,C,71,1,2013-03-25 19:13:19,,BC,1981,2010,,1981,,2006,24,720,,1,100,Days with precipitation GE 10 mm,Jours avec précipitations >= 10 mm,9,2.67
-123.11527777777778,49.31478333333333,N VANCOUVER WHARVES,1105669,833.71.10,NORM,Y,C,71,1,2013-03-25 19:13:19,,BC,1981,2010,,1981,,2006,24,744,,2,100,Days with precipitation GE 10 mm,Jours avec précipitations >= 10 mm,10,6.5
-123.11527777777778,49.31478333333333,N VANCOUVER WHARVES,1105669,833.71.11,NORM,Y,C,71,1,2013-03-25 19:13:19,,BC,1981,2010,,1981,,2006,23,690,,1,95.83,Days with precipitation GE 10 mm,Jours avec précipitations >= 10 mm,11,9.96
-123.11527777777778,49.31478333333333,N VANCOUVER WHARVES,1105669,833.71.12,NORM,Y,C,71,1,2013-03-25 19:13:19,,BC,1981,2010,,1981,,2006,23,713,,1,95.83,Days with precipitation GE 10 mm,Jours avec précipitations >= 10 mm,12,8.52
-123.11527777777778,49.31478333333333,N VANCOUVER WHARVES,1105669,833.71.13,NORM,Y,C,71,1,2013-03-25 19:13:19,,BC,1981,2010,,1981,,2007,26,8856,,2,98.65,Days with precipitation GE 10 mm,Jours avec précipitations >= 10 mm,13,62.23
-123.11527777777778,49.31478333333333,N VANCOUVER WHARVES,1105669,833.72.1,NORM,Y,A,72,1,2013-03-25 19:13:19,,BC,1981,2010,,1981,,2007,26,806,,1,100,Days with precipitation GE 25 mm,Jours avec précipitations >= 25 mm,1,2.92
-123.11527777777778,49.31478333333333,N VANCOUVER WHARVES,1105669,833.72.2,NORM,Y,A,72,1,2013-03-25 19:13:19,,BC,1981,2010,,1981,,2007,25,706,,2,96.19,Days with precipitation GE 25 mm,Jours avec précipitations >= 25 mm,2,1
-123.11527777777778,49.31478333333333,N VANCOUVER WHARVES,1105669,833.72.3,NORM,Y,A,72,1,2013-03-25 19:13:19,,BC,1981,2010,,1981,,2006,25,775,,1,100,Days with precipitation GE 25 mm,Jours avec précipitations >= 25 mm,3,1.04
-123.11527777777778,49.31478333333333,N VANCOUVER WHARVES,1105669,833.72.4,NORM,Y,A,72,1,2013-03-25 19:13:19,,BC,1981,2010,,1981,,2006,25,750,,1,100,Days with precipitation GE 25 mm,Jours avec précipitations >= 25 mm,4,0.8
-123.11527777777778,49.31478333333333,N VANCOUVER WHARVES,1105669,833.72.5,NORM,Y,A,72,1,2013-03-25 19:13:19,,BC,1981,2010,,1981,,2006,25,775,,1,100,Days with precipitation GE 25 mm,Jours avec précipitations >= 25 mm,5,0.64
-123.11527777777778,49.31478333333333,N VANCOUVER WHARVES,1105669,833.72.6,NORM,Y,C,72,1,2013-03-25 19:13:19,,BC,1981,2010,,1981,,2006,24,720,,2,96,Days with precipitation GE 25 mm,Jours avec précipitations >= 25 mm,6,0.79
-123.11527777777778,49.31478333333333,N VANCOUVER WHARVES,1105669,833.72.7,NORM,Y,C,72,1,2013-03-25 19:13:19,,BC,1981,2010,,1981,,2006,23,713,,2,100,Days with precipitation GE 25 mm,Jours avec précipitations >= 25 mm,7,0.26
-123.11527777777778,49.31478333333333,N VANCOUVER WHARVES,1105669,833.72.8,NORM,Y,C,72,1,2013-03-25 19:13:19,,BC,1981,2010,,1981,,2006,24,744,,2,100,Days with precipitation GE 25 mm,Jours avec précipitations >= 25 mm,8,0.46
-123.11527777777778,49.31478333333333,N VANCOUVER WHARVES,1105669,833.72.9,NORM,Y,C,72,1,2013-03-25 19:13:19,,BC,1981,2010,,1981,,2006,24,720,,1,100,Days with precipitation GE 25 mm,Jours avec précipitations >= 25 mm,9,0.88
-123.11527777777778,49.31478333333333,N VANCOUVER WHARVES,1105669,833.72.10,NORM,Y,C,72,1,2013-03-25 19:13:19,,BC,1981,2010,,1981,,2006,24,744,,2,100,Days with precipitation GE 25 mm,Jours avec précipitations >= 25 mm,10,2.13
-123.11527777777778,49.31478333333333,N VANCOUVER WHARVES,1105669,833.72.11,NORM,Y,C,72,1,2013-03-25 19:13:19,,BC,1981,2010,,1981,,2006,23,690,,1,95.83,Days with precipitation GE 25 mm,Jours avec précipitations >= 25 mm,11,3.7
-123.11527777777778,49.31478333333333,N VANCOUVER WHARVES,1105669,833.72.12,NORM,Y,C,72,1,2013-03-25 19:13:19,,BC,1981,2010,,1981,,2006,23,713,,1,95.83,Days with precipitation GE 25 mm,Jours avec précipitations >= 25 mm,12,2.3
-123.11527777777778,49.31478333333333,N VANCOUVER WHARVES,1105669,833.72.13,NORM,Y,C,72,1,2013-03-25 19:13:19,,BC,1981,2010,,1981,,2007,26,8856,,2,98.65,Days with precipitation GE 25 mm,Jours avec précipitations >= 25 mm,13,16.92
-123.11527777777778,49.31478333333333,N VANCOUVER WHARVES,1105669,833.73.1,NORM,Y,E,73,1,2013-03-25 19:13:19,,BC,1981,2010,,1981,,2006,14,429,,3,57.66,Mean Daily Snow Depth cm,Épaisseur de la neige moyenne quotidienne en cm,1,0.11
-123.11527777777778,49.31478333333333,N VANCOUVER WHARVES,1105669,833.73.2,NORM,Y,D,73,1,2013-03-25 19:13:19,,BC,1981,2010,,1981,,2007,17,473,,3,69.87,Mean Daily Snow Depth cm,Épaisseur de la neige moyenne quotidienne en cm,2,0.01
-123.11527777777778,49.31478333333333,N VANCOUVER WHARVES,1105669,833.73.3,NORM,Y,C,73,1,2013-03-25 19:13:19,,BC,1981,2010,,1981,,2006,24,738,,1,95.23,Mean Daily Snow Depth cm,Épaisseur de la neige moyenne quotidienne en cm,3,0
-123.11527777777778,49.31478333333333,N VANCOUVER WHARVES,1105669,833.73.4,NORM,Y,A,73,1,2013-03-25 19:13:19,,BC,1981,2010,,1981,,2006,25,750,,1,100,Mean Daily Snow Depth cm,Épaisseur de la neige moyenne quotidienne en cm,4,0
-123.11527777777778,49.31478333333333,N VANCOUVER WHARVES,1105669,833.73.5,NORM,Y,A,73,1,2013-03-25 19:13:19,,BC,1981,2010,,1981,,2006,25,775,,1,100,Mean Daily Snow Depth cm,Épaisseur de la neige moyenne quotidienne en cm,5,0
-123.11527777777778,49.31478333333333,N VANCOUVER WHARVES,1105669,833.73.6,NORM,Y,A,73,1,2013-03-25 19:13:19,,BC,1981,2010,,1981,,2006,25,750,,1,100,Mean Daily Snow Depth cm,Épaisseur de la neige moyenne quotidienne en cm,6,0
-123.11527777777778,49.31478333333333,N VANCOUVER WHARVES,1105669,833.73.7,NORM,Y,C,73,1,2013-03-25 19:13:19,,BC,1981,2010,,1981,,2006,23,713,,2,100,Mean Daily Snow Depth cm,Épaisseur de la neige moyenne quotidienne en cm,7,0
-123.11527777777778,49.31478333333333,N VANCOUVER WHARVES,1105669,833.73.8,NORM,Y,C,73,1,2013-03-25 19:13:19,,BC,1981,2010,,1981,,2006,24,744,,2,100,Mean Daily Snow Depth cm,Épaisseur de la neige moyenne quotidienne en cm,8,0
-123.11527777777778,49.31478333333333,N VANCOUVER WHARVES,1105669,833.73.9,NORM,Y,C,73,1,2013-03-25 19:13:19,,BC,1981,2010,,1981,,2006,24,720,,1,100,Mean Daily Snow Depth cm,Épaisseur de la neige moyenne quotidienne en cm,9,0
-123.11527777777778,49.31478333333333,N VANCOUVER WHARVES,1105669,833.73.10,NORM,Y,C,73,1,2013-03-25 19:13:19,,BC,1981,2010,,1981,,2006,24,744,,2,100,Mean Daily Snow Depth cm,Épaisseur de la neige moyenne quotidienne en cm,10,0
-123.11527777777778,49.31478333333333,N VANCOUVER WHARVES,1105669,833.73.11,NORM,Y,C,73,1,2013-03-25 19:13:19,,BC,1981,2010,,1981,,2005,20,594,,2,82.5,Mean Daily Snow Depth cm,Épaisseur de la neige moyenne quotidienne en cm,11,0
-123.11527777777778,49.31478333333333,N VANCOUVER WHARVES,1105669,833.73.12,NORM,Y,E,73,1,2013-03-25 19:13:19,,BC,1981,2010,,1981,,2005,14,426,,4,59.75,Mean Daily Snow Depth cm,Épaisseur de la neige moyenne quotidienne en cm,12,0
-123.11527777777778,49.31478333333333,N VANCOUVER WHARVES,1105669,833.73.13,NORM,Y,E,73,1,2013-03-25 19:13:19,,BC,1981,2010,,1981,,2007,25,7856,,4,88.75,Mean Daily Snow Depth cm,Épaisseur de la neige moyenne quotidienne en cm,13,0.01
-123.11527777777778,49.31478333333333,N VANCOUVER WHARVES,1105669,833.74.1,NORM,Y,E,74,1,2013-03-25 19:13:19,,BC,1981,2010,,1981,,2006,14,429,,3,57.66,Median Daily Snow Depth cm,Épaisseur de la neige médiane quotidienne en cm,1,0
-123.11527777777778,49.31478333333333,N VANCOUVER WHARVES,1105669,833.74.2,NORM,Y,D,74,1,2013-03-25 19:13:19,,BC,1981,2010,,1981,,2007,17,473,,3,69.87,Median Daily Snow Depth cm,Épaisseur de la neige médiane quotidienne en cm,2,0
-123.11527777777778,49.31478333333333,N VANCOUVER WHARVES,1105669,833.74.3,NORM,Y,C,74,1,2013-03-25 19:13:19,,BC,1981,2010,,1981,,2006,24,738,,1,95.23,Median Daily Snow Depth cm,Épaisseur de la neige médiane quotidienne en cm,3,0
-123.11527777777778,49.31478333333333,N VANCOUVER WHARVES,1105669,833.74.4,NORM,Y,A,74,1,2013-03-25 19:13:19,,BC,1981,2010,,1981,,2006,25,750,,1,100,Median Daily Snow Depth cm,Épaisseur de la neige médiane quotidienne en cm,4,0
-123.11527777777778,49.31478333333333,N VANCOUVER WHARVES,1105669,833.74.5,NORM,Y,A,74,1,2013-03-25 19:13:19,,BC,1981,2010,,1981,,2006,25,775,,1,100,Median Daily Snow Depth cm,Épaisseur de la neige médiane quotidienne en cm,5,0
-123.11527777777778,49.31478333333333,N VANCOUVER WHARVES,1105669,833.74.6,NORM,Y,A,74,1,2013-03-25 19:13:19,,BC,1981,2010,,1981,,2006,25,750,,1,100,Median Daily Snow Depth cm,Épaisseur de la neige médiane quotidienne en cm,6,0
-123.11527777777778,49.31478333333333,N VANCOUVER WHARVES,1105669,833.74.7,NORM,Y,C,74,1,2013-03-25 19:13:19,,BC,1981,2010,,1981,,2006,23,713,,2,100,Median Daily Snow Depth cm,Épaisseur de la neige médiane quotidienne en cm,7,0
-123.11527777777778,49.31478333333333,N VANCOUVER WHARVES,1105669,833.74.8,NORM,Y,C,74,1,2013-03-25 19:13:19,,BC,1981,2010,,1981,,2006,24,744,,2,100,Median Daily Snow Depth cm,Épaisseur de la neige médiane quotidienne en cm,8,0
-123.11527777777778,49.31478333333333,N VANCOUVER WHARVES,1105669,833.74.9,NORM,Y,C,74,1,2013-03-25 19:13:19,,BC,1981,2010,,1981,,2006,24,720,,1,100,Median Daily Snow Depth cm,Épaisseur de la neige médiane quotidienne en cm,9,0
-123.11527777777778,49.31478333333333,N VANCOUVER WHARVES,1105669,833.74.10,NORM,Y,C,74,1,2013-03-25 19:13:19,,BC,1981,2010,,1981,,2006,24,744,,2,100,Median Daily Snow Depth cm,Épaisseur de la neige médiane quotidienne en cm,10,0
-123.11527777777778,49.31478333333333,N VANCOUVER WHARVES,1105669,833.74.11,NORM,Y,C,74,1,2013-03-25 19:13:19,,BC,1981,2010,,1981,,2005,20,594,,2,82.5,Median Daily Snow Depth cm,Épaisseur de la neige médiane quotidienne en cm,11,0
-123.11527777777778,49.31478333333333,N VANCOUVER WHARVES,1105669,833.74.12,NORM,Y,E,74,1,2013-03-25 19:13:19,,BC,1981,2010,,1981,,2005,14,426,,4,59.75,Median Daily Snow Depth cm,Épaisseur de la neige médiane quotidienne en cm,12,0
-123.11527777777778,49.31478333333333,N VANCOUVER WHARVES,1105669,833.74.13,NORM,Y,E,74,1,2013-03-25 19:13:19,,BC,1981,2010,,1981,,2007,25,7856,,4,88.75,Median Daily Snow Depth cm,Épaisseur de la neige médiane quotidienne en cm,13,0
-123.11527777777778,49.31478333333333,N VANCOUVER WHARVES,1105669,833.76.1,NORM,Y,E,76,1,2013-03-25 19:13:19,,BC,1981,2010,,1981,,2006,11,341,,5,45.83,Days with snow depth GE 1 cm,Jours avec épaisseur de la neige >= 1 cm,1,0
-123.11527777777778,49.31478333333333,N VANCOUVER WHARVES,1105669,833.76.2,NORM,Y,E,76,1,2013-03-25 19:13:19,,BC,1981,2010,,1981,,2007,12,339,,4,50.07,Days with snow depth GE 1 cm,Jours avec épaisseur de la neige >= 1 cm,2,0
-123.11527777777778,49.31478333333333,N VANCOUVER WHARVES,1105669,833.76.3,NORM,Y,C,76,1,2013-03-25 19:13:19,,BC,1981,2010,,1981,,2006,21,651,,2,84,Days with snow depth GE 1 cm,Jours avec épaisseur de la neige >= 1 cm,3,0
-123.11527777777778,49.31478333333333,N VANCOUVER WHARVES,1105669,833.76.4,NORM,Y,A,76,1,2013-03-25 19:13:19,,BC,1981,2010,,1981,,2006,25,750,,1,100,Days with snow depth GE 1 cm,Jours avec épaisseur de la neige >= 1 cm,4,0
-123.11527777777778,49.31478333333333,N VANCOUVER WHARVES,1105669,833.76.5,NORM,Y,A,76,1,2013-03-25 19:13:19,,BC,1981,2010,,1981,,2006,25,775,,1,100,Days with snow depth GE 1 cm,Jours avec épaisseur de la neige >= 1 cm,5,0.04
-123.11527777777778,49.31478333333333,N VANCOUVER WHARVES,1105669,833.76.6,NORM,Y,A,76,1,2013-03-25 19:13:19,,BC,1981,2010,,1981,,2006,25,750,,1,100,Days with snow depth GE 1 cm,Jours avec épaisseur de la neige >= 1 cm,6,0
-123.11527777777778,49.31478333333333,N VANCOUVER WHARVES,1105669,833.76.7,NORM,Y,C,76,1,2013-03-25 19:13:19,,BC,1981,2010,,1981,,2006,23,713,,2,100,Days with snow depth GE 1 cm,Jours avec épaisseur de la neige >= 1 cm,7,0
-123.11527777777778,49.31478333333333,N VANCOUVER WHARVES,1105669,833.76.8,NORM,Y,C,76,1,2013-03-25 19:13:19,,BC,1981,2010,,1981,,2006,24,744,,2,100,Days with snow depth GE 1 cm,Jours avec épaisseur de la neige >= 1 cm,8,0
-123.11527777777778,49.31478333333333,N VANCOUVER WHARVES,1105669,833.76.9,NORM,Y,C,76,1,2013-03-25 19:13:19,,BC,1981,2010,,1981,,2006,24,720,,1,100,Days with snow depth GE 1 cm,Jours avec épaisseur de la neige >= 1 cm,9,0
-123.11527777777778,49.31478333333333,N VANCOUVER WHARVES,1105669,833.76.10,NORM,Y,C,76,1,2013-03-25 19:13:19,,BC,1981,2010,,1981,,2006,24,744,,2,100,Days with snow depth GE 1 cm,Jours avec épaisseur de la neige >= 1 cm,10,0
-123.11527777777778,49.31478333333333,N VANCOUVER WHARVES,1105669,833.76.11,NORM,Y,D,76,1,2013-03-25 19:13:19,,BC,1981,2010,,1981,,2004,17,510,,3,70.83,Days with snow depth GE 1 cm,Jours avec épaisseur de la neige >= 1 cm,11,0
-123.11527777777778,49.31478333333333,N VANCOUVER WHARVES,1105669,833.76.12,NORM,Y,E,76,1,2013-03-25 19:13:19,,BC,1981,2010,,1986,,2005,10,310,,2,43.48,Days with snow depth GE 1 cm,Jours avec épaisseur de la neige >= 1 cm,12,0
-123.11527777777778,49.31478333333333,N VANCOUVER WHARVES,1105669,833.76.13,NORM,Y,E,76,1,2013-03-25 19:13:19,,BC,1981,2010,,1981,,2007,25,7347,,5,82.85,Days with snow depth GE 1 cm,Jours avec épaisseur de la neige >= 1 cm,13,0.04
-123.11527777777778,49.31478333333333,N VANCOUVER WHARVES,1105669,833.77.1,NORM,Y,E,77,1,2013-03-25 19:13:19,,BC,1981,2010,,1981,,2006,11,341,,5,45.83,Days with snow depth GE 5 cm,Jours avec épaisseur de la neige >= 5 cm,1,0
-123.11527777777778,49.31478333333333,N VANCOUVER WHARVES,1105669,833.77.2,NORM,Y,E,77,1,2013-03-25 19:13:19,,BC,1981,2010,,1981,,2007,12,339,,4,50.07,Days with snow depth GE 5 cm,Jours avec épaisseur de la neige >= 5 cm,2,0
-123.11527777777778,49.31478333333333,N VANCOUVER WHARVES,1105669,833.77.3,NORM,Y,C,77,1,2013-03-25 19:13:19,,BC,1981,2010,,1981,,2006,21,651,,2,84,Days with snow depth GE 5 cm,Jours avec épaisseur de la neige >= 5 cm,3,0
-123.11527777777778,49.31478333333333,N VANCOUVER WHARVES,1105669,833.77.4,NORM,Y,A,77,1,2013-03-25 19:13:19,,BC,1981,2010,,1981,,2006,25,750,,1,100,Days with snow depth GE 5 cm,Jours avec épaisseur de la neige >= 5 cm,4,0
-123.11527777777778,49.31478333333333,N VANCOUVER WHARVES,1105669,833.77.5,NORM,Y,A,77,1,2013-03-25 19:13:19,,BC,1981,2010,,1981,,2006,25,775,,1,100,Days with snow depth GE 5 cm,Jours avec épaisseur de la neige >= 5 cm,5,0
-123.11527777777778,49.31478333333333,N VANCOUVER WHARVES,1105669,833.77.6,NORM,Y,A,77,1,2013-03-25 19:13:19,,BC,1981,2010,,1981,,2006,25,750,,1,100,Days with snow depth GE 5 cm,Jours avec épaisseur de la neige >= 5 cm,6,0
-123.11527777777778,49.31478333333333,N VANCOUVER WHARVES,1105669,833.77.7,NORM,Y,C,77,1,2013-03-25 19:13:19,,BC,1981,2010,,1981,,2006,23,713,,2,100,Days with snow depth GE 5 cm,Jours avec épaisseur de la neige >= 5 cm,7,0
-123.11527777777778,49.31478333333333,N VANCOUVER WHARVES,1105669,833.77.8,NORM,Y,C,77,1,2013-03-25 19:13:19,,BC,1981,2010,,1981,,2006,24,744,,2,100,Days with snow depth GE 5 cm,Jours avec épaisseur de la neige >= 5 cm,8,0
-123.11527777777778,49.31478333333333,N VANCOUVER WHARVES,1105669,833.77.9,NORM,Y,C,77,1,2013-03-25 19:13:19,,BC,1981,2010,,1981,,2006,24,720,,1,100,Days with snow depth GE 5 cm,Jours avec épaisseur de la neige >= 5 cm,9,0
-123.11527777777778,49.31478333333333,N VANCOUVER WHARVES,1105669,833.77.10,NORM,Y,C,77,1,2013-03-25 19:13:19,,BC,1981,2010,,1981,,2006,24,744,,2,100,Days with snow depth GE 5 cm,Jours avec épaisseur de la neige >= 5 cm,10,0
-123.11527777777778,49.31478333333333,N VANCOUVER WHARVES,1105669,833.77.11,NORM,Y,D,77,1,2013-03-25 19:13:19,,BC,1981,2010,,1981,,2004,17,510,,3,70.83,Days with snow depth GE 5 cm,Jours avec épaisseur de la neige >= 5 cm,11,0
-123.11527777777778,49.31478333333333,N VANCOUVER WHARVES,1105669,833.77.12,NORM,Y,E,77,1,2013-03-25 19:13:19,,BC,1981,2010,,1986,,2005,10,310,,2,43.48,Days with snow depth GE 5 cm,Jours avec épaisseur de la neige >= 5 cm,12,0
-123.11527777777778,49.31478333333333,N VANCOUVER WHARVES,1105669,833.77.13,NORM,Y,E,77,1,2013-03-25 19:13:19,,BC,1981,2010,,1981,,2007,25,7347,,5,82.85,Days with snow depth GE 5 cm,Jours avec épaisseur de la neige >= 5 cm,13,0
-123.11527777777778,49.31478333333333,N VANCOUVER WHARVES,1105669,833.78.1,NORM,Y,E,78,1,2013-03-25 19:13:19,,BC,1981,2010,,1981,,2006,11,341,,5,45.83,Days with snow depth GE 10 cm,Jours avec épaisseur de la neige >= 10 cm,1,0
-123.11527777777778,49.31478333333333,N VANCOUVER WHARVES,1105669,833.78.2,NORM,Y,E,78,1,2013-03-25 19:13:19,,BC,1981,2010,,1981,,2007,12,339,,4,50.07,Days with snow depth GE 10 cm,Jours avec épaisseur de la neige >= 10 cm,2,0
-123.11527777777778,49.31478333333333,N VANCOUVER WHARVES,1105669,833.78.3,NORM,Y,C,78,1,2013-03-25 19:13:19,,BC,1981,2010,,1981,,2006,21,651,,2,84,Days with snow depth GE 10 cm,Jours avec épaisseur de la neige >= 10 cm,3,0
-123.11527777777778,49.31478333333333,N VANCOUVER WHARVES,1105669,833.78.4,NORM,Y,A,78,1,2013-03-25 19:13:19,,BC,1981,2010,,1981,,2006,25,750,,1,100,Days with snow depth GE 10 cm,Jours avec épaisseur de la neige >= 10 cm,4,0
-123.11527777777778,49.31478333333333,N VANCOUVER WHARVES,1105669,833.78.5,NORM,Y,A,78,1,2013-03-25 19:13:19,,BC,1981,2010,,1981,,2006,25,775,,1,100,Days with snow depth GE 10 cm,Jours avec épaisseur de la neige >= 10 cm,5,0
-123.11527777777778,49.31478333333333,N VANCOUVER WHARVES,1105669,833.78.6,NORM,Y,A,78,1,2013-03-25 19:13:19,,BC,1981,2010,,1981,,2006,25,750,,1,100,Days with snow depth GE 10 cm,Jours avec épaisseur de la neige >= 10 cm,6,0
-123.11527777777778,49.31478333333333,N VANCOUVER WHARVES,1105669,833.78.7,NORM,Y,C,78,1,2013-03-25 19:13:19,,BC,1981,2010,,1981,,2006,23,713,,2,100,Days with snow depth GE 10 cm,Jours avec épaisseur de la neige >= 10 cm,7,0
-123.11527777777778,49.31478333333333,N VANCOUVER WHARVES,1105669,833.78.8,NORM,Y,C,78,1,2013-03-25 19:13:19,,BC,1981,2010,,1981,,2006,24,744,,2,100,Days with snow depth GE 10 cm,Jours avec épaisseur de la neige >= 10 cm,8,0
-123.11527777777778,49.31478333333333,N VANCOUVER WHARVES,1105669,833.78.9,NORM,Y,C,78,1,2013-03-25 19:13:19,,BC,1981,2010,,1981,,2006,24,720,,1,100,Days with snow depth GE 10 cm,Jours avec épaisseur de la neige >= 10 cm,9,0
-123.11527777777778,49.31478333333333,N VANCOUVER WHARVES,1105669,833.78.10,NORM,Y,C,78,1,2013-03-25 19:13:19,,BC,1981,2010,,1981,,2006,24,744,,2,100,Days with snow depth GE 10 cm,Jours avec épaisseur de la neige >= 10 cm,10,0
-123.11527777777778,49.31478333333333,N VANCOUVER WHARVES,1105669,833.78.11,NORM,Y,D,78,1,2013-03-25 19:13:19,,BC,1981,2010,,1981,,2004,17,510,,3,70.83,Days with snow depth GE 10 cm,Jours avec épaisseur de la neige >= 10 cm,11,0
-123.11527777777778,49.31478333333333,N VANCOUVER WHARVES,1105669,833.78.12,NORM,Y,E,78,1,2013-03-25 19:13:19,,BC,1981,2010,,1986,,2005,10,310,,2,43.48,Days with snow depth GE 10 cm,Jours avec épaisseur de la neige >= 10 cm,12,0
-123.11527777777778,49.31478333333333,N VANCOUVER WHARVES,1105669,833.78.13,NORM,Y,E,78,1,2013-03-25 19:13:19,,BC,1981,2010,,1981,,2007,25,7347,,5,82.85,Days with snow depth GE 10 cm,Jours avec épaisseur de la neige >= 10 cm,13,0
-123.11527777777778,49.31478333333333,N VANCOUVER WHARVES,1105669,833.79.1,NORM,Y,E,79,1,2013-03-25 19:13:19,,BC,1981,2010,,1981,,2006,11,341,,5,45.83,Days with snow depth GE 20 cm,Jours avec épaisseur de la neige >= 20 cm,1,0
-123.11527777777778,49.31478333333333,N VANCOUVER WHARVES,1105669,833.79.2,NORM,Y,E,79,1,2013-03-25 19:13:19,,BC,1981,2010,,1981,,2007,12,339,,4,50.07,Days with snow depth GE 20 cm,Jours avec épaisseur de la neige >= 20 cm,2,0
-123.11527777777778,49.31478333333333,N VANCOUVER WHARVES,1105669,833.79.3,NORM,Y,C,79,1,2013-03-25 19:13:19,,BC,1981,2010,,1981,,2006,21,651,,2,84,Days with snow depth GE 20 cm,Jours avec épaisseur de la neige >= 20 cm,3,0
-123.11527777777778,49.31478333333333,N VANCOUVER WHARVES,1105669,833.79.4,NORM,Y,A,79,1,2013-03-25 19:13:19,,BC,1981,2010,,1981,,2006,25,750,,1,100,Days with snow depth GE 20 cm,Jours avec épaisseur de la neige >= 20 cm,4,0
-123.11527777777778,49.31478333333333,N VANCOUVER WHARVES,1105669,833.79.5,NORM,Y,A,79,1,2013-03-25 19:13:19,,BC,1981,2010,,1981,,2006,25,775,,1,100,Days with snow depth GE 20 cm,Jours avec épaisseur de la neige >= 20 cm,5,0
-123.11527777777778,49.31478333333333,N VANCOUVER WHARVES,1105669,833.79.6,NORM,Y,A,79,1,2013-03-25 19:13:19,,BC,1981,2010,,1981,,2006,25,750,,1,100,Days with snow depth GE 20 cm,Jours avec épaisseur de la neige >= 20 cm,6,0
-123.11527777777778,49.31478333333333,N VANCOUVER WHARVES,1105669,833.79.7,NORM,Y,C,79,1,2013-03-25 19:13:19,,BC,1981,2010,,1981,,2006,23,713,,2,100,Days with snow depth GE 20 cm,Jours avec épaisseur de la neige >= 20 cm,7,0
-123.11527777777778,49.31478333333333,N VANCOUVER WHARVES,1105669,833.79.8,NORM,Y,C,79,1,2013-03-25 19:13:19,,BC,1981,2010,,1981,,2006,24,744,,2,100,Days with snow depth GE 20 cm,Jours avec épaisseur de la neige >= 20 cm,8,0
-123.11527777777778,49.31478333333333,N VANCOUVER WHARVES,1105669,833.79.9,NORM,Y,C,79,1,2013-03-25 19:13:19,,BC,1981,2010,,1981,,2006,24,720,,1,100,Days with snow depth GE 20 cm,Jours avec épaisseur de la neige >= 20 cm,9,0
-123.11527777777778,49.31478333333333,N VANCOUVER WHARVES,1105669,833.79.10,NORM,Y,C,79,1,2013-03-25 19:13:19,,BC,1981,2010,,1981,,2006,24,744,,2,100,Days with snow depth GE 20 cm,Jours avec épaisseur de la neige >= 20 cm,10,0
-123.11527777777778,49.31478333333333,N VANCOUVER WHARVES,1105669,833.79.11,NORM,Y,D,79,1,2013-03-25 19:13:19,,BC,1981,2010,,1981,,2004,17,510,,3,70.83,Days with snow depth GE 20 cm,Jours avec épaisseur de la neige >= 20 cm,11,0
-123.11527777777778,49.31478333333333,N VANCOUVER WHARVES,1105669,833.79.12,NORM,Y,E,79,1,2013-03-25 19:13:19,,BC,1981,2010,,1986,,2005,10,310,,2,43.48,Days with snow depth GE 20 cm,Jours avec épaisseur de la neige >= 20 cm,12,0
-123.11527777777778,49.31478333333333,N VANCOUVER WHARVES,1105669,833.79.13,NORM,Y,E,79,1,2013-03-25 19:13:19,,BC,1981,2010,,1981,,2007,25,7347,,5,82.85,Days with snow depth GE 20 cm,Jours avec épaisseur de la neige >= 20 cm,13,0
-123.11527777777778,49.31478333333333,N VANCOUVER WHARVES,1105669,833.80.1,NORM,Y,E,80,1,2013-03-25 19:13:19,,BC,1981,2010,,1981,,2006,11,341,,5,45.83,Days with snow depth GE 50 cm,Jours avec épaisseur de la neige >=50 cm,1,0
-123.11527777777778,49.31478333333333,N VANCOUVER WHARVES,1105669,833.80.2,NORM,Y,E,80,1,2013-03-25 19:13:19,,BC,1981,2010,,1981,,2007,12,339,,4,50.07,Days with snow depth GE 50 cm,Jours avec épaisseur de la neige >=50 cm,2,0
-123.11527777777778,49.31478333333333,N VANCOUVER WHARVES,1105669,833.80.3,NORM,Y,C,80,1,2013-03-25 19:13:19,,BC,1981,2010,,1981,,2006,21,651,,2,84,Days with snow depth GE 50 cm,Jours avec épaisseur de la neige >=50 cm,3,0
-123.11527777777778,49.31478333333333,N VANCOUVER WHARVES,1105669,833.80.4,NORM,Y,A,80,1,2013-03-25 19:13:19,,BC,1981,2010,,1981,,2006,25,750,,1,100,Days with snow depth GE 50 cm,Jours avec épaisseur de la neige >=50 cm,4,0
-123.11527777777778,49.31478333333333,N VANCOUVER WHARVES,1105669,833.80.5,NORM,Y,A,80,1,2013-03-25 19:13:19,,BC,1981,2010,,1981,,2006,25,775,,1,100,Days with snow depth GE 50 cm,Jours avec épaisseur de la neige >=50 cm,5,0
-123.11527777777778,49.31478333333333,N VANCOUVER WHARVES,1105669,833.80.6,NORM,Y,A,80,1,2013-03-25 19:13:19,,BC,1981,2010,,1981,,2006,25,750,,1,100,Days with snow depth GE 50 cm,Jours avec épaisseur de la neige >=50 cm,6,0
-123.11527777777778,49.31478333333333,N VANCOUVER WHARVES,1105669,833.80.7,NORM,Y,C,80,1,2013-03-25 19:13:19,,BC,1981,2010,,1981,,2006,23,713,,2,100,Days with snow depth GE 50 cm,Jours avec épaisseur de la neige >=50 cm,7,0
-123.11527777777778,49.31478333333333,N VANCOUVER WHARVES,1105669,833.80.8,NORM,Y,C,80,1,2013-03-25 19:13:19,,BC,1981,2010,,1981,,2006,24,744,,2,100,Days with snow depth GE 50 cm,Jours avec épaisseur de la neige >=50 cm,8,0
-123.11527777777778,49.31478333333333,N VANCOUVER WHARVES,1105669,833.80.9,NORM,Y,C,80,1,2013-03-25 19:13:19,,BC,1981,2010,,1981,,2006,24,720,,1,100,Days with snow depth GE 50 cm,Jours avec épaisseur de la neige >=50 cm,9,0
-123.11527777777778,49.31478333333333,N VANCOUVER WHARVES,1105669,833.80.10,NORM,Y,C,80,1,2013-03-25 19:13:19,,BC,1981,2010,,1981,,2006,24,744,,2,100,Days with snow depth GE 50 cm,Jours avec épaisseur de la neige >=50 cm,10,0
-123.11527777777778,49.31478333333333,N VANCOUVER WHARVES,1105669,833.80.11,NORM,Y,D,80,1,2013-03-25 19:13:19,,BC,1981,2010,,1981,,2004,17,510,,3,70.83,Days with snow depth GE 50 cm,Jours avec épaisseur de la neige >=50 cm,11,0
-123.11527777777778,49.31478333333333,N VANCOUVER WHARVES,1105669,833.80.12,NORM,Y,E,80,1,2013-03-25 19:13:19,,BC,1981,2010,,1986,,2005,10,310,,2,43.48,Days with snow depth GE 50 cm,Jours avec épaisseur de la neige >=50 cm,12,0
-123.11527777777778,49.31478333333333,N VANCOUVER WHARVES,1105669,833.80.13,NORM,Y,E,80,1,2013-03-25 19:13:19,,BC,1981,2010,,1981,,2007,25,7347,,5,82.85,Days with snow depth GE 50 cm,Jours avec épaisseur de la neige >=50 cm,13,0
-123.11527777777778,49.31478333333333,N VANCOUVER WHARVES,1105669,833.81.1,NORM,Y,E,81,1,2013-03-25 19:13:19,,BC,1981,2010,,1981,,2006,11,341,,5,45.83,Days with snow depth GE 100 cm,Jours avec épaisseur de la neige >= 100 cm,1,0
-123.11527777777778,49.31478333333333,N VANCOUVER WHARVES,1105669,833.81.2,NORM,Y,E,81,1,2013-03-25 19:13:19,,BC,1981,2010,,1981,,2007,12,339,,4,50.07,Days with snow depth GE 100 cm,Jours avec épaisseur de la neige >= 100 cm,2,0
-123.11527777777778,49.31478333333333,N VANCOUVER WHARVES,1105669,833.81.3,NORM,Y,C,81,1,2013-03-25 19:13:19,,BC,1981,2010,,1981,,2006,21,651,,2,84,Days with snow depth GE 100 cm,Jours avec épaisseur de la neige >= 100 cm,3,0
-123.11527777777778,49.31478333333333,N VANCOUVER WHARVES,1105669,833.81.4,NORM,Y,A,81,1,2013-03-25 19:13:19,,BC,1981,2010,,1981,,2006,25,750,,1,100,Days with snow depth GE 100 cm,Jours avec épaisseur de la neige >= 100 cm,4,0
-123.11527777777778,49.31478333333333,N VANCOUVER WHARVES,1105669,833.81.5,NORM,Y,A,81,1,2013-03-25 19:13:19,,BC,1981,2010,,1981,,2006,25,775,,1,100,Days with snow depth GE 100 cm,Jours avec épaisseur de la neige >= 100 cm,5,0
-123.11527777777778,49.31478333333333,N VANCOUVER WHARVES,1105669,833.81.6,NORM,Y,A,81,1,2013-03-25 19:13:19,,BC,1981,2010,,1981,,2006,25,750,,1,100,Days with snow depth GE 100 cm,Jours avec épaisseur de la neige >= 100 cm,6,0
-123.11527777777778,49.31478333333333,N VANCOUVER WHARVES,1105669,833.81.7,NORM,Y,C,81,1,2013-03-25 19:13:19,,BC,1981,2010,,1981,,2006,23,713,,2,100,Days with snow depth GE 100 cm,Jours avec épaisseur de la neige >= 100 cm,7,0
-123.11527777777778,49.31478333333333,N VANCOUVER WHARVES,1105669,833.81.8,NORM,Y,C,81,1,2013-03-25 19:13:19,,BC,1981,2010,,1981,,2006,24,744,,2,100,Days with snow depth GE 100 cm,Jours avec épaisseur de la neige >= 100 cm,8,0
-123.11527777777778,49.31478333333333,N VANCOUVER WHARVES,1105669,833.81.9,NORM,Y,C,81,1,2013-03-25 19:13:19,,BC,1981,2010,,1981,,2006,24,720,,1,100,Days with snow depth GE 100 cm,Jours avec épaisseur de la neige >= 100 cm,9,0
-123.11527777777778,49.31478333333333,N VANCOUVER WHARVES,1105669,833.81.10,NORM,Y,C,81,1,2013-03-25 19:13:19,,BC,1981,2010,,1981,,2006,24,744,,2,100,Days with snow depth GE 100 cm,Jours avec épaisseur de la neige >= 100 cm,10,0
-123.11527777777778,49.31478333333333,N VANCOUVER WHARVES,1105669,833.81.11,NORM,Y,D,81,1,2013-03-25 19:13:19,,BC,1981,2010,,1981,,2004,17,510,,3,70.83,Days with snow depth GE 100 cm,Jours avec épaisseur de la neige >= 100 cm,11,0
-123.11527777777778,49.31478333333333,N VANCOUVER WHARVES,1105669,833.81.12,NORM,Y,E,81,1,2013-03-25 19:13:19,,BC,1981,2010,,1986,,2005,10,310,,2,43.48,Days with snow depth GE 100 cm,Jours avec épaisseur de la neige >= 100 cm,12,0
-123.11527777777778,49.31478333333333,N VANCOUVER WHARVES,1105669,833.81.13,NORM,Y,E,81,1,2013-03-25 19:13:19,,BC,1981,2010,,1981,,2007,25,7347,,5,82.85,Days with snow depth GE 100 cm,Jours avec épaisseur de la neige >= 100 cm,13,0
-123.11527777777778,49.31478333333333,N VANCOUVER WHARVES,1105669,833.82.1,NORM,Y,D,82,1,2013-03-25 19:13:19,,BC,1981,2010,,1981,,2007,19,19,,3,79.17,Mean month end snow depth cm,Épaisseur de la neige moyenne à la fin d'un mois en cm,1,0
-123.11527777777778,49.31478333333333,N VANCOUVER WHARVES,1105669,833.82.2,NORM,Y,C,82,1,2013-03-25 19:13:19,,BC,1981,2010,,1981,,2007,24,24,,1,100,Mean month end snow depth cm,Épaisseur de la neige moyenne à la fin d'un mois en cm,2,0
-123.11527777777778,49.31478333333333,N VANCOUVER WHARVES,1105669,833.82.3,NORM,Y,A,82,1,2013-03-25 19:13:19,,BC,1981,2010,,1981,,2006,25,25,,1,100,Mean month end snow depth cm,Épaisseur de la neige moyenne à la fin d'un mois en cm,3,0
-123.11527777777778,49.31478333333333,N VANCOUVER WHARVES,1105669,833.82.4,NORM,Y,A,82,1,2013-03-25 19:13:19,,BC,1981,2010,,1981,,2006,25,25,,1,100,Mean month end snow depth cm,Épaisseur de la neige moyenne à la fin d'un mois en cm,4,0
-123.11527777777778,49.31478333333333,N VANCOUVER WHARVES,1105669,833.82.5,NORM,Y,A,82,1,2013-03-25 19:13:19,,BC,1981,2010,,1981,,2006,25,25,,1,100,Mean month end snow depth cm,Épaisseur de la neige moyenne à la fin d'un mois en cm,5,0
-123.11527777777778,49.31478333333333,N VANCOUVER WHARVES,1105669,833.82.6,NORM,Y,A,82,1,2013-03-25 19:13:19,,BC,1981,2010,,1981,,2006,25,25,,1,100,Mean month end snow depth cm,Épaisseur de la neige moyenne à la fin d'un mois en cm,6,0
-123.11527777777778,49.31478333333333,N VANCOUVER WHARVES,1105669,833.82.7,NORM,Y,C,82,1,2013-03-25 19:13:19,,BC,1981,2010,,1981,,2006,23,23,,2,100,Mean month end snow depth cm,Épaisseur de la neige moyenne à la fin d'un mois en cm,7,0
-123.11527777777778,49.31478333333333,N VANCOUVER WHARVES,1105669,833.82.8,NORM,Y,C,82,1,2013-03-25 19:13:19,,BC,1981,2010,,1981,,2006,24,24,,2,100,Mean month end snow depth cm,Épaisseur de la neige moyenne à la fin d'un mois en cm,8,0
-123.11527777777778,49.31478333333333,N VANCOUVER WHARVES,1105669,833.82.9,NORM,Y,C,82,1,2013-03-25 19:13:19,,BC,1981,2010,,1981,,2006,24,24,,1,100,Mean month end snow depth cm,Épaisseur de la neige moyenne à la fin d'un mois en cm,9,0
-123.11527777777778,49.31478333333333,N VANCOUVER WHARVES,1105669,833.82.10,NORM,Y,C,82,1,2013-03-25 19:13:19,,BC,1981,2010,,1981,,2006,24,24,,2,100,Mean month end snow depth cm,Épaisseur de la neige moyenne à la fin d'un mois en cm,10,0
-123.11527777777778,49.31478333333333,N VANCOUVER WHARVES,1105669,833.82.11,NORM,Y,C,82,1,2013-03-25 19:13:19,,BC,1981,2010,,1981,,2005,22,22,,1,91.67,Mean month end snow depth cm,Épaisseur de la neige moyenne à la fin d'un mois en cm,11,0
-123.11527777777778,49.31478333333333,N VANCOUVER WHARVES,1105669,833.82.12,NORM,Y,D,82,1,2013-03-25 19:13:19,,BC,1981,2010,,1983,,2006,17,17,,1,73.91,Mean month end snow depth cm,Épaisseur de la neige moyenne à la fin d'un mois en cm,12,0
-123.11527777777778,49.31478333333333,N VANCOUVER WHARVES,1105669,833.82.13,NORM,Y,D,82,1,2013-03-25 19:13:19,,BC,1981,2010,,1981,,2007,25,277,,3,95.4,Mean month end snow depth cm,Épaisseur de la neige moyenne à la fin d'un mois en cm,13,0
-123.11527777777778,49.31478333333333,N VANCOUVER WHARVES,1105669,833.83.1,NORM,Y,E,83,1,2013-03-25 19:13:19,,BC,1981,2010,,1981,,1997,14,434,,2,100,Days with freezing rain or freezing drizzle,Jours avec pluie verglaçante ou bruine verglaçante,1,0
-123.11527777777778,49.31478333333333,N VANCOUVER WHARVES,1105669,833.83.2,NORM,Y,E,83,1,2013-03-25 19:13:19,,BC,1981,2010,,1981,,2000,14,396,,5,100,Days with freezing rain or freezing drizzle,Jours avec pluie verglaçante ou bruine verglaçante,2,0
-123.11527777777778,49.31478333333333,N VANCOUVER WHARVES,1105669,833.83.3,NORM,Y,E,83,1,2013-03-25 19:13:19,,BC,1981,2010,,1981,,1999,14,434,,4,100,Days with freezing rain or freezing drizzle,Jours avec pluie verglaçante ou bruine verglaçante,3,0
-123.11527777777778,49.31478333333333,N VANCOUVER WHARVES,1105669,833.83.4,NORM,Y,E,83,1,2013-03-25 19:13:19,,BC,1981,2010,,1981,,1994,13,390,,1,100,Days with freezing rain or freezing drizzle,Jours avec pluie verglaçante ou bruine verglaçante,4,0
-123.11527777777778,49.31478333333333,N VANCOUVER WHARVES,1105669,833.83.5,NORM,Y,E,83,1,2013-03-25 19:13:19,,BC,1981,2010,,1981,,1997,14,434,,2,100,Days with freezing rain or freezing drizzle,Jours avec pluie verglaçante ou bruine verglaçante,5,0
-123.11527777777778,49.31478333333333,N VANCOUVER WHARVES,1105669,833.83.6,NORM,Y,E,83,1,2013-03-25 19:13:19,,BC,1981,2010,,1981,,1994,13,390,,1,100,Days with freezing rain or freezing drizzle,Jours avec pluie verglaçante ou bruine verglaçante,6,0
-123.11527777777778,49.31478333333333,N VANCOUVER WHARVES,1105669,833.83.7,NORM,Y,E,83,1,2013-03-25 19:13:19,,BC,1981,2010,,1981,,2001,12,372,,6,100,Days with freezing rain or freezing drizzle,Jours avec pluie verglaçante ou bruine verglaçante,7,0
-123.11527777777778,49.31478333333333,N VANCOUVER WHARVES,1105669,833.83.8,NORM,Y,E,83,1,2013-03-25 19:13:19,,BC,1981,2010,,1981,,1993,11,341,,2,100,Days with freezing rain or freezing drizzle,Jours avec pluie verglaçante ou bruine verglaçante,8,0
-123.11527777777778,49.31478333333333,N VANCOUVER WHARVES,1105669,833.83.9,NORM,Y,E,83,1,2013-03-25 19:13:19,,BC,1981,2010,,1981,,1993,11,330,,1,100,Days with freezing rain or freezing drizzle,Jours avec pluie verglaçante ou bruine verglaçante,9,0
-123.11527777777778,49.31478333333333,N VANCOUVER WHARVES,1105669,833.83.10,NORM,Y,E,83,1,2013-03-25 19:13:19,,BC,1981,2010,,1981,,1993,11,341,,2,100,Days with freezing rain or freezing drizzle,Jours avec pluie verglaçante ou bruine verglaçante,10,0
-123.11527777777778,49.31478333333333,N VANCOUVER WHARVES,1105669,833.83.11,NORM,Y,E,83,1,2013-03-25 19:13:19,,BC,1981,2010,,1981,,2000,13,390,,3,100,Days with freezing rain or freezing drizzle,Jours avec pluie verglaçante ou bruine verglaçante,11,0
-123.11527777777778,49.31478333333333,N VANCOUVER WHARVES,1105669,833.83.12,NORM,Y,E,83,1,2013-03-25 19:13:19,,BC,1981,2010,,1981,,1996,12,372,,2,92.31,Days with freezing rain or freezing drizzle,Jours avec pluie verglaçante ou bruine verglaçante,12,0
-123.11527777777778,49.31478333333333,N VANCOUVER WHARVES,1105669,833.83.13,NORM,Y,E,83,1,2013-03-25 19:13:19,,BC,1981,2010,,1981,,2001,14,4624,,6,99.36,Days with freezing rain or freezing drizzle,Jours avec pluie verglaçante ou bruine verglaçante,13,0
-123.11527777777778,49.31478333333333,N VANCOUVER WHARVES,1105669,833.84.1,NORM,Y,E,84,1,2013-03-25 19:13:19,,BC,1981,2010,,1981,,1997,14,434,,2,93.33,Days with thunderstorms,Jours avec orages,1,0
-123.11527777777778,49.31478333333333,N VANCOUVER WHARVES,1105669,833.84.2,NORM,Y,E,84,1,2013-03-25 19:13:19,,BC,1981,2010,,1981,,2000,14,396,,5,100,Days with thunderstorms,Jours avec orages,2,0
-123.11527777777778,49.31478333333333,N VANCOUVER WHARVES,1105669,833.84.3,NORM,Y,E,84,1,2013-03-25 19:13:19,,BC,1981,2010,,1981,,1999,14,434,,4,93.33,Days with thunderstorms,Jours avec orages,3,0
-123.11527777777778,49.31478333333333,N VANCOUVER WHARVES,1105669,833.84.4,NORM,Y,E,84,1,2013-03-25 19:13:19,,BC,1981,2010,,1981,,1994,13,390,,1,100,Days with thunderstorms,Jours avec orages,4,0
-123.11527777777778,49.31478333333333,N VANCOUVER WHARVES,1105669,833.84.5,NORM,Y,E,84,1,2013-03-25 19:13:19,,BC,1981,2010,,1981,,1997,14,434,,2,87.5,Days with thunderstorms,Jours avec orages,5,0.07
-123.11527777777778,49.31478333333333,N VANCOUVER WHARVES,1105669,833.84.6,NORM,Y,E,84,1,2013-03-25 19:13:19,,BC,1981,2010,,1981,,1994,13,390,,1,86.67,Days with thunderstorms,Jours avec orages,6,0.08
-123.11527777777778,49.31478333333333,N VANCOUVER WHARVES,1105669,833.84.7,NORM,Y,E,84,1,2013-03-25 19:13:19,,BC,1981,2010,,1981,,2001,12,372,,6,85.71,Days with thunderstorms,Jours avec orages,7,0.17
-123.11527777777778,49.31478333333333,N VANCOUVER WHARVES,1105669,833.84.8,NORM,Y,E,84,1,2013-03-25 19:13:19,,BC,1981,2010,,1981,,1993,11,341,,2,84.62,Days with thunderstorms,Jours avec orages,8,0.18
-123.11527777777778,49.31478333333333,N VANCOUVER WHARVES,1105669,833.84.9,NORM,Y,E,84,1,2013-03-25 19:13:19,,BC,1981,2010,,1981,,1993,11,330,,1,78.57,Days with thunderstorms,Jours avec orages,9,0
-123.11527777777778,49.31478333333333,N VANCOUVER WHARVES,1105669,833.84.10,NORM,Y,E,84,1,2013-03-25 19:13:19,,BC,1981,2010,,1981,,1993,11,341,,2,100,Days with thunderstorms,Jours avec orages,10,0
-123.11527777777778,49.31478333333333,N VANCOUVER WHARVES,1105669,833.84.11,NORM,Y,E,84,1,2013-03-25 19:13:19,,BC,1981,2010,,1981,,2000,13,390,,3,100,Days with thunderstorms,Jours avec orages,11,0
-123.11527777777778,49.31478333333333,N VANCOUVER WHARVES,1105669,833.84.12,NORM,Y,E,84,1,2013-03-25 19:13:19,,BC,1981,2010,,1981,,1996,12,372,,2,92.31,Days with thunderstorms,Jours avec orages,12,0
-123.11527777777778,49.31478333333333,N VANCOUVER WHARVES,1105669,833.84.13,NORM,Y,E,84,1,2013-03-25 19:13:19,,BC,1981,2010,,1981,,2001,14,4624,,6,91.84,Days with thunderstorms,Jours avec orages,13,0.5
-123.11527777777778,49.31478333333333,N VANCOUVER WHARVES,1105669,833.85.1,NORM,Y,E,85,1,2013-03-25 19:13:19,,BC,1981,2010,,1981,,1997,14,434,,2,93.33,Days with hail,Jours avec grêle,1,0
-123.11527777777778,49.31478333333333,N VANCOUVER WHARVES,1105669,833.85.2,NORM,Y,E,85,1,2013-03-25 19:13:19,,BC,1981,2010,,1981,,2000,14,396,,5,100,Days with hail,Jours avec grêle,2,0
-123.11527777777778,49.31478333333333,N VANCOUVER WHARVES,1105669,833.85.3,NORM,Y,E,85,1,2013-03-25 19:13:19,,BC,1981,2010,,1981,,1999,14,434,,4,100,Days with hail,Jours avec grêle,3,0.07
-123.11527777777778,49.31478333333333,N VANCOUVER WHARVES,1105669,833.85.4,NORM,Y,E,85,1,2013-03-25 19:13:19,,BC,1981,2010,,1981,,1994,13,390,,1,86.67,Days with hail,Jours avec grêle,4,0
-123.11527777777778,49.31478333333333,N VANCOUVER WHARVES,1105669,833.85.5,NORM,Y,E,85,1,2013-03-25 19:13:19,,BC,1981,2010,,1981,,1997,14,434,,2,87.5,Days with hail,Jours avec grêle,5,0
-123.11527777777778,49.31478333333333,N VANCOUVER WHARVES,1105669,833.85.6,NORM,Y,E,85,1,2013-03-25 19:13:19,,BC,1981,2010,,1981,,1994,13,390,,1,100,Days with hail,Jours avec grêle,6,0
-123.11527777777778,49.31478333333333,N VANCOUVER WHARVES,1105669,833.85.7,NORM,Y,E,85,1,2013-03-25 19:13:19,,BC,1981,2010,,1981,,2001,12,372,,6,100,Days with hail,Jours avec grêle,7,0
-123.11527777777778,49.31478333333333,N VANCOUVER WHARVES,1105669,833.85.8,NORM,Y,E,85,1,2013-03-25 19:13:19,,BC,1981,2010,,1981,,1993,11,341,,2,100,Days with hail,Jours avec grêle,8,0
-123.11527777777778,49.31478333333333,N VANCOUVER WHARVES,1105669,833.85.9,NORM,Y,E,85,1,2013-03-25 19:13:19,,BC,1981,2010,,1981,,1993,11,330,,1,91.67,Days with hail,Jours avec grêle,9,0
-123.11527777777778,49.31478333333333,N VANCOUVER WHARVES,1105669,833.85.10,NORM,Y,E,85,1,2013-03-25 19:13:19,,BC,1981,2010,,1981,,1993,11,341,,2,100,Days with hail,Jours avec grêle,10,0.09
-123.11527777777778,49.31478333333333,N VANCOUVER WHARVES,1105669,833.85.11,NORM,Y,E,85,1,2013-03-25 19:13:19,,BC,1981,2010,,1981,,2000,13,390,,3,100,Days with hail,Jours avec grêle,11,0.08
-123.11527777777778,49.31478333333333,N VANCOUVER WHARVES,1105669,833.85.12,NORM,Y,E,85,1,2013-03-25 19:13:19,,BC,1981,2010,,1981,,1996,12,372,,2,100,Days with hail,Jours avec grêle,12,0
-123.11527777777778,49.31478333333333,N VANCOUVER WHARVES,1105669,833.85.13,NORM,Y,E,85,1,2013-03-25 19:13:19,,BC,1981,2010,,1981,,2001,14,4624,,6,96.6,Days with hail,Jours avec grêle,13,0.24
-123.18194444444444,49.195,VANCOUVER INT'L A,1108447,889.1.1,NORM,Y,A,1,1,2012-10-10 14:40:42,,BC,1981,2010,,1981,,2010,30,930,,0,100,Mean daily temperature deg C,Température moyenne quotidienne en degree C,1,4.13
-123.18194444444444,49.195,VANCOUVER INT'L A,1108447,889.1.2,NORM,Y,A,1,1,2012-10-10 14:40:42,,BC,1981,2010,,1981,,2010,30,847,,0,100,Mean daily temperature deg C,Température moyenne quotidienne en degree C,2,4.9
-123.18194444444444,49.195,VANCOUVER INT'L A,1108447,889.1.3,NORM,Y,A,1,1,2012-10-10 14:40:42,,BC,1981,2010,,1981,,2010,30,930,,0,100,Mean daily temperature deg C,Température moyenne quotidienne en degree C,3,6.88
-123.18194444444444,49.195,VANCOUVER INT'L A,1108447,889.1.4,NORM,Y,A,1,1,2012-10-10 14:40:42,,BC,1981,2010,,1981,,2010,30,899,,0,99.89,Mean daily temperature deg C,Température moyenne quotidienne en degree C,4,9.39
-123.18194444444444,49.195,VANCOUVER INT'L A,1108447,889.1.5,NORM,Y,A,1,1,2012-10-10 14:40:42,,BC,1981,2010,,1981,,2010,30,929,,0,99.89,Mean daily temperature deg C,Température moyenne quotidienne en degree C,5,12.8
-123.18194444444444,49.195,VANCOUVER INT'L A,1108447,889.1.6,NORM,Y,A,1,1,2012-10-10 14:40:42,,BC,1981,2010,,1981,,2010,30,900,,0,100,Mean daily temperature deg C,Température moyenne quotidienne en degree C,6,15.66
-123.18194444444444,49.195,VANCOUVER INT'L A,1108447,889.1.7,NORM,Y,A,1,1,2012-10-10 14:40:42,,BC,1981,2010,,1981,,2010,30,930,,0,100,Mean daily temperature deg C,Température moyenne quotidienne en degree C,7,17.96
-123.18194444444444,49.195,VANCOUVER INT'L A,1108447,889.1.8,NORM,Y,A,1,1,2012-10-10 14:40:42,,BC,1981,2010,,1981,,2010,30,929,,0,99.89,Mean daily temperature deg C,Température moyenne quotidienne en degree C,8,18
-123.18194444444444,49.195,VANCOUVER INT'L A,1108447,889.1.9,NORM,Y,A,1,1,2012-10-10 14:40:42,,BC,1981,2010,,1981,,2009,29,870,,0,100,Mean daily temperature deg C,Température moyenne quotidienne en degree C,9,14.89
-123.18194444444444,49.195,VANCOUVER INT'L A,1108447,889.1.10,NORM,Y,A,1,1,2012-10-10 14:40:42,,BC,1981,2010,,1981,,2010,30,930,,0,100,Mean daily temperature deg C,Température moyenne quotidienne en degree C,10,10.29
-123.18194444444444,49.195,VANCOUVER INT'L A,1108447,889.1.11,NORM,Y,A,1,1,2012-10-10 14:40:42,,BC,1981,2010,,1981,,2010,30,899,,0,99.89,Mean daily temperature deg C,Température moyenne quotidienne en degree C,11,6.33
-123.18194444444444,49.195,VANCOUVER INT'L A,1108447,889.1.12,NORM,Y,A,1,1,2012-10-10 14:40:42,,BC,1981,2010,,1981,,2010,29,899,,1,96.67,Mean daily temperature deg C,Température moyenne quotidienne en degree C,12,3.57
-123.18194444444444,49.195,VANCOUVER INT'L A,1108447,889.1.13,NORM,Y,A,1,1,2012-10-10 14:40:42,,BC,1981,2010,,1981,,2010,30,10892,,1,99.69,Mean daily temperature deg C,Température moyenne quotidienne en degree C,13,10.4
-123.18194444444444,49.195,VANCOUVER INT'L A,1108447,889.100.1,NORM,Y,A,100,1,2012-10-10 14:40:42,,BC,1981,2010,,1981,,2010,30,22317,,0,99.99,Days with at least one hourly wind speed GT 40 kmh,Jours avec au moins une vitesse horaire du vent > 40 km/h,1,2.3
-123.18194444444444,49.195,VANCOUVER INT'L A,1108447,889.100.2,NORM,Y,A,100,1,2012-10-10 14:40:42,,BC,1981,2010,,1981,,2010,30,20322,,0,99.97,Days with at least one hourly wind speed GT 40 kmh,Jours avec au moins une vitesse horaire du vent > 40 km/h,2,1.6
-123.18194444444444,49.195,VANCOUVER INT'L A,1108447,889.100.3,NORM,Y,A,100,1,2012-10-10 14:40:42,,BC,1981,2010,,1981,,2010,30,22307,,0,99.94,Days with at least one hourly wind speed GT 40 kmh,Jours avec au moins une vitesse horaire du vent > 40 km/h,3,2.83
-123.18194444444444,49.195,VANCOUVER INT'L A,1108447,889.100.4,NORM,Y,A,100,1,2012-10-10 14:40:42,,BC,1981,2010,,1981,,2010,30,21596,,0,99.98,Days with at least one hourly wind speed GT 40 kmh,Jours avec au moins une vitesse horaire du vent > 40 km/h,4,1.33
-123.18194444444444,49.195,VANCOUVER INT'L A,1108447,889.100.5,NORM,Y,A,100,1,2012-10-10 14:40:42,,BC,1981,2010,,1981,,2010,30,22311,,0,99.96,Days with at least one hourly wind speed GT 40 kmh,Jours avec au moins une vitesse horaire du vent > 40 km/h,5,1.07
-123.18194444444444,49.195,VANCOUVER INT'L A,1108447,889.100.6,NORM,Y,A,100,1,2012-10-10 14:40:42,,BC,1981,2010,,1981,,2010,30,21595,,0,99.98,Days with at least one hourly wind speed GT 40 kmh,Jours avec au moins une vitesse horaire du vent > 40 km/h,6,0.5
-123.18194444444444,49.195,VANCOUVER INT'L A,1108447,889.100.7,NORM,Y,A,100,1,2012-10-10 14:40:42,,BC,1981,2010,,1981,,2010,30,22308,,0,99.95,Days with at least one hourly wind speed GT 40 kmh,Jours avec au moins une vitesse horaire du vent > 40 km/h,7,0.4
-123.18194444444444,49.195,VANCOUVER INT'L A,1108447,889.100.8,NORM,Y,A,100,1,2012-10-10 14:40:42,,BC,1981,2010,,1981,,2010,30,22301,,0,99.91,Days with at least one hourly wind speed GT 40 kmh,Jours avec au moins une vitesse horaire du vent > 40 km/h,8,0.5
-123.18194444444444,49.195,VANCOUVER INT'L A,1108447,889.100.9,NORM,Y,A,100,1,2012-10-10 14:40:42,,BC,1981,2010,,1981,,2010,30,21585,,0,99.93,Days with at least one hourly wind speed GT 40 kmh,Jours avec au moins une vitesse horaire du vent > 40 km/h,9,1.23
-123.18194444444444,49.195,VANCOUVER INT'L A,1108447,889.100.10,NORM,Y,A,100,1,2012-10-10 14:40:42,,BC,1981,2010,,1981,,2010,30,22311,,0,99.96,Days with at least one hourly wind speed GT 40 kmh,Jours avec au moins une vitesse horaire du vent > 40 km/h,10,2.17
-123.18194444444444,49.195,VANCOUVER INT'L A,1108447,889.100.11,NORM,Y,A,100,1,2012-10-10 14:40:42,,BC,1981,2010,,1981,,2010,30,21596,,0,99.98,Days with at least one hourly wind speed GT 40 kmh,Jours avec au moins une vitesse horaire du vent > 40 km/h,11,2.83
-123.18194444444444,49.195,VANCOUVER INT'L A,1108447,889.100.12,NORM,Y,A,100,1,2012-10-10 14:40:42,,BC,1981,2010,,1981,,2010,30,22310,,0,99.96,Days with at least one hourly wind speed GT 40 kmh,Jours avec au moins une vitesse horaire du vent > 40 km/h,12,2.67
-123.18194444444444,49.195,VANCOUVER INT'L A,1108447,889.100.13,NORM,Y,A,100,1,2012-10-10 14:40:42,,BC,1981,2010,,1981,,2010,30,262859,,0,99.96,Days with at least one hourly wind speed GT 40 kmh,Jours avec au moins une vitesse horaire du vent > 40 km/h,13,19.43
-123.18194444444444,49.195,VANCOUVER INT'L A,1108447,889.101.1,NORM,Y,A,101,1,2012-10-10 14:40:42,,BC,1981,2010,,1981,,2010,30,22317,,0,99.99,Days with at least one hourly wind speed GT 50 kmh,Jours avec au moins une vitesse horaire du vent > 50 km/h,1,0.63
-123.18194444444444,49.195,VANCOUVER INT'L A,1108447,889.101.2,NORM,Y,A,101,1,2012-10-10 14:40:42,,BC,1981,2010,,1981,,2010,30,20322,,0,99.97,Days with at least one hourly wind speed GT 50 kmh,Jours avec au moins une vitesse horaire du vent > 50 km/h,2,0.4
-123.18194444444444,49.195,VANCOUVER INT'L A,1108447,889.101.3,NORM,Y,A,101,1,2012-10-10 14:40:42,,BC,1981,2010,,1981,,2010,30,22307,,0,99.94,Days with at least one hourly wind speed GT 50 kmh,Jours avec au moins une vitesse horaire du vent > 50 km/h,3,0.7
-123.18194444444444,49.195,VANCOUVER INT'L A,1108447,889.101.4,NORM,Y,A,101,1,2012-10-10 14:40:42,,BC,1981,2010,,1981,,2010,30,21596,,0,99.98,Days with at least one hourly wind speed GT 50 kmh,Jours avec au moins une vitesse horaire du vent > 50 km/h,4,0.4
-123.18194444444444,49.195,VANCOUVER INT'L A,1108447,889.101.5,NORM,Y,A,101,1,2012-10-10 14:40:42,,BC,1981,2010,,1981,,2010,30,22311,,0,99.96,Days with at least one hourly wind speed GT 50 kmh,Jours avec au moins une vitesse horaire du vent > 50 km/h,5,0.2
-123.18194444444444,49.195,VANCOUVER INT'L A,1108447,889.101.6,NORM,Y,A,101,1,2012-10-10 14:40:42,,BC,1981,2010,,1981,,2010,30,21595,,0,99.98,Days with at least one hourly wind speed GT 50 kmh,Jours avec au moins une vitesse horaire du vent > 50 km/h,6,0.03
-123.18194444444444,49.195,VANCOUVER INT'L A,1108447,889.101.7,NORM,Y,A,101,1,2012-10-10 14:40:42,,BC,1981,2010,,1981,,2010,30,22308,,0,99.95,Days with at least one hourly wind speed GT 50 kmh,Jours avec au moins une vitesse horaire du vent > 50 km/h,7,0.03
-123.18194444444444,49.195,VANCOUVER INT'L A,1108447,889.101.8,NORM,Y,A,101,1,2012-10-10 14:40:42,,BC,1981,2010,,1981,,2010,30,22301,,0,99.91,Days with at least one hourly wind speed GT 50 kmh,Jours avec au moins une vitesse horaire du vent > 50 km/h,8,0
-123.18194444444444,49.195,VANCOUVER INT'L A,1108447,889.101.9,NORM,Y,A,101,1,2012-10-10 14:40:42,,BC,1981,2010,,1981,,2010,30,21585,,0,99.93,Days with at least one hourly wind speed GT 50 kmh,Jours avec au moins une vitesse horaire du vent > 50 km/h,9,0.17
-123.18194444444444,49.195,VANCOUVER INT'L A,1108447,889.101.10,NORM,Y,A,101,1,2012-10-10 14:40:42,,BC,1981,2010,,1981,,2010,30,22311,,0,99.96,Days with at least one hourly wind speed GT 50 kmh,Jours avec au moins une vitesse horaire du vent > 50 km/h,10,0.27
-123.18194444444444,49.195,VANCOUVER INT'L A,1108447,889.101.11,NORM,Y,A,101,1,2012-10-10 14:40:42,,BC,1981,2010,,1981,,2010,30,21596,,0,99.98,Days with at least one hourly wind speed GT 50 kmh,Jours avec au moins une vitesse horaire du vent > 50 km/h,11,0.7
-123.18194444444444,49.195,VANCOUVER INT'L A,1108447,889.101.12,NORM,Y,A,101,1,2012-10-10 14:40:42,,BC,1981,2010,,1981,,2010,30,22310,,0,99.96,Days with at least one hourly wind speed GT 50 kmh,Jours avec au moins une vitesse horaire du vent > 50 km/h,12,0.87
-123.18194444444444,49.195,VANCOUVER INT'L A,1108447,889.101.13,NORM,Y,A,101,1,2012-10-10 14:40:42,,BC,1981,2010,,1981,,2010,30,262859,,0,99.96,Days with at least one hourly wind speed GT 50 kmh,Jours avec au moins une vitesse horaire du vent > 50 km/h,13,4.4
-123.18194444444444,49.195,VANCOUVER INT'L A,1108447,889.102.1,NORM,Y,C,102,1,2012-10-10 14:40:42,,BC,1981,2010,,1981,,2000,20,14880,,0,100,Total hours bright sunshine,Total des heures d'insolation,1,60.14
-123.18194444444444,49.195,VANCOUVER INT'L A,1108447,889.102.2,NORM,Y,D,102,1,2012-10-10 14:40:42,,BC,1981,2010,,1981,,2000,19,12888,,1,90.4,Total hours bright sunshine,Total des heures d'insolation,2,90.95
-123.18194444444444,49.195,VANCOUVER INT'L A,1108447,889.102.3,NORM,Y,C,102,1,2012-10-10 14:40:42,,BC,1981,2010,,1981,,2008,20,14880,,7,95.24,Total hours bright sunshine,Total des heures d'insolation,3,134.78
-123.18194444444444,49.195,VANCOUVER INT'L A,1108447,889.102.4,NORM,Y,C,102,1,2012-10-10 14:40:42,,BC,1981,2010,,1981,,2008,20,14400,,7,95.24,Total hours bright sunshine,Total des heures d'insolation,4,185.03
-123.18194444444444,49.195,VANCOUVER INT'L A,1108447,889.102.5,NORM,Y,C,102,1,2012-10-10 14:40:42,,BC,1981,2010,,1981,,2008,21,15624,,7,100,Total hours bright sunshine,Total des heures d'insolation,5,222.51
-123.18194444444444,49.195,VANCOUVER INT'L A,1108447,889.102.6,NORM,Y,C,102,1,2012-10-10 14:40:42,,BC,1981,2010,,1981,,2008,21,15120,,7,100,Total hours bright sunshine,Total des heures d'insolation,6,226.91
-123.18194444444444,49.195,VANCOUVER INT'L A,1108447,889.102.7,NORM,Y,D,102,1,2012-10-10 14:40:42,,BC,1981,2010,,1981,,1999,19,14136,,0,90.48,Total hours bright sunshine,Total des heures d'insolation,7,289.77
-123.18194444444444,49.195,VANCOUVER INT'L A,1108447,889.102.8,NORM,Y,D,102,1,2012-10-10 14:40:42,,BC,1981,2010,,1981,,1999,19,14136,,0,100,Total hours bright sunshine,Total des heures d'insolation,8,277.12
-123.18194444444444,49.195,VANCOUVER INT'L A,1108447,889.102.9,NORM,Y,D,102,1,2012-10-10 14:40:42,,BC,1981,2010,,1981,,1999,19,13680,,0,100,Total hours bright sunshine,Total des heures d'insolation,9,212.78
-123.18194444444444,49.195,VANCOUVER INT'L A,1108447,889.102.10,NORM,Y,D,102,1,2012-10-10 14:40:42,,BC,1981,2010,,1981,,1998,18,13392,,0,94.74,Total hours bright sunshine,Total des heures d'insolation,10,120.68
-123.18194444444444,49.195,VANCOUVER INT'L A,1108447,889.102.11,NORM,Y,D,102,1,2012-10-10 14:40:42,,BC,1981,2010,,1981,,1999,18,12960,,1,94.74,Total hours bright sunshine,Total des heures d'insolation,11,60.39
-123.18194444444444,49.195,VANCOUVER INT'L A,1108447,889.102.12,NORM,Y,D,102,1,2012-10-10 14:40:42,,BC,1981,2010,,1981,,1999,19,14136,,0,100,Total hours bright sunshine,Total des heures d'insolation,12,56.48
-123.18194444444444,49.195,VANCOUVER INT'L A,1108447,889.102.13,NORM,Y,D,102,1,2012-10-10 14:40:42,,BC,1981,2010,,1981,,2008,21,170232,,7,96.74,Total hours bright sunshine,Total des heures d'insolation,13,1937.54
-123.18194444444444,49.195,VANCOUVER INT'L A,1108447,889.103.1,NORM,Y,C,103,1,2012-10-10 14:40:42,,BC,1981,2010,,1981,,2000,20,14880,,0,100,Days with measurable bright sunshine,Jours avec insolation mesurable,1,17.55
-123.18194444444444,49.195,VANCOUVER INT'L A,1108447,889.103.2,NORM,Y,D,103,1,2012-10-10 14:40:42,,BC,1981,2010,,1981,,2000,19,12888,,1,90.4,Days with measurable bright sunshine,Jours avec insolation mesurable,2,19.89
-123.18194444444444,49.195,VANCOUVER INT'L A,1108447,889.103.3,NORM,Y,C,103,1,2012-10-10 14:40:42,,BC,1981,2010,,1981,,2008,20,14880,,7,95.24,Days with measurable bright sunshine,Jours avec insolation mesurable,3,25.25
-123.18194444444444,49.195,VANCOUVER INT'L A,1108447,889.103.4,NORM,Y,C,103,1,2012-10-10 14:40:42,,BC,1981,2010,,1981,,2008,20,14400,,7,95.24,Days with measurable bright sunshine,Jours avec insolation mesurable,4,26.45
-123.18194444444444,49.195,VANCOUVER INT'L A,1108447,889.103.5,NORM,Y,C,103,1,2012-10-10 14:40:42,,BC,1981,2010,,1981,,2008,21,15624,,7,100,Days with measurable bright sunshine,Jours avec insolation mesurable,5,28.29
-123.18194444444444,49.195,VANCOUVER INT'L A,1108447,889.103.6,NORM,Y,C,103,1,2012-10-10 14:40:42,,BC,1981,2010,,1981,,2008,21,15120,,7,100,Days with measurable bright sunshine,Jours avec insolation mesurable,6,27.71
-123.18194444444444,49.195,VANCOUVER INT'L A,1108447,889.103.7,NORM,Y,D,103,1,2012-10-10 14:40:42,,BC,1981,2010,,1981,,1999,19,14136,,0,90.48,Days with measurable bright sunshine,Jours avec insolation mesurable,7,29.11
-123.18194444444444,49.195,VANCOUVER INT'L A,1108447,889.103.8,NORM,Y,D,103,1,2012-10-10 14:40:42,,BC,1981,2010,,1981,,1999,19,14136,,0,100,Days with measurable bright sunshine,Jours avec insolation mesurable,8,29.42
-123.18194444444444,49.195,VANCOUVER INT'L A,1108447,889.103.9,NORM,Y,D,103,1,2012-10-10 14:40:42,,BC,1981,2010,,1981,,1999,19,13680,,0,100,Days with measurable bright sunshine,Jours avec insolation mesurable,9,28.11
-123.18194444444444,49.195,VANCOUVER INT'L A,1108447,889.103.10,NORM,Y,D,103,1,2012-10-10 14:40:42,,BC,1981,2010,,1981,,1998,18,13392,,0,94.74,Days with measurable bright sunshine,Jours avec insolation mesurable,10,23.22
-123.18194444444444,49.195,VANCOUVER INT'L A,1108447,889.103.11,NORM,Y,D,103,1,2012-10-10 14:40:42,,BC,1981,2010,,1981,,1999,18,12960,,1,94.74,Days with measurable bright sunshine,Jours avec insolation mesurable,11,17.72
-123.18194444444444,49.195,VANCOUVER INT'L A,1108447,889.103.12,NORM,Y,D,103,1,2012-10-10 14:40:42,,BC,1981,2010,,1981,,1999,19,14136,,0,100,Days with measurable bright sunshine,Jours avec insolation mesurable,12,16.42
-123.18194444444444,49.195,VANCOUVER INT'L A,1108447,889.103.13,NORM,Y,D,103,1,2012-10-10 14:40:42,,BC,1981,2010,,1981,,2008,21,170232,,7,96.74,Days with measurable bright sunshine,Jours avec insolation mesurable,13,289.14
-123.18194444444444,49.195,VANCOUVER INT'L A,1108447,889.105.1,NORM,Y,C,105,1,2012-10-10 14:40:42,,BC,1981,2010,,1981,,2000,20,14880,,0,100,Percent of daylight hours based on civil sunrise/sunset,%age heures crépuscule civil (entre lever et coucher du Soleil),1,22.27
-123.18194444444444,49.195,VANCOUVER INT'L A,1108447,889.105.2,NORM,Y,D,105,1,2012-10-10 14:40:42,,BC,1981,2010,,1981,,2000,19,12888,,1,90.4,Percent of daylight hours based on civil sunrise/sunset,%age heures crépuscule civil (entre lever et coucher du Soleil),2,31.82
-123.18194444444444,49.195,VANCOUVER INT'L A,1108447,889.105.3,NORM,Y,C,105,1,2012-10-10 14:40:42,,BC,1981,2010,,1981,,2008,20,14880,,7,95.24,Percent of daylight hours based on civil sunrise/sunset,%age heures crépuscule civil (entre lever et coucher du Soleil),3,36.62
-123.18194444444444,49.195,VANCOUVER INT'L A,1108447,889.105.4,NORM,Y,C,105,1,2012-10-10 14:40:42,,BC,1981,2010,,1981,,2008,20,14400,,7,95.24,Percent of daylight hours based on civil sunrise/sunset,%age heures crépuscule civil (entre lever et coucher du Soleil),4,45.03
-123.18194444444444,49.195,VANCOUVER INT'L A,1108447,889.105.5,NORM,Y,C,105,1,2012-10-10 14:40:42,,BC,1981,2010,,1981,,2008,21,15624,,7,100,Percent of daylight hours based on civil sunrise/sunset,%age heures crépuscule civil (entre lever et coucher du Soleil),5,46.93
-123.18194444444444,49.195,VANCOUVER INT'L A,1108447,889.105.6,NORM,Y,C,105,1,2012-10-10 14:40:42,,BC,1981,2010,,1981,,2008,21,15120,,7,100,Percent of daylight hours based on civil sunrise/sunset,%age heures crépuscule civil (entre lever et coucher du Soleil),6,46.83
-123.18194444444444,49.195,VANCOUVER INT'L A,1108447,889.105.7,NORM,Y,D,105,1,2012-10-10 14:40:42,,BC,1981,2010,,1981,,1999,19,14136,,0,90.48,Percent of daylight hours based on civil sunrise/sunset,%age heures crépuscule civil (entre lever et coucher du Soleil),7,59.26
-123.18194444444444,49.195,VANCOUVER INT'L A,1108447,889.105.8,NORM,Y,D,105,1,2012-10-10 14:40:42,,BC,1981,2010,,1981,,1999,19,14136,,0,100,Percent of daylight hours based on civil sunrise/sunset,%age heures crépuscule civil (entre lever et coucher du Soleil),8,62.1
-123.18194444444444,49.195,VANCOUVER INT'L A,1108447,889.105.9,NORM,Y,D,105,1,2012-10-10 14:40:42,,BC,1981,2010,,1981,,1999,19,13680,,0,100,Percent of daylight hours based on civil sunrise/sunset,%age heures crépuscule civil (entre lever et coucher du Soleil),9,56.1
-123.18194444444444,49.195,VANCOUVER INT'L A,1108447,889.105.10,NORM,Y,D,105,1,2012-10-10 14:40:42,,BC,1981,2010,,1981,,1998,18,13392,,0,94.74,Percent of daylight hours based on civil sunrise/sunset,%age heures crépuscule civil (entre lever et coucher du Soleil),10,35.96
-123.18194444444444,49.195,VANCOUVER INT'L A,1108447,889.105.11,NORM,Y,D,105,1,2012-10-10 14:40:42,,BC,1981,2010,,1981,,1999,18,12960,,1,94.74,Percent of daylight hours based on civil sunrise/sunset,%age heures crépuscule civil (entre lever et coucher du Soleil),11,21.91
-123.18194444444444,49.195,VANCOUVER INT'L A,1108447,889.105.12,NORM,Y,D,105,1,2012-10-10 14:40:42,,BC,1981,2010,,1981,,1999,19,14136,,0,100,Percent of daylight hours based on civil sunrise/sunset,%age heures crépuscule civil (entre lever et coucher du Soleil),12,21.98
-123.18194444444444,49.195,VANCOUVER INT'L A,1108447,889.105.13,NORM,Y,D,105,1,2012-10-10 14:40:42,,BC,1981,2010,,1981,,2008,21,170232,,7,96.74,Percent of daylight hours based on civil sunrise/sunset,%age heures crépuscule civil (entre lever et coucher du Soleil),13,40.57
-123.18194444444444,49.195,VANCOUVER INT'L A,1108447,889.114.1,NORM,Y,A,114,1,2012-10-10 14:40:42,,BC,1981,2010,,1981,,2010,30,22314,,0,99.97,Mean of hourly vapour pressure kPa,Moyenne de la pression de vapeur horaire en kPa,1,0.74
-123.18194444444444,49.195,VANCOUVER INT'L A,1108447,889.114.2,NORM,Y,A,114,1,2012-10-10 14:40:42,,BC,1981,2010,,1981,,2010,30,20322,,0,99.97,Mean of hourly vapour pressure kPa,Moyenne de la pression de vapeur horaire en kPa,2,0.73
-123.18194444444444,49.195,VANCOUVER INT'L A,1108447,889.114.3,NORM,Y,A,114,1,2012-10-10 14:40:42,,BC,1981,2010,,1981,,2010,30,22306,,0,99.94,Mean of hourly vapour pressure kPa,Moyenne de la pression de vapeur horaire en kPa,3,0.79
-123.18194444444444,49.195,VANCOUVER INT'L A,1108447,889.114.4,NORM,Y,A,114,1,2012-10-10 14:40:42,,BC,1981,2010,,1981,,2010,30,21594,,0,99.97,Mean of hourly vapour pressure kPa,Moyenne de la pression de vapeur horaire en kPa,4,0.89
-123.18194444444444,49.195,VANCOUVER INT'L A,1108447,889.114.5,NORM,Y,A,114,1,2012-10-10 14:40:42,,BC,1981,2010,,1981,,2010,30,22310,,0,99.96,Mean of hourly vapour pressure kPa,Moyenne de la pression de vapeur horaire en kPa,5,1.1
-123.18194444444444,49.195,VANCOUVER INT'L A,1108447,889.114.6,NORM,Y,A,114,1,2012-10-10 14:40:42,,BC,1981,2010,,1981,,2010,30,21592,,0,99.96,Mean of hourly vapour pressure kPa,Moyenne de la pression de vapeur horaire en kPa,6,1.28
-123.18194444444444,49.195,VANCOUVER INT'L A,1108447,889.114.7,NORM,Y,A,114,1,2012-10-10 14:40:42,,BC,1981,2010,,1981,,2010,30,22306,,0,99.94,Mean of hourly vapour pressure kPa,Moyenne de la pression de vapeur horaire en kPa,7,1.48
-123.18194444444444,49.195,VANCOUVER INT'L A,1108447,889.114.8,NORM,Y,A,114,1,2012-10-10 14:40:42,,BC,1981,2010,,1981,,2010,30,22300,,0,99.91,Mean of hourly vapour pressure kPa,Moyenne de la pression de vapeur horaire en kPa,8,1.51
-123.18194444444444,49.195,VANCOUVER INT'L A,1108447,889.114.9,NORM,Y,A,114,1,2012-10-10 14:40:42,,BC,1981,2010,,1981,,2010,30,21584,,0,99.93,Mean of hourly vapour pressure kPa,Moyenne de la pression de vapeur horaire en kPa,9,1.33
-123.18194444444444,49.195,VANCOUVER INT'L A,1108447,889.114.10,NORM,Y,A,114,1,2012-10-10 14:40:42,,BC,1981,2010,,1981,,2010,30,22309,,0,99.95,Mean of hourly vapour pressure kPa,Moyenne de la pression de vapeur horaire en kPa,10,1.07
-123.18194444444444,49.195,VANCOUVER INT'L A,1108447,889.114.11,NORM,Y,A,114,1,2012-10-10 14:40:42,,BC,1981,2010,,1981,,2010,30,21595,,0,99.98,Mean of hourly vapour pressure kPa,Moyenne de la pression de vapeur horaire en kPa,11,0.84
-123.18194444444444,49.195,VANCOUVER INT'L A,1108447,889.114.12,NORM,Y,A,114,1,2012-10-10 14:40:42,,BC,1981,2010,,1981,,2010,30,22309,,0,99.95,Mean of hourly vapour pressure kPa,Moyenne de la pression de vapeur horaire en kPa,12,0.71
-123.18194444444444,49.195,VANCOUVER INT'L A,1108447,889.114.13,NORM,Y,A,114,1,2012-10-10 14:40:42,,BC,1981,2010,,1981,,2010,30,262841,,0,99.95,Mean of hourly vapour pressure kPa,Moyenne de la pression de vapeur horaire en kPa,13,1.04
-123.18194444444444,49.195,VANCOUVER INT'L A,1108447,889.115.1,NORM,Y,A,115,1,2012-10-10 14:40:42,,BC,1981,2010,,1981,,2010,30,22317,,0,99.99,Mean of hourly station pressure kPa,Moyenne de la pression à la station horaire en kPa,1,101.67
-123.18194444444444,49.195,VANCOUVER INT'L A,1108447,889.115.2,NORM,Y,A,115,1,2012-10-10 14:40:42,,BC,1981,2010,,1981,,2010,30,20322,,0,99.97,Mean of hourly station pressure kPa,Moyenne de la pression à la station horaire en kPa,2,101.65
-123.18194444444444,49.195,VANCOUVER INT'L A,1108447,889.115.3,NORM,Y,A,115,1,2012-10-10 14:40:42,,BC,1981,2010,,1981,,2010,30,22306,,0,99.94,Mean of hourly station pressure kPa,Moyenne de la pression à la station horaire en kPa,3,101.57
-123.18194444444444,49.195,VANCOUVER INT'L A,1108447,889.115.4,NORM,Y,A,115,1,2012-10-10 14:40:42,,BC,1981,2010,,1981,,2010,30,21597,,0,99.99,Mean of hourly station pressure kPa,Moyenne de la pression à la station horaire en kPa,4,101.63
-123.18194444444444,49.195,VANCOUVER INT'L A,1108447,889.115.5,NORM,Y,A,115,1,2012-10-10 14:40:42,,BC,1981,2010,,1981,,2010,30,22312,,0,99.96,Mean of hourly station pressure kPa,Moyenne de la pression à la station horaire en kPa,5,101.62
-123.18194444444444,49.195,VANCOUVER INT'L A,1108447,889.115.6,NORM,Y,A,115,1,2012-10-10 14:40:42,,BC,1981,2010,,1981,,2010,30,21593,,0,99.97,Mean of hourly station pressure kPa,Moyenne de la pression à la station horaire en kPa,6,101.62
-123.18194444444444,49.195,VANCOUVER INT'L A,1108447,889.115.7,NORM,Y,A,115,1,2012-10-10 14:40:42,,BC,1981,2010,,1981,,2010,30,22308,,0,99.95,Mean of hourly station pressure kPa,Moyenne de la pression à la station horaire en kPa,7,101.68
-123.18194444444444,49.195,VANCOUVER INT'L A,1108447,889.115.8,NORM,Y,A,115,1,2012-10-10 14:40:42,,BC,1981,2010,,1981,,2010,30,22301,,0,99.91,Mean of hourly station pressure kPa,Moyenne de la pression à la station horaire en kPa,8,101.61
-123.18194444444444,49.195,VANCOUVER INT'L A,1108447,889.115.9,NORM,Y,A,115,1,2012-10-10 14:40:42,,BC,1981,2010,,1981,,2010,30,21585,,0,99.93,Mean of hourly station pressure kPa,Moyenne de la pression à la station horaire en kPa,9,101.65
-123.18194444444444,49.195,VANCOUVER INT'L A,1108447,889.115.10,NORM,Y,A,115,1,2012-10-10 14:40:42,,BC,1981,2010,,1981,,2010,30,22311,,0,99.96,Mean of hourly station pressure kPa,Moyenne de la pression à la station horaire en kPa,10,101.71
-123.18194444444444,49.195,VANCOUVER INT'L A,1108447,889.115.11,NORM,Y,A,115,1,2012-10-10 14:40:42,,BC,1981,2010,,1981,,2010,30,21594,,0,99.97,Mean of hourly station pressure kPa,Moyenne de la pression à la station horaire en kPa,11,101.56
-123.18194444444444,49.195,VANCOUVER INT'L A,1108447,889.115.12,NORM,Y,A,115,1,2012-10-10 14:40:42,,BC,1981,2010,,1981,,2010,30,22309,,0,99.95,Mean of hourly station pressure kPa,Moyenne de la pression à la station horaire en kPa,12,101.69
-123.18194444444444,49.195,VANCOUVER INT'L A,1108447,889.115.13,NORM,Y,A,115,1,2012-10-10 14:40:42,,BC,1981,2010,,1981,,2010,30,262855,,0,99.96,Mean of hourly station pressure kPa,Moyenne de la pression à la station horaire en kPa,13,101.64
-123.18194444444444,49.195,VANCOUVER INT'L A,1108447,889.116.1,NORM,Y,A,116,1,2012-10-10 14:40:42,,BC,1981,2010,,1981,,2010,30,930,,0,100,Mean of 0600 LST relative humidity %,Moyenne de l'humidité relative à 6 h (HNL) en %,1,89.1
-123.18194444444444,49.195,VANCOUVER INT'L A,1108447,889.116.2,NORM,Y,A,116,1,2012-10-10 14:40:42,,BC,1981,2010,,1981,,2010,30,847,,0,100,Mean of 0600 LST relative humidity %,Moyenne de l'humidité relative à 6 h (HNL) en %,2,86.65
-123.18194444444444,49.195,VANCOUVER INT'L A,1108447,889.116.3,NORM,Y,A,116,1,2012-10-10 14:40:42,,BC,1981,2010,,1981,,2010,30,929,,0,99.89,Mean of 0600 LST relative humidity %,Moyenne de l'humidité relative à 6 h (HNL) en %,3,85.55
-123.18194444444444,49.195,VANCOUVER INT'L A,1108447,889.116.4,NORM,Y,A,116,1,2012-10-10 14:40:42,,BC,1981,2010,,1981,,2010,30,899,,0,99.89,Mean of 0600 LST relative humidity %,Moyenne de l'humidité relative à 6 h (HNL) en %,4,84.04
-123.18194444444444,49.195,VANCOUVER INT'L A,1108447,889.116.5,NORM,Y,A,116,1,2012-10-10 14:40:42,,BC,1981,2010,,1981,,2010,30,930,,0,100,Mean of 0600 LST relative humidity %,Moyenne de l'humidité relative à 6 h (HNL) en %,5,82.83
-123.18194444444444,49.195,VANCOUVER INT'L A,1108447,889.116.6,NORM,Y,A,116,1,2012-10-10 14:40:42,,BC,1981,2010,,1981,,2010,30,900,,0,100,Mean of 0600 LST relative humidity %,Moyenne de l'humidité relative à 6 h (HNL) en %,6,81.33
-123.18194444444444,49.195,VANCOUVER INT'L A,1108447,889.116.7,NORM,Y,A,116,1,2012-10-10 14:40:42,,BC,1981,2010,,1981,,2010,30,929,,0,99.89,Mean of 0600 LST relative humidity %,Moyenne de l'humidité relative à 6 h (HNL) en %,7,81.88
-123.18194444444444,49.195,VANCOUVER INT'L A,1108447,889.116.8,NORM,Y,A,116,1,2012-10-10 14:40:42,,BC,1981,2010,,1981,,2010,30,929,,0,99.89,Mean of 0600 LST relative humidity %,Moyenne de l'humidité relative à 6 h (HNL) en %,8,84.51
-123.18194444444444,49.195,VANCOUVER INT'L A,1108447,889.116.9,NORM,Y,A,116,1,2012-10-10 14:40:42,,BC,1981,2010,,1981,,2010,30,900,,0,100,Mean of 0600 LST relative humidity %,Moyenne de l'humidité relative à 6 h (HNL) en %,9,88.5
-123.18194444444444,49.195,VANCOUVER INT'L A,1108447,889.116.10,NORM,Y,A,116,1,2012-10-10 14:40:42,,BC,1981,2010,,1981,,2010,30,930,,0,100,Mean of 0600 LST relative humidity %,Moyenne de l'humidité relative à 6 h (HNL) en %,10,89.15
-123.18194444444444,49.195,VANCOUVER INT'L A,1108447,889.116.11,NORM,Y,A,116,1,2012-10-10 14:40:42,,BC,1981,2010,,1981,,2010,30,900,,0,100,Mean of 0600 LST relative humidity %,Moyenne de l'humidité relative à 6 h (HNL) en %,11,88.55
-123.18194444444444,49.195,VANCOUVER INT'L A,1108447,889.116.12,NORM,Y,A,116,1,2012-10-10 14:40:42,,BC,1981,2010,,1981,,2010,30,929,,0,99.89,Mean of 0600 LST relative humidity %,Moyenne de l'humidité relative à 6 h (HNL) en %,12,88.55
-123.18194444444444,49.195,VANCOUVER INT'L A,1108447,889.116.13,NORM,Y,A,116,1,2012-10-10 14:40:42,,BC,1981,2010,,1981,,2010,30,10952,,0,99.95,Mean of 0600 LST relative humidity %,Moyenne de l'humidité relative à 6 h (HNL) en %,13,85.89
-123.18194444444444,49.195,VANCOUVER INT'L A,1108447,889.117.1,NORM,Y,A,117,1,2012-10-10 14:40:42,,BC,1981,2010,,1981,,2010,30,930,,0,100,Mean of 1500 LST relative humidity %,Moyenne de l'humidité relative à 15 h (HNL) en %,1,81.22
-123.18194444444444,49.195,VANCOUVER INT'L A,1108447,889.117.2,NORM,Y,A,117,1,2012-10-10 14:40:42,,BC,1981,2010,,1981,,2010,30,847,,0,100,Mean of 1500 LST relative humidity %,Moyenne de l'humidité relative à 15 h (HNL) en %,2,74.52
-123.18194444444444,49.195,VANCOUVER INT'L A,1108447,889.117.3,NORM,Y,A,117,1,2012-10-10 14:40:42,,BC,1981,2010,,1981,,2010,30,930,,0,100,Mean of 1500 LST relative humidity %,Moyenne de l'humidité relative à 15 h (HNL) en %,3,70.08
-123.18194444444444,49.195,VANCOUVER INT'L A,1108447,889.117.4,NORM,Y,A,117,1,2012-10-10 14:40:42,,BC,1981,2010,,1981,,2010,30,899,,0,99.89,Mean of 1500 LST relative humidity %,Moyenne de l'humidité relative à 15 h (HNL) en %,4,65.42
-123.18194444444444,49.195,VANCOUVER INT'L A,1108447,889.117.5,NORM,Y,A,117,1,2012-10-10 14:40:42,,BC,1981,2010,,1981,,2010,30,930,,0,100,Mean of 1500 LST relative humidity %,Moyenne de l'humidité relative à 15 h (HNL) en %,5,63.45
-123.18194444444444,49.195,VANCOUVER INT'L A,1108447,889.117.6,NORM,Y,A,117,1,2012-10-10 14:40:42,,BC,1981,2010,,1981,,2010,30,900,,0,100,Mean of 1500 LST relative humidity %,Moyenne de l'humidité relative à 15 h (HNL) en %,6,62.15
-123.18194444444444,49.195,VANCOUVER INT'L A,1108447,889.117.7,NORM,Y,A,117,1,2012-10-10 14:40:42,,BC,1981,2010,,1981,,2010,30,930,,0,100,Mean of 1500 LST relative humidity %,Moyenne de l'humidité relative à 15 h (HNL) en %,7,61.39
-123.18194444444444,49.195,VANCOUVER INT'L A,1108447,889.117.8,NORM,Y,A,117,1,2012-10-10 14:40:42,,BC,1981,2010,,1981,,2010,30,929,,0,99.89,Mean of 1500 LST relative humidity %,Moyenne de l'humidité relative à 15 h (HNL) en %,8,61.83
-123.18194444444444,49.195,VANCOUVER INT'L A,1108447,889.117.9,NORM,Y,A,117,1,2012-10-10 14:40:42,,BC,1981,2010,,1981,,2010,30,900,,0,100,Mean of 1500 LST relative humidity %,Moyenne de l'humidité relative à 15 h (HNL) en %,9,67.15
-123.18194444444444,49.195,VANCOUVER INT'L A,1108447,889.117.10,NORM,Y,A,117,1,2012-10-10 14:40:42,,BC,1981,2010,,1981,,2010,30,930,,0,100,Mean of 1500 LST relative humidity %,Moyenne de l'humidité relative à 15 h (HNL) en %,10,75.61
-123.18194444444444,49.195,VANCOUVER INT'L A,1108447,889.117.11,NORM,Y,A,117,1,2012-10-10 14:40:42,,BC,1981,2010,,1981,,2010,30,900,,0,100,Mean of 1500 LST relative humidity %,Moyenne de l'humidité relative à 15 h (HNL) en %,11,79.49
-123.18194444444444,49.195,VANCOUVER INT'L A,1108447,889.117.12,NORM,Y,A,117,1,2012-10-10 14:40:42,,BC,1981,2010,,1981,,2010,30,930,,0,100,Mean of 1500 LST relative humidity %,Moyenne de l'humidité relative à 15 h (HNL) en %,12,80.93
-123.18194444444444,49.195,VANCOUVER INT'L A,1108447,889.117.13,NORM,Y,A,117,1,2012-10-10 14:40:42,,BC,1981,2010,,1981,,2010,30,10955,,0,99.98,Mean of 1500 LST relative humidity %,Moyenne de l'humidité relative à 15 h (HNL) en %,13,70.27
-123.18194444444444,49.195,VANCOUVER INT'L A,1108447,889.118.1,NORM,Y,A,118,1,2012-10-10 14:40:42,,BC,1981,2010,,1981,,2010,28,20832,,1,93.33,Hours with visibility LT 1 km,Heures avec visibilité < 1 km,1,29.57
-123.18194444444444,49.195,VANCOUVER INT'L A,1108447,889.118.2,NORM,Y,A,118,1,2012-10-10 14:40:42,,BC,1981,2010,,1981,,2010,26,17592,,2,86.54,Hours with visibility LT 1 km,Heures avec visibilité < 1 km,2,9.15
-123.18194444444444,49.195,VANCOUVER INT'L A,1108447,889.118.3,NORM,Y,A,118,1,2012-10-10 14:40:42,,BC,1981,2010,,1981,,2010,27,20088,,2,90,Hours with visibility LT 1 km,Heures avec visibilité < 1 km,3,2.93
-123.18194444444444,49.195,VANCOUVER INT'L A,1108447,889.118.4,NORM,Y,A,118,1,2012-10-10 14:40:42,,BC,1981,2010,,1981,,2010,27,19440,,2,90,Hours with visibility LT 1 km,Heures avec visibilité < 1 km,4,0.19
-123.18194444444444,49.195,VANCOUVER INT'L A,1108447,889.118.5,NORM,Y,A,118,1,2012-10-10 14:40:42,,BC,1981,2010,,1981,,2010,26,19344,,3,86.67,Hours with visibility LT 1 km,Heures avec visibilité < 1 km,5,0.19
-123.18194444444444,49.195,VANCOUVER INT'L A,1108447,889.118.6,NORM,Y,A,118,1,2012-10-10 14:40:42,,BC,1981,2010,,1981,,2010,26,18720,,3,86.67,Hours with visibility LT 1 km,Heures avec visibilité < 1 km,6,0.08
-123.18194444444444,49.195,VANCOUVER INT'L A,1108447,889.118.7,NORM,Y,A,118,1,2012-10-10 14:40:42,,BC,1981,2010,,1981,,2010,25,18600,,3,83.33,Hours with visibility LT 1 km,Heures avec visibilité < 1 km,7,0.08
-123.18194444444444,49.195,VANCOUVER INT'L A,1108447,889.118.8,NORM,Y,C,118,1,2012-10-10 14:40:42,,BC,1981,2010,,1981,,2010,24,17856,,2,80,Hours with visibility LT 1 km,Heures avec visibilité < 1 km,8,0.17
-123.18194444444444,49.195,VANCOUVER INT'L A,1108447,889.118.9,NORM,Y,C,118,1,2012-10-10 14:40:42,,BC,1981,2010,,1981,,2009,23,16560,,4,76.67,Hours with visibility LT 1 km,Heures avec visibilité < 1 km,9,2.61
-123.18194444444444,49.195,VANCOUVER INT'L A,1108447,889.118.10,NORM,Y,B,118,1,2012-10-10 14:40:42,,BC,1981,2010,,1981,,2010,26,19344,,4,86.67,Hours with visibility LT 1 km,Heures avec visibilité < 1 km,10,16.38
-123.18194444444444,49.195,VANCOUVER INT'L A,1108447,889.118.11,NORM,Y,A,118,1,2012-10-10 14:40:42,,BC,1981,2010,,1981,,2010,27,19440,,1,90,Hours with visibility LT 1 km,Heures avec visibilité < 1 km,11,11.81
-123.18194444444444,49.195,VANCOUVER INT'L A,1108447,889.118.12,NORM,Y,A,118,1,2012-10-10 14:40:42,,BC,1981,2010,,1981,,2009,26,19344,,3,86.67,Hours with visibility LT 1 km,Heures avec visibilité < 1 km,12,24.12
-123.18194444444444,49.195,VANCOUVER INT'L A,1108447,889.118.13,NORM,Y,C,118,1,2012-10-10 14:40:42,,BC,1981,2010,,1981,,2010,28,227160,,4,86.38,Hours with visibility LT 1 km,Heures avec visibilité < 1 km,13,97.28
-123.18194444444444,49.195,VANCOUVER INT'L A,1108447,889.119.1,NORM,Y,A,119,1,2012-10-10 14:40:42,,BC,1981,2010,,1981,,2010,28,20832,,1,93.33,Hours with visibility 1 to 9 km,Heures avec visibilité de 1 à 9 km,1,99
-123.18194444444444,49.195,VANCOUVER INT'L A,1108447,889.119.2,NORM,Y,A,119,1,2012-10-10 14:40:42,,BC,1981,2010,,1981,,2010,26,17592,,2,86.54,Hours with visibility 1 to 9 km,Heures avec visibilité de 1 à 9 km,2,52.27
-123.18194444444444,49.195,VANCOUVER INT'L A,1108447,889.119.3,NORM,Y,A,119,1,2012-10-10 14:40:42,,BC,1981,2010,,1981,,2010,27,20088,,2,90,Hours with visibility 1 to 9 km,Heures avec visibilité de 1 à 9 km,3,33.89
-123.18194444444444,49.195,VANCOUVER INT'L A,1108447,889.119.4,NORM,Y,A,119,1,2012-10-10 14:40:42,,BC,1981,2010,,1981,,2010,27,19440,,2,90,Hours with visibility 1 to 9 km,Heures avec visibilité de 1 à 9 km,4,21.59
-123.18194444444444,49.195,VANCOUVER INT'L A,1108447,889.119.5,NORM,Y,A,119,1,2012-10-10 14:40:42,,BC,1981,2010,,1981,,2010,26,19344,,3,86.67,Hours with visibility 1 to 9 km,Heures avec visibilité de 1 à 9 km,5,14.62
-123.18194444444444,49.195,VANCOUVER INT'L A,1108447,889.119.6,NORM,Y,A,119,1,2012-10-10 14:40:42,,BC,1981,2010,,1981,,2010,26,18720,,3,86.67,Hours with visibility 1 to 9 km,Heures avec visibilité de 1 à 9 km,6,12.62
-123.18194444444444,49.195,VANCOUVER INT'L A,1108447,889.119.7,NORM,Y,A,119,1,2012-10-10 14:40:42,,BC,1981,2010,,1981,,2010,25,18600,,3,83.33,Hours with visibility 1 to 9 km,Heures avec visibilité de 1 à 9 km,7,9.96
-123.18194444444444,49.195,VANCOUVER INT'L A,1108447,889.119.8,NORM,Y,C,119,1,2012-10-10 14:40:42,,BC,1981,2010,,1981,,2010,24,17856,,2,80,Hours with visibility 1 to 9 km,Heures avec visibilité de 1 à 9 km,8,11.08
-123.18194444444444,49.195,VANCOUVER INT'L A,1108447,889.119.9,NORM,Y,C,119,1,2012-10-10 14:40:42,,BC,1981,2010,,1981,,2009,23,16560,,4,76.67,Hours with visibility 1 to 9 km,Heures avec visibilité de 1 à 9 km,9,30.13
-123.18194444444444,49.195,VANCOUVER INT'L A,1108447,889.119.10,NORM,Y,B,119,1,2012-10-10 14:40:42,,BC,1981,2010,,1981,,2010,26,19344,,4,86.67,Hours with visibility 1 to 9 km,Heures avec visibilité de 1 à 9 km,10,83.73
-123.18194444444444,49.195,VANCOUVER INT'L A,1108447,889.119.11,NORM,Y,A,119,1,2012-10-10 14:40:42,,BC,1981,2010,,1981,,2010,27,19440,,1,90,Hours with visibility 1 to 9 km,Heures avec visibilité de 1 à 9 km,11,71.07
-123.18194444444444,49.195,VANCOUVER INT'L A,1108447,889.119.12,NORM,Y,A,119,1,2012-10-10 14:40:42,,BC,1981,2010,,1981,,2009,26,19344,,3,86.67,Hours with visibility 1 to 9 km,Heures avec visibilité de 1 à 9 km,12,89.96
-123.18194444444444,49.195,VANCOUVER INT'L A,1108447,889.119.13,NORM,Y,C,119,1,2012-10-10 14:40:42,,BC,1981,2010,,1981,,2010,28,227160,,4,86.38,Hours with visibility 1 to 9 km,Heures avec visibilité de 1 à 9 km,13,529.92
-123.18194444444444,49.195,VANCOUVER INT'L A,1108447,889.120.1,NORM,Y,A,120,1,2012-10-10 14:40:42,,BC,1981,2010,,1981,,2010,28,20832,,1,93.33,Hours with visibility GT 9 km,Heures avec visibilité > 9 km,1,615.43
-123.18194444444444,49.195,VANCOUVER INT'L A,1108447,889.120.2,NORM,Y,A,120,1,2012-10-10 14:40:42,,BC,1981,2010,,1981,,2010,26,17592,,2,86.54,Hours with visibility GT 9 km,Heures avec visibilité > 9 km,2,615.19
-123.18194444444444,49.195,VANCOUVER INT'L A,1108447,889.120.3,NORM,Y,A,120,1,2012-10-10 14:40:42,,BC,1981,2010,,1981,,2010,27,20088,,2,90,Hours with visibility GT 9 km,Heures avec visibilité > 9 km,3,707.19
-123.18194444444444,49.195,VANCOUVER INT'L A,1108447,889.120.4,NORM,Y,A,120,1,2012-10-10 14:40:42,,BC,1981,2010,,1981,,2010,27,19440,,2,90,Hours with visibility GT 9 km,Heures avec visibilité > 9 km,4,698.22
-123.18194444444444,49.195,VANCOUVER INT'L A,1108447,889.120.5,NORM,Y,A,120,1,2012-10-10 14:40:42,,BC,1981,2010,,1981,,2010,26,19344,,3,86.67,Hours with visibility GT 9 km,Heures avec visibilité > 9 km,5,729.19
-123.18194444444444,49.195,VANCOUVER INT'L A,1108447,889.120.6,NORM,Y,A,120,1,2012-10-10 14:40:42,,BC,1981,2010,,1981,,2010,26,18720,,3,86.67,Hours with visibility GT 9 km,Heures avec visibilité > 9 km,6,707.31
-123.18194444444444,49.195,VANCOUVER INT'L A,1108447,889.120.7,NORM,Y,A,120,1,2012-10-10 14:40:42,,BC,1981,2010,,1981,,2010,25,18600,,3,83.33,Hours with visibility GT 9 km,Heures avec visibilité > 9 km,7,733.96
-123.18194444444444,49.195,VANCOUVER INT'L A,1108447,889.120.8,NORM,Y,C,120,1,2012-10-10 14:40:42,,BC,1981,2010,,1981,,2010,24,17856,,2,80,Hours with visibility GT 9 km,Heures avec visibilité > 9 km,8,732.75
-123.18194444444444,49.195,VANCOUVER INT'L A,1108447,889.120.9,NORM,Y,C,120,1,2012-10-10 14:40:42,,BC,1981,2010,,1981,,2009,23,16560,,4,76.67,Hours with visibility GT 9 km,Heures avec visibilité > 9 km,9,687.26
-123.18194444444444,49.195,VANCOUVER INT'L A,1108447,889.120.10,NORM,Y,B,120,1,2012-10-10 14:40:42,,BC,1981,2010,,1981,,2010,26,19344,,4,86.67,Hours with visibility GT 9 km,Heures avec visibilité > 9 km,10,643.88
-123.18194444444444,49.195,VANCOUVER INT'L A,1108447,889.120.11,NORM,Y,A,120,1,2012-10-10 14:40:42,,BC,1981,2010,,1981,,2010,27,19440,,1,90,Hours with visibility GT 9 km,Heures avec visibilité > 9 km,11,637.11
-123.18194444444444,49.195,VANCOUVER INT'L A,1108447,889.120.12,NORM,Y,A,120,1,2012-10-10 14:40:42,,BC,1981,2010,,1981,,2009,26,19344,,3,86.67,Hours with visibility GT 9 km,Heures avec visibilité > 9 km,12,629.92
-123.18194444444444,49.195,VANCOUVER INT'L A,1108447,889.120.13,NORM,Y,C,120,1,2012-10-10 14:40:42,,BC,1981,2010,,1981,,2010,28,227160,,4,86.38,Hours with visibility GT 9 km,Heures avec visibilité > 9 km,13,8137.41
-123.18194444444444,49.195,VANCOUVER INT'L A,1108447,889.121.1,NORM,Y,A,121,1,2012-10-10 14:40:42,,BC,1981,2010,,1981,,2010,28,20832,,1,93.33,Hours with total cloud opacity 0 to 2 tenths,Heures avec nébulosité totale de 0 à 2 dixièmes,1,92.79
-123.18194444444444,49.195,VANCOUVER INT'L A,1108447,889.121.2,NORM,Y,A,121,1,2012-10-10 14:40:42,,BC,1981,2010,,1981,,2010,26,17592,,2,86.54,Hours with total cloud opacity 0 to 2 tenths,Heures avec nébulosité totale de 0 à 2 dixièmes,2,114.04
-123.18194444444444,49.195,VANCOUVER INT'L A,1108447,889.121.3,NORM,Y,A,121,1,2012-10-10 14:40:42,,BC,1981,2010,,1981,,2010,26,19344,,2,86.67,Hours with total cloud opacity 0 to 2 tenths,Heures avec nébulosité totale de 0 à 2 dixièmes,3,124.12
-123.18194444444444,49.195,VANCOUVER INT'L A,1108447,889.121.4,NORM,Y,A,121,1,2012-10-10 14:40:42,,BC,1981,2010,,1981,,2010,27,19440,,2,90,Hours with total cloud opacity 0 to 2 tenths,Heures avec nébulosité totale de 0 à 2 dixièmes,4,130.56
-123.18194444444444,49.195,VANCOUVER INT'L A,1108447,889.121.5,NORM,Y,A,121,1,2012-10-10 14:40:42,,BC,1981,2010,,1981,,2010,26,19344,,3,86.67,Hours with total cloud opacity 0 to 2 tenths,Heures avec nébulosité totale de 0 à 2 dixièmes,5,155.15
-123.18194444444444,49.195,VANCOUVER INT'L A,1108447,889.121.6,NORM,Y,A,121,1,2012-10-10 14:40:42,,BC,1981,2010,,1981,,2010,26,18720,,3,86.67,Hours with total cloud opacity 0 to 2 tenths,Heures avec nébulosité totale de 0 à 2 dixièmes,6,143.77
-123.18194444444444,49.195,VANCOUVER INT'L A,1108447,889.121.7,NORM,Y,A,121,1,2012-10-10 14:40:42,,BC,1981,2010,,1981,,2010,25,18600,,3,83.33,Hours with total cloud opacity 0 to 2 tenths,Heures avec nébulosité totale de 0 à 2 dixièmes,7,273.76
-123.18194444444444,49.195,VANCOUVER INT'L A,1108447,889.121.8,NORM,Y,C,121,1,2012-10-10 14:40:42,,BC,1981,2010,,1981,,2010,24,17856,,2,80,Hours with total cloud opacity 0 to 2 tenths,Heures avec nébulosité totale de 0 à 2 dixièmes,8,288.92
-123.18194444444444,49.195,VANCOUVER INT'L A,1108447,889.121.9,NORM,Y,C,121,1,2012-10-10 14:40:42,,BC,1981,2010,,1981,,2009,23,16560,,4,76.67,Hours with total cloud opacity 0 to 2 tenths,Heures avec nébulosité totale de 0 à 2 dixièmes,9,252.17
-123.18194444444444,49.195,VANCOUVER INT'L A,1108447,889.121.10,NORM,Y,B,121,1,2012-10-10 14:40:42,,BC,1981,2010,,1981,,2010,26,19344,,4,86.67,Hours with total cloud opacity 0 to 2 tenths,Heures avec nébulosité totale de 0 à 2 dixièmes,10,154.5
-123.18194444444444,49.195,VANCOUVER INT'L A,1108447,889.121.11,NORM,Y,A,121,1,2012-10-10 14:40:42,,BC,1981,2010,,1981,,2010,27,19440,,1,90,Hours with total cloud opacity 0 to 2 tenths,Heures avec nébulosité totale de 0 à 2 dixièmes,11,93.59
-123.18194444444444,49.195,VANCOUVER INT'L A,1108447,889.121.12,NORM,Y,A,121,1,2012-10-10 14:40:42,,BC,1981,2010,,1981,,2009,26,19344,,3,86.67,Hours with total cloud opacity 0 to 2 tenths,Heures avec nébulosité totale de 0 à 2 dixièmes,12,99.15
-123.18194444444444,49.195,VANCOUVER INT'L A,1108447,889.121.13,NORM,Y,C,121,1,2012-10-10 14:40:42,,BC,1981,2010,,1981,,2010,28,226416,,4,86.1,Hours with total cloud opacity 0 to 2 tenths,Heures avec nébulosité totale de 0 à 2 dixièmes,13,1922.52
-123.18194444444444,49.195,VANCOUVER INT'L A,1108447,889.122.1,NORM,Y,A,122,1,2012-10-10 14:40:42,,BC,1981,2010,,1981,,2010,28,20832,,1,93.33,Hours with total cloud opacity 3 to 7 tenths,Heures avec nébulosité totale de 3 à 7 dixièmes,1,90.89
-123.18194444444444,49.195,VANCOUVER INT'L A,1108447,889.122.2,NORM,Y,A,122,1,2012-10-10 14:40:42,,BC,1981,2010,,1981,,2010,26,17592,,2,86.54,Hours with total cloud opacity 3 to 7 tenths,Heures avec nébulosité totale de 3 à 7 dixièmes,2,108.54
-123.18194444444444,49.195,VANCOUVER INT'L A,1108447,889.122.3,NORM,Y,A,122,1,2012-10-10 14:40:42,,BC,1981,2010,,1981,,2010,26,19344,,2,86.67,Hours with total cloud opacity 3 to 7 tenths,Heures avec nébulosité totale de 3 à 7 dixièmes,3,131.04
-123.18194444444444,49.195,VANCOUVER INT'L A,1108447,889.122.4,NORM,Y,A,122,1,2012-10-10 14:40:42,,BC,1981,2010,,1981,,2010,27,19440,,2,90,Hours with total cloud opacity 3 to 7 tenths,Heures avec nébulosité totale de 3 à 7 dixièmes,4,152.3
-123.18194444444444,49.195,VANCOUVER INT'L A,1108447,889.122.5,NORM,Y,A,122,1,2012-10-10 14:40:42,,BC,1981,2010,,1981,,2010,26,19344,,3,86.67,Hours with total cloud opacity 3 to 7 tenths,Heures avec nébulosité totale de 3 à 7 dixièmes,5,174.15
-123.18194444444444,49.195,VANCOUVER INT'L A,1108447,889.122.6,NORM,Y,A,122,1,2012-10-10 14:40:42,,BC,1981,2010,,1981,,2010,26,18720,,3,86.67,Hours with total cloud opacity 3 to 7 tenths,Heures avec nébulosité totale de 3 à 7 dixièmes,6,172.04
-123.18194444444444,49.195,VANCOUVER INT'L A,1108447,889.122.7,NORM,Y,A,122,1,2012-10-10 14:40:42,,BC,1981,2010,,1981,,2010,25,18600,,3,83.33,Hours with total cloud opacity 3 to 7 tenths,Heures avec nébulosité totale de 3 à 7 dixièmes,7,177.48
-123.18194444444444,49.195,VANCOUVER INT'L A,1108447,889.122.8,NORM,Y,C,122,1,2012-10-10 14:40:42,,BC,1981,2010,,1981,,2010,24,17856,,2,80,Hours with total cloud opacity 3 to 7 tenths,Heures avec nébulosité totale de 3 à 7 dixièmes,8,184.83
-123.18194444444444,49.195,VANCOUVER INT'L A,1108447,889.122.9,NORM,Y,C,122,1,2012-10-10 14:40:42,,BC,1981,2010,,1981,,2009,23,16560,,4,76.67,Hours with total cloud opacity 3 to 7 tenths,Heures avec nébulosité totale de 3 à 7 dixièmes,9,176.17
-123.18194444444444,49.195,VANCOUVER INT'L A,1108447,889.122.10,NORM,Y,B,122,1,2012-10-10 14:40:42,,BC,1981,2010,,1981,,2010,26,19344,,4,86.67,Hours with total cloud opacity 3 to 7 tenths,Heures avec nébulosité totale de 3 à 7 dixièmes,10,136.35
-123.18194444444444,49.195,VANCOUVER INT'L A,1108447,889.122.11,NORM,Y,A,122,1,2012-10-10 14:40:42,,BC,1981,2010,,1981,,2010,27,19440,,1,90,Hours with total cloud opacity 3 to 7 tenths,Heures avec nébulosité totale de 3 à 7 dixièmes,11,104.22
-123.18194444444444,49.195,VANCOUVER INT'L A,1108447,889.122.12,NORM,Y,A,122,1,2012-10-10 14:40:42,,BC,1981,2010,,1981,,2009,26,19344,,3,86.67,Hours with total cloud opacity 3 to 7 tenths,Heures avec nébulosité totale de 3 à 7 dixièmes,12,101.92
-123.18194444444444,49.195,VANCOUVER INT'L A,1108447,889.122.13,NORM,Y,C,122,1,2012-10-10 14:40:42,,BC,1981,2010,,1981,,2010,28,226416,,4,86.1,Hours with total cloud opacity 3 to 7 tenths,Heures avec nébulosité totale de 3 à 7 dixièmes,13,1709.93
-123.18194444444444,49.195,VANCOUVER INT'L A,1108447,889.123.1,NORM,Y,A,123,1,2012-10-10 14:40:42,,BC,1981,2010,,1981,,2010,28,20832,,1,93.33,Hours with total cloud opacity 8 to 10 tenths,Heures avec nébulosité totale de 8 à 10 dixièmes,1,560.32
-123.18194444444444,49.195,VANCOUVER INT'L A,1108447,889.123.2,NORM,Y,A,123,1,2012-10-10 14:40:42,,BC,1981,2010,,1981,,2010,26,17592,,2,86.54,Hours with total cloud opacity 8 to 10 tenths,Heures avec nébulosité totale de 8 à 10 dixièmes,2,454.04
-123.18194444444444,49.195,VANCOUVER INT'L A,1108447,889.123.3,NORM,Y,A,123,1,2012-10-10 14:40:42,,BC,1981,2010,,1981,,2010,26,19344,,2,86.67,Hours with total cloud opacity 8 to 10 tenths,Heures avec nébulosité totale de 8 à 10 dixièmes,3,488.85
-123.18194444444444,49.195,VANCOUVER INT'L A,1108447,889.123.4,NORM,Y,A,123,1,2012-10-10 14:40:42,,BC,1981,2010,,1981,,2010,27,19440,,2,90,Hours with total cloud opacity 8 to 10 tenths,Heures avec nébulosité totale de 8 à 10 dixièmes,4,437.15
-123.18194444444444,49.195,VANCOUVER INT'L A,1108447,889.123.5,NORM,Y,A,123,1,2012-10-10 14:40:42,,BC,1981,2010,,1981,,2010,26,19344,,3,86.67,Hours with total cloud opacity 8 to 10 tenths,Heures avec nébulosité totale de 8 à 10 dixièmes,5,414.69
-123.18194444444444,49.195,VANCOUVER INT'L A,1108447,889.123.6,NORM,Y,A,123,1,2012-10-10 14:40:42,,BC,1981,2010,,1981,,2010,26,18720,,3,86.67,Hours with total cloud opacity 8 to 10 tenths,Heures avec nébulosité totale de 8 à 10 dixièmes,6,404.19
-123.18194444444444,49.195,VANCOUVER INT'L A,1108447,889.123.7,NORM,Y,A,123,1,2012-10-10 14:40:42,,BC,1981,2010,,1981,,2010,25,18600,,3,83.33,Hours with total cloud opacity 8 to 10 tenths,Heures avec nébulosité totale de 8 à 10 dixièmes,7,292.76
-123.18194444444444,49.195,VANCOUVER INT'L A,1108447,889.123.8,NORM,Y,C,123,1,2012-10-10 14:40:42,,BC,1981,2010,,1981,,2010,24,17856,,2,80,Hours with total cloud opacity 8 to 10 tenths,Heures avec nébulosité totale de 8 à 10 dixièmes,8,270.25
-123.18194444444444,49.195,VANCOUVER INT'L A,1108447,889.123.9,NORM,Y,C,123,1,2012-10-10 14:40:42,,BC,1981,2010,,1981,,2009,23,16560,,4,76.67,Hours with total cloud opacity 8 to 10 tenths,Heures avec nébulosité totale de 8 à 10 dixièmes,9,291.65
-123.18194444444444,49.195,VANCOUVER INT'L A,1108447,889.123.10,NORM,Y,B,123,1,2012-10-10 14:40:42,,BC,1981,2010,,1981,,2010,26,19344,,4,86.67,Hours with total cloud opacity 8 to 10 tenths,Heures avec nébulosité totale de 8 à 10 dixièmes,10,453.15
-123.18194444444444,49.195,VANCOUVER INT'L A,1108447,889.123.11,NORM,Y,A,123,1,2012-10-10 14:40:42,,BC,1981,2010,,1981,,2010,27,19440,,1,90,Hours with total cloud opacity 8 to 10 tenths,Heures avec nébulosité totale de 8 à 10 dixièmes,11,522.19
-123.18194444444444,49.195,VANCOUVER INT'L A,1108447,889.123.12,NORM,Y,A,123,1,2012-10-10 14:40:42,,BC,1981,2010,,1981,,2009,26,19344,,3,86.67,Hours with total cloud opacity 8 to 10 tenths,Heures avec nébulosité totale de 8 à 10 dixièmes,12,542.92
-123.18194444444444,49.195,VANCOUVER INT'L A,1108447,889.123.13,NORM,Y,C,123,1,2012-10-10 14:40:42,,BC,1981,2010,,1981,,2010,28,226416,,4,86.1,Hours with total cloud opacity 8 to 10 tenths,Heures avec nébulosité totale de 8 à 10 dixièmes,13,5132.16
-123.18194444444444,49.195,VANCOUVER INT'L A,1108447,889.124.1,NORM,Y,A,124,1,2012-10-10 14:40:42,,BC,1981,2010,,1981,,2010,30,22313,,0,99.97,Mean of hourly mean sea level pressure kPa,Moyenne de la pression horaire au niveau moyen de la mer en kPa,1,101.7
-123.18194444444444,49.195,VANCOUVER INT'L A,1108447,889.124.2,NORM,Y,A,124,1,2012-10-10 14:40:42,,BC,1981,2010,,1981,,2010,30,20321,,0,99.97,Mean of hourly mean sea level pressure kPa,Moyenne de la pression horaire au niveau moyen de la mer en kPa,2,101.69
-123.18194444444444,49.195,VANCOUVER INT'L A,1108447,889.124.3,NORM,Y,A,124,1,2012-10-10 14:40:42,,BC,1981,2010,,1981,,2010,30,22306,,0,99.94,Mean of hourly mean sea level pressure kPa,Moyenne de la pression horaire au niveau moyen de la mer en kPa,3,101.61
-123.18194444444444,49.195,VANCOUVER INT'L A,1108447,889.124.4,NORM,Y,A,124,1,2012-10-10 14:40:42,,BC,1981,2010,,1981,,2010,30,21597,,0,99.99,Mean of hourly mean sea level pressure kPa,Moyenne de la pression horaire au niveau moyen de la mer en kPa,4,101.67
-123.18194444444444,49.195,VANCOUVER INT'L A,1108447,889.124.5,NORM,Y,A,124,1,2012-10-10 14:40:42,,BC,1981,2010,,1981,,2010,30,22311,,0,99.96,Mean of hourly mean sea level pressure kPa,Moyenne de la pression horaire au niveau moyen de la mer en kPa,5,101.66
-123.18194444444444,49.195,VANCOUVER INT'L A,1108447,889.124.6,NORM,Y,A,124,1,2012-10-10 14:40:42,,BC,1981,2010,,1981,,2010,30,21593,,0,99.97,Mean of hourly mean sea level pressure kPa,Moyenne de la pression horaire au niveau moyen de la mer en kPa,6,101.66
-123.18194444444444,49.195,VANCOUVER INT'L A,1108447,889.124.7,NORM,Y,A,124,1,2012-10-10 14:40:42,,BC,1981,2010,,1981,,2010,30,22308,,0,99.95,Mean of hourly mean sea level pressure kPa,Moyenne de la pression horaire au niveau moyen de la mer en kPa,7,101.72
-123.18194444444444,49.195,VANCOUVER INT'L A,1108447,889.124.8,NORM,Y,A,124,1,2012-10-10 14:40:42,,BC,1981,2010,,1981,,2010,30,22301,,0,99.91,Mean of hourly mean sea level pressure kPa,Moyenne de la pression horaire au niveau moyen de la mer en kPa,8,101.65
-123.18194444444444,49.195,VANCOUVER INT'L A,1108447,889.124.9,NORM,Y,A,124,1,2012-10-10 14:40:42,,BC,1981,2010,,1981,,2010,30,21584,,0,99.93,Mean of hourly mean sea level pressure kPa,Moyenne de la pression horaire au niveau moyen de la mer en kPa,9,101.68
-123.18194444444444,49.195,VANCOUVER INT'L A,1108447,889.124.10,NORM,Y,A,124,1,2012-10-10 14:40:42,,BC,1981,2010,,1981,,2010,30,22309,,0,99.95,Mean of hourly mean sea level pressure kPa,Moyenne de la pression horaire au niveau moyen de la mer en kPa,10,101.75
-123.18194444444444,49.195,VANCOUVER INT'L A,1108447,889.124.11,NORM,Y,A,124,1,2012-10-10 14:40:42,,BC,1981,2010,,1981,,2010,30,21595,,0,99.98,Mean of hourly mean sea level pressure kPa,Moyenne de la pression horaire au niveau moyen de la mer en kPa,11,101.6
-123.18194444444444,49.195,VANCOUVER INT'L A,1108447,889.124.12,NORM,Y,A,124,1,2012-10-10 14:40:42,,BC,1981,2010,,1981,,2010,30,22309,,0,99.95,Mean of hourly mean sea level pressure kPa,Moyenne de la pression horaire au niveau moyen de la mer en kPa,12,101.73
-123.18194444444444,49.195,VANCOUVER INT'L A,1108447,889.124.13,NORM,Y,A,124,1,2012-10-10 14:40:42,,BC,1981,2010,,1981,,2010,30,262847,,0,99.96,Mean of hourly mean sea level pressure kPa,Moyenne de la pression horaire au niveau moyen de la mer en kPa,13,101.68
-123.18194444444444,49.195,VANCOUVER INT'L A,1108447,889.13.13,NORM,Y,A,13,1,2012-10-10 14:40:42,1111-03-18 00:00:00,BC,1981,2010,,1981,,2009,26,26,,2,89.65517241379311,Mean date last frost in spring,Date moyenne de la dernière gelée au printemps,13,77
-123.18194444444444,49.195,VANCOUVER INT'L A,1108447,889.14.13,NORM,Y,A,14,1,2012-10-10 14:40:42,1111-11-10 00:00:00,BC,1981,2010,,1981,,2009,26,26,,2,89.65517241379311,Mean date first frost in fall,Date moyenne de la première gelée à l'automne,13,314
-123.18194444444444,49.195,VANCOUVER INT'L A,1108447,889.141.1,NORM,Y,A,141,1,2012-10-10 14:40:42,,BC,1981,2010,,1981,,2010,30,930,,0,100,Days With Wind >= 28 knots,Jours avec vent >= 28 nœuds,1,0.97
-123.18194444444444,49.195,VANCOUVER INT'L A,1108447,889.141.2,NORM,Y,A,141,1,2012-10-10 14:40:42,,BC,1981,2010,,1981,,2010,30,847,,0,100,Days With Wind >= 28 knots,Jours avec vent >= 28 nœuds,2,0.53
-123.18194444444444,49.195,VANCOUVER INT'L A,1108447,889.141.3,NORM,Y,A,141,1,2012-10-10 14:40:42,,BC,1981,2010,,1981,,2010,30,930,,0,100,Days With Wind >= 28 knots,Jours avec vent >= 28 nœuds,3,0.97
-123.18194444444444,49.195,VANCOUVER INT'L A,1108447,889.141.4,NORM,Y,A,141,1,2012-10-10 14:40:42,,BC,1981,2010,,1981,,2010,30,900,,0,100,Days With Wind >= 28 knots,Jours avec vent >= 28 nœuds,4,0.47
-123.18194444444444,49.195,VANCOUVER INT'L A,1108447,889.141.5,NORM,Y,A,141,1,2012-10-10 14:40:42,,BC,1981,2010,,1981,,2010,30,930,,0,100,Days With Wind >= 28 knots,Jours avec vent >= 28 nœuds,5,0.4
-123.18194444444444,49.195,VANCOUVER INT'L A,1108447,889.141.6,NORM,Y,A,141,1,2012-10-10 14:40:42,,BC,1981,2010,,1981,,2010,30,900,,0,100,Days With Wind >= 28 knots,Jours avec vent >= 28 nœuds,6,0.07
-123.18194444444444,49.195,VANCOUVER INT'L A,1108447,889.141.7,NORM,Y,A,141,1,2012-10-10 14:40:42,,BC,1981,2010,,1981,,2010,30,930,,0,100,Days With Wind >= 28 knots,Jours avec vent >= 28 nœuds,7,0.03
-123.18194444444444,49.195,VANCOUVER INT'L A,1108447,889.141.8,NORM,Y,A,141,1,2012-10-10 14:40:42,,BC,1981,2010,,1981,,2010,30,930,,0,100,Days With Wind >= 28 knots,Jours avec vent >= 28 nœuds,8,0
-123.18194444444444,49.195,VANCOUVER INT'L A,1108447,889.141.9,NORM,Y,A,141,1,2012-10-10 14:40:42,,BC,1981,2010,,1981,,2009,29,870,,0,100,Days With Wind >= 28 knots,Jours avec vent >= 28 nœuds,9,0.21
-123.18194444444444,49.195,VANCOUVER INT'L A,1108447,889.141.10,NORM,Y,A,141,1,2012-10-10 14:40:42,,BC,1981,2010,,1981,,2010,29,899,,1,96.67,Days With Wind >= 28 knots,Jours avec vent >= 28 nœuds,10,0.55
-123.18194444444444,49.195,VANCOUVER INT'L A,1108447,889.141.11,NORM,Y,A,141,1,2012-10-10 14:40:42,,BC,1981,2010,,1981,,2010,30,900,,0,100,Days With Wind >= 28 knots,Jours avec vent >= 28 nœuds,11,1.4
-123.18194444444444,49.195,VANCOUVER INT'L A,1108447,889.141.12,NORM,Y,A,141,1,2012-10-10 14:40:42,,BC,1981,2010,,1981,,2010,27,837,,1,90,Days With Wind >= 28 knots,Jours avec vent >= 28 nœuds,12,1.04
-123.18194444444444,49.195,VANCOUVER INT'L A,1108447,889.141.13,NORM,Y,A,141,1,2012-10-10 14:40:42,,BC,1981,2010,,1981,,2010,30,10803,,1,98.89,Days With Wind >= 28 knots,Jours avec vent >= 28 nœuds,13,6.64
-123.18194444444444,49.195,VANCOUVER INT'L A,1108447,889.142.1,NORM,Y,A,142,1,2012-10-10 14:40:42,,BC,1981,2010,,1981,,2010,30,930,,0,100,Days With Wind >= 34 knots,Jours avec vent >= 34 nœuds,1,0.23
-123.18194444444444,49.195,VANCOUVER INT'L A,1108447,889.142.2,NORM,Y,A,142,1,2012-10-10 14:40:42,,BC,1981,2010,,1981,,2010,30,847,,0,100,Days With Wind >= 34 knots,Jours avec vent >= 34 nœuds,2,0.13
-123.18194444444444,49.195,VANCOUVER INT'L A,1108447,889.142.3,NORM,Y,A,142,1,2012-10-10 14:40:42,,BC,1981,2010,,1981,,2010,30,930,,0,100,Days With Wind >= 34 knots,Jours avec vent >= 34 nœuds,3,0.3
-123.18194444444444,49.195,VANCOUVER INT'L A,1108447,889.142.4,NORM,Y,A,142,1,2012-10-10 14:40:42,,BC,1981,2010,,1981,,2010,30,900,,0,100,Days With Wind >= 34 knots,Jours avec vent >= 34 nœuds,4,0.2
-123.18194444444444,49.195,VANCOUVER INT'L A,1108447,889.142.5,NORM,Y,A,142,1,2012-10-10 14:40:42,,BC,1981,2010,,1981,,2010,30,930,,0,100,Days With Wind >= 34 knots,Jours avec vent >= 34 nœuds,5,0.07
-123.18194444444444,49.195,VANCOUVER INT'L A,1108447,889.142.6,NORM,Y,A,142,1,2012-10-10 14:40:42,,BC,1981,2010,,1981,,2010,30,900,,0,100,Days With Wind >= 34 knots,Jours avec vent >= 34 nœuds,6,0
-123.18194444444444,49.195,VANCOUVER INT'L A,1108447,889.142.7,NORM,Y,A,142,1,2012-10-10 14:40:42,,BC,1981,2010,,1981,,2010,30,930,,0,100,Days With Wind >= 34 knots,Jours avec vent >= 34 nœuds,7,0
-123.18194444444444,49.195,VANCOUVER INT'L A,1108447,889.142.8,NORM,Y,A,142,1,2012-10-10 14:40:42,,BC,1981,2010,,1981,,2010,30,930,,0,100,Days With Wind >= 34 knots,Jours avec vent >= 34 nœuds,8,0
-123.18194444444444,49.195,VANCOUVER INT'L A,1108447,889.142.9,NORM,Y,A,142,1,2012-10-10 14:40:42,,BC,1981,2010,,1981,,2009,29,870,,0,100,Days With Wind >= 34 knots,Jours avec vent >= 34 nœuds,9,0.14
-123.18194444444444,49.195,VANCOUVER INT'L A,1108447,889.142.10,NORM,Y,A,142,1,2012-10-10 14:40:42,,BC,1981,2010,,1981,,2010,29,899,,1,96.67,Days With Wind >= 34 knots,Jours avec vent >= 34 nœuds,10,0.14
-123.18194444444444,49.195,VANCOUVER INT'L A,1108447,889.142.11,NORM,Y,A,142,1,2012-10-10 14:40:42,,BC,1981,2010,,1981,,2010,30,900,,0,100,Days With Wind >= 34 knots,Jours avec vent >= 34 nœuds,11,0.27
-123.18194444444444,49.195,VANCOUVER INT'L A,1108447,889.142.12,NORM,Y,A,142,1,2012-10-10 14:40:42,,BC,1981,2010,,1981,,2010,27,837,,1,90,Days With Wind >= 34 knots,Jours avec vent >= 34 nœuds,12,0.3
-123.18194444444444,49.195,VANCOUVER INT'L A,1108447,889.142.13,NORM,Y,A,142,1,2012-10-10 14:40:42,,BC,1981,2010,,1981,,2010,30,10803,,1,98.89,Days With Wind >= 34 knots,Jours avec vent >= 34 nœuds,13,1.78
-123.18194444444444,49.195,VANCOUVER INT'L A,1108447,889.2.1,NORM,Y,A,2,1,2012-10-10 14:40:42,,BC,1981,2010,,1981,,2010,30,930,,0,100,StdDev mean monthly temperature deg C,Écart-type de la température moyenne mensuelle en degree C,1,1.74
-123.18194444444444,49.195,VANCOUVER INT'L A,1108447,889.2.2,NORM,Y,A,2,1,2012-10-10 14:40:42,,BC,1981,2010,,1981,,2010,30,847,,0,100,StdDev mean monthly temperature deg C,Écart-type de la température moyenne mensuelle en degree C,2,1.48
-123.18194444444444,49.195,VANCOUVER INT'L A,1108447,889.2.3,NORM,Y,A,2,1,2012-10-10 14:40:42,,BC,1981,2010,,1981,,2010,30,930,,0,100,StdDev mean monthly temperature deg C,Écart-type de la température moyenne mensuelle en degree C,3,1.1
-123.18194444444444,49.195,VANCOUVER INT'L A,1108447,889.2.4,NORM,Y,A,2,1,2012-10-10 14:40:42,,BC,1981,2010,,1981,,2010,30,899,,0,99.89,StdDev mean monthly temperature deg C,Écart-type de la température moyenne mensuelle en degree C,4,0.9
-123.18194444444444,49.195,VANCOUVER INT'L A,1108447,889.2.5,NORM,Y,A,2,1,2012-10-10 14:40:42,,BC,1981,2010,,1981,,2010,30,929,,0,99.89,StdDev mean monthly temperature deg C,Écart-type de la température moyenne mensuelle en degree C,5,0.91
-123.18194444444444,49.195,VANCOUVER INT'L A,1108447,889.2.6,NORM,Y,A,2,1,2012-10-10 14:40:42,,BC,1981,2010,,1981,,2010,30,900,,0,100,StdDev mean monthly temperature deg C,Écart-type de la température moyenne mensuelle en degree C,6,0.94
-123.18194444444444,49.195,VANCOUVER INT'L A,1108447,889.2.7,NORM,Y,A,2,1,2012-10-10 14:40:42,,BC,1981,2010,,1981,,2010,30,930,,0,100,StdDev mean monthly temperature deg C,Écart-type de la température moyenne mensuelle en degree C,7,0.96
-123.18194444444444,49.195,VANCOUVER INT'L A,1108447,889.2.8,NORM,Y,A,2,1,2012-10-10 14:40:42,,BC,1981,2010,,1981,,2010,30,929,,0,99.89,StdDev mean monthly temperature deg C,Écart-type de la température moyenne mensuelle en degree C,8,0.72
-123.18194444444444,49.195,VANCOUVER INT'L A,1108447,889.2.9,NORM,Y,A,2,1,2012-10-10 14:40:42,,BC,1981,2010,,1981,,2009,29,870,,0,100,StdDev mean monthly temperature deg C,Écart-type de la température moyenne mensuelle en degree C,9,0.85
-123.18194444444444,49.195,VANCOUVER INT'L A,1108447,889.2.10,NORM,Y,A,2,1,2012-10-10 14:40:42,,BC,1981,2010,,1981,,2010,30,930,,0,100,StdDev mean monthly temperature deg C,Écart-type de la température moyenne mensuelle en degree C,10,0.75
-123.18194444444444,49.195,VANCOUVER INT'L A,1108447,889.2.11,NORM,Y,A,2,1,2012-10-10 14:40:42,,BC,1981,2010,,1981,,2010,30,899,,0,99.89,StdDev mean monthly temperature deg C,Écart-type de la température moyenne mensuelle en degree C,11,1.69
-123.18194444444444,49.195,VANCOUVER INT'L A,1108447,889.2.12,NORM,Y,A,2,1,2012-10-10 14:40:42,,BC,1981,2010,,1981,,2010,29,899,,1,96.67,StdDev mean monthly temperature deg C,Écart-type de la température moyenne mensuelle en degree C,12,1.58
-123.18194444444444,49.195,VANCOUVER INT'L A,1108447,889.2.13,NORM,Y,A,2,1,2012-10-10 14:40:42,,BC,1981,2010,,1981,,2010,30,10892,,1,99.69,StdDev mean monthly temperature deg C,Écart-type de la température moyenne mensuelle en degree C,13,0.57
-123.18194444444444,49.195,VANCOUVER INT'L A,1108447,889.21.13,NORM,Y,A,21,1,2012-10-10 14:40:42,1111-08-25 00:00:00,BC,1981,2010,,1981,,2009,26,26,,2,89.65517241379311,Mean length frost-free period in days,"Durée moyenne de la période sans gel, en jours",13,237
-123.18194444444444,49.195,VANCOUVER INT'L A,1108447,889.22.1,NORM,Y,A,22,1,2012-10-10 14:40:42,,BC,1981,2010,,1981,,2010,30,930,,0,100,Total degree-days Above 24 deg C,Total des degrés-jours supérieurs à 24 degree C,1,0
-123.18194444444444,49.195,VANCOUVER INT'L A,1108447,889.22.2,NORM,Y,A,22,1,2012-10-10 14:40:42,,BC,1981,2010,,1981,,2010,30,847,,0,100,Total degree-days Above 24 deg C,Total des degrés-jours supérieurs à 24 degree C,2,0
-123.18194444444444,49.195,VANCOUVER INT'L A,1108447,889.22.3,NORM,Y,A,22,1,2012-10-10 14:40:42,,BC,1981,2010,,1981,,2010,30,930,,0,100,Total degree-days Above 24 deg C,Total des degrés-jours supérieurs à 24 degree C,3,0
-123.18194444444444,49.195,VANCOUVER INT'L A,1108447,889.22.4,NORM,Y,A,22,1,2012-10-10 14:40:42,,BC,1981,2010,,1981,,2010,29,870,,1,96.67,Total degree-days Above 24 deg C,Total des degrés-jours supérieurs à 24 degree C,4,0
-123.18194444444444,49.195,VANCOUVER INT'L A,1108447,889.22.5,NORM,Y,A,22,1,2012-10-10 14:40:42,,BC,1981,2010,,1981,,2010,29,899,,1,96.67,Total degree-days Above 24 deg C,Total des degrés-jours supérieurs à 24 degree C,5,0
-123.18194444444444,49.195,VANCOUVER INT'L A,1108447,889.22.6,NORM,Y,A,22,1,2012-10-10 14:40:42,,BC,1981,2010,,1981,,2010,30,900,,0,100,Total degree-days Above 24 deg C,Total des degrés-jours supérieurs à 24 degree C,6,0
-123.18194444444444,49.195,VANCOUVER INT'L A,1108447,889.22.7,NORM,Y,A,22,1,2012-10-10 14:40:42,,BC,1981,2010,,1981,,2010,30,930,,0,100,Total degree-days Above 24 deg C,Total des degrés-jours supérieurs à 24 degree C,7,0.4
-123.18194444444444,49.195,VANCOUVER INT'L A,1108447,889.22.8,NORM,Y,A,22,1,2012-10-10 14:40:42,,BC,1981,2010,,1981,,2010,29,899,,1,96.67,Total degree-days Above 24 deg C,Total des degrés-jours supérieurs à 24 degree C,8,0.05
-123.18194444444444,49.195,VANCOUVER INT'L A,1108447,889.22.9,NORM,Y,A,22,1,2012-10-10 14:40:42,,BC,1981,2010,,1981,,2009,29,870,,0,100,Total degree-days Above 24 deg C,Total des degrés-jours supérieurs à 24 degree C,9,0
-123.18194444444444,49.195,VANCOUVER INT'L A,1108447,889.22.10,NORM,Y,A,22,1,2012-10-10 14:40:42,,BC,1981,2010,,1981,,2010,30,930,,0,100,Total degree-days Above 24 deg C,Total des degrés-jours supérieurs à 24 degree C,10,0
-123.18194444444444,49.195,VANCOUVER INT'L A,1108447,889.22.11,NORM,Y,A,22,1,2012-10-10 14:40:42,,BC,1981,2010,,1981,,2010,29,870,,1,96.67,Total degree-days Above 24 deg C,Total des degrés-jours supérieurs à 24 degree C,11,0
-123.18194444444444,49.195,VANCOUVER INT'L A,1108447,889.22.12,NORM,Y,A,22,1,2012-10-10 14:40:42,,BC,1981,2010,,1981,,2010,29,899,,1,96.67,Total degree-days Above 24 deg C,Total des degrés-jours supérieurs à 24 degree C,12,0
-123.18194444444444,49.195,VANCOUVER INT'L A,1108447,889.22.13,NORM,Y,A,22,1,2012-10-10 14:40:42,,BC,1981,2010,,1981,,2010,30,10774,,1,98.61,Total degree-days Above 24 deg C,Total des degrés-jours supérieurs à 24 degree C,13,0.45
-123.18194444444444,49.195,VANCOUVER INT'L A,1108447,889.23.1,NORM,Y,A,23,1,2012-10-10 14:40:42,,BC,1981,2010,,1981,,2010,30,930,,0,100,Total degree-days Above 18 deg C,Total des degrés-jours supérieurs à 18 degree C,1,0
-123.18194444444444,49.195,VANCOUVER INT'L A,1108447,889.23.2,NORM,Y,A,23,1,2012-10-10 14:40:42,,BC,1981,2010,,1981,,2010,30,847,,0,100,Total degree-days Above 18 deg C,Total des degrés-jours supérieurs à 18 degree C,2,0
-123.18194444444444,49.195,VANCOUVER INT'L A,1108447,889.23.3,NORM,Y,A,23,1,2012-10-10 14:40:42,,BC,1981,2010,,1981,,2010,30,930,,0,100,Total degree-days Above 18 deg C,Total des degrés-jours supérieurs à 18 degree C,3,0
-123.18194444444444,49.195,VANCOUVER INT'L A,1108447,889.23.4,NORM,Y,A,23,1,2012-10-10 14:40:42,,BC,1981,2010,,1981,,2010,29,870,,1,96.67,Total degree-days Above 18 deg C,Total des degrés-jours supérieurs à 18 degree C,4,0
-123.18194444444444,49.195,VANCOUVER INT'L A,1108447,889.23.5,NORM,Y,A,23,1,2012-10-10 14:40:42,,BC,1981,2010,,1981,,2010,29,899,,1,96.67,Total degree-days Above 18 deg C,Total des degrés-jours supérieurs à 18 degree C,5,0.76
-123.18194444444444,49.195,VANCOUVER INT'L A,1108447,889.23.6,NORM,Y,A,23,1,2012-10-10 14:40:42,,BC,1981,2010,,1981,,2010,30,900,,0,100,Total degree-days Above 18 deg C,Total des degrés-jours supérieurs à 18 degree C,6,6.34
-123.18194444444444,49.195,VANCOUVER INT'L A,1108447,889.23.7,NORM,Y,A,23,1,2012-10-10 14:40:42,,BC,1981,2010,,1981,,2010,30,930,,0,100,Total degree-days Above 18 deg C,Total des degrés-jours supérieurs à 18 degree C,7,24.3
-123.18194444444444,49.195,VANCOUVER INT'L A,1108447,889.23.8,NORM,Y,A,23,1,2012-10-10 14:40:42,,BC,1981,2010,,1981,,2010,29,899,,1,96.67,Total degree-days Above 18 deg C,Total des degrés-jours supérieurs à 18 degree C,8,22.34
-123.18194444444444,49.195,VANCOUVER INT'L A,1108447,889.23.9,NORM,Y,A,23,1,2012-10-10 14:40:42,,BC,1981,2010,,1981,,2009,29,870,,0,100,Total degree-days Above 18 deg C,Total des degrés-jours supérieurs à 18 degree C,9,2.42
-123.18194444444444,49.195,VANCOUVER INT'L A,1108447,889.23.10,NORM,Y,A,23,1,2012-10-10 14:40:42,,BC,1981,2010,,1981,,2010,30,930,,0,100,Total degree-days Above 18 deg C,Total des degrés-jours supérieurs à 18 degree C,10,0
-123.18194444444444,49.195,VANCOUVER INT'L A,1108447,889.23.11,NORM,Y,A,23,1,2012-10-10 14:40:42,,BC,1981,2010,,1981,,2010,29,870,,1,96.67,Total degree-days Above 18 deg C,Total des degrés-jours supérieurs à 18 degree C,11,0
-123.18194444444444,49.195,VANCOUVER INT'L A,1108447,889.23.12,NORM,Y,A,23,1,2012-10-10 14:40:42,,BC,1981,2010,,1981,,2010,29,899,,1,96.67,Total degree-days Above 18 deg C,Total des degrés-jours supérieurs à 18 degree C,12,0
-123.18194444444444,49.195,VANCOUVER INT'L A,1108447,889.23.13,NORM,Y,A,23,1,2012-10-10 14:40:42,,BC,1981,2010,,1981,,2010,30,10774,,1,98.61,Total degree-days Above 18 deg C,Total des degrés-jours supérieurs à 18 degree C,13,56.16
-123.18194444444444,49.195,VANCOUVER INT'L A,1108447,889.24.1,NORM,Y,A,24,1,2012-10-10 14:40:42,,BC,1981,2010,,1981,,2010,30,930,,0,100,Total degree-days Above 15 deg C,Total des degrés-jours supérieurs à 15 degree C,1,0
-123.18194444444444,49.195,VANCOUVER INT'L A,1108447,889.24.2,NORM,Y,A,24,1,2012-10-10 14:40:42,,BC,1981,2010,,1981,,2010,30,847,,0,100,Total degree-days Above 15 deg C,Total des degrés-jours supérieurs à 15 degree C,2,0
-123.18194444444444,49.195,VANCOUVER INT'L A,1108447,889.24.3,NORM,Y,A,24,1,2012-10-10 14:40:42,,BC,1981,2010,,1981,,2010,30,930,,0,100,Total degree-days Above 15 deg C,Total des degrés-jours supérieurs à 15 degree C,3,0
-123.18194444444444,49.195,VANCOUVER INT'L A,1108447,889.24.4,NORM,Y,A,24,1,2012-10-10 14:40:42,,BC,1981,2010,,1981,,2010,29,870,,1,96.67,Total degree-days Above 15 deg C,Total des degrés-jours supérieurs à 15 degree C,4,0.09
-123.18194444444444,49.195,VANCOUVER INT'L A,1108447,889.24.5,NORM,Y,A,24,1,2012-10-10 14:40:42,,BC,1981,2010,,1981,,2010,29,899,,1,96.67,Total degree-days Above 15 deg C,Total des degrés-jours supérieurs à 15 degree C,5,8.39
-123.18194444444444,49.195,VANCOUVER INT'L A,1108447,889.24.6,NORM,Y,A,24,1,2012-10-10 14:40:42,,BC,1981,2010,,1981,,2010,30,900,,0,100,Total degree-days Above 15 deg C,Total des degrés-jours supérieurs à 15 degree C,6,36.16
-123.18194444444444,49.195,VANCOUVER INT'L A,1108447,889.24.7,NORM,Y,A,24,1,2012-10-10 14:40:42,,BC,1981,2010,,1981,,2010,30,930,,0,100,Total degree-days Above 15 deg C,Total des degrés-jours supérieurs à 15 degree C,7,93.2
-123.18194444444444,49.195,VANCOUVER INT'L A,1108447,889.24.8,NORM,Y,A,24,1,2012-10-10 14:40:42,,BC,1981,2010,,1981,,2010,29,899,,1,96.67,Total degree-days Above 15 deg C,Total des degrés-jours supérieurs à 15 degree C,8,93.63
-123.18194444444444,49.195,VANCOUVER INT'L A,1108447,889.24.9,NORM,Y,A,24,1,2012-10-10 14:40:42,,BC,1981,2010,,1981,,2009,29,870,,0,100,Total degree-days Above 15 deg C,Total des degrés-jours supérieurs à 15 degree C,9,25.28
-123.18194444444444,49.195,VANCOUVER INT'L A,1108447,889.24.10,NORM,Y,A,24,1,2012-10-10 14:40:42,,BC,1981,2010,,1981,,2010,30,930,,0,100,Total degree-days Above 15 deg C,Total des degrés-jours supérieurs à 15 degree C,10,0.53
-123.18194444444444,49.195,VANCOUVER INT'L A,1108447,889.24.11,NORM,Y,A,24,1,2012-10-10 14:40:42,,BC,1981,2010,,1981,,2010,29,870,,1,96.67,Total degree-days Above 15 deg C,Total des degrés-jours supérieurs à 15 degree C,11,0
-123.18194444444444,49.195,VANCOUVER INT'L A,1108447,889.24.12,NORM,Y,A,24,1,2012-10-10 14:40:42,,BC,1981,2010,,1981,,2010,29,899,,1,96.67,Total degree-days Above 15 deg C,Total des degrés-jours supérieurs à 15 degree C,12,0
-123.18194444444444,49.195,VANCOUVER INT'L A,1108447,889.24.13,NORM,Y,A,24,1,2012-10-10 14:40:42,,BC,1981,2010,,1981,,2010,30,10774,,1,98.61,Total degree-days Above 15 deg C,Total des degrés-jours supérieurs à 15 degree C,13,257.28
-123.18194444444444,49.195,VANCOUVER INT'L A,1108447,889.25.1,NORM,Y,A,25,1,2012-10-10 14:40:42,,BC,1981,2010,,1981,,2010,30,930,,0,100,Total degree-days Above 10 deg C,Total des degrés-jours supérieurs à 10 degree C,1,0.8
-123.18194444444444,49.195,VANCOUVER INT'L A,1108447,889.25.2,NORM,Y,A,25,1,2012-10-10 14:40:42,,BC,1981,2010,,1981,,2010,30,847,,0,100,Total degree-days Above 10 deg C,Total des degrés-jours supérieurs à 10 degree C,2,0.41
-123.18194444444444,49.195,VANCOUVER INT'L A,1108447,889.25.3,NORM,Y,A,25,1,2012-10-10 14:40:42,,BC,1981,2010,,1981,,2010,30,930,,0,100,Total degree-days Above 10 deg C,Total des degrés-jours supérieurs à 10 degree C,3,2.22
-123.18194444444444,49.195,VANCOUVER INT'L A,1108447,889.25.4,NORM,Y,A,25,1,2012-10-10 14:40:42,,BC,1981,2010,,1981,,2010,29,870,,1,96.67,Total degree-days Above 10 deg C,Total des degrés-jours supérieurs à 10 degree C,4,19.77
-123.18194444444444,49.195,VANCOUVER INT'L A,1108447,889.25.5,NORM,Y,A,25,1,2012-10-10 14:40:42,,BC,1981,2010,,1981,,2010,29,899,,1,96.67,Total degree-days Above 10 deg C,Total des degrés-jours supérieurs à 10 degree C,5,91.35
-123.18194444444444,49.195,VANCOUVER INT'L A,1108447,889.25.6,NORM,Y,A,25,1,2012-10-10 14:40:42,,BC,1981,2010,,1981,,2010,30,900,,0,100,Total degree-days Above 10 deg C,Total des degrés-jours supérieurs à 10 degree C,6,169.82
-123.18194444444444,49.195,VANCOUVER INT'L A,1108447,889.25.7,NORM,Y,A,25,1,2012-10-10 14:40:42,,BC,1981,2010,,1981,,2010,30,930,,0,100,Total degree-days Above 10 deg C,Total des degrés-jours supérieurs à 10 degree C,7,246.7
-123.18194444444444,49.195,VANCOUVER INT'L A,1108447,889.25.8,NORM,Y,A,25,1,2012-10-10 14:40:42,,BC,1981,2010,,1981,,2010,29,899,,1,96.67,Total degree-days Above 10 deg C,Total des degrés-jours supérieurs à 10 degree C,8,247.83
-123.18194444444444,49.195,VANCOUVER INT'L A,1108447,889.25.9,NORM,Y,A,25,1,2012-10-10 14:40:42,,BC,1981,2010,,1981,,2009,29,870,,0,100,Total degree-days Above 10 deg C,Total des degrés-jours supérieurs à 10 degree C,9,146.76
-123.18194444444444,49.195,VANCOUVER INT'L A,1108447,889.25.10,NORM,Y,A,25,1,2012-10-10 14:40:42,,BC,1981,2010,,1981,,2010,30,930,,0,100,Total degree-days Above 10 deg C,Total des degrés-jours supérieurs à 10 degree C,10,35.57
-123.18194444444444,49.195,VANCOUVER INT'L A,1108447,889.25.11,NORM,Y,A,25,1,2012-10-10 14:40:42,,BC,1981,2010,,1981,,2010,29,870,,1,96.67,Total degree-days Above 10 deg C,Total des degrés-jours supérieurs à 10 degree C,11,4.24
-123.18194444444444,49.195,VANCOUVER INT'L A,1108447,889.25.12,NORM,Y,A,25,1,2012-10-10 14:40:42,,BC,1981,2010,,1981,,2010,29,899,,1,96.67,Total degree-days Above 10 deg C,Total des degrés-jours supérieurs à 10 degree C,12,0.26
-123.18194444444444,49.195,VANCOUVER INT'L A,1108447,889.25.13,NORM,Y,A,25,1,2012-10-10 14:40:42,,BC,1981,2010,,1981,,2010,30,10774,,1,98.61,Total degree-days Above 10 deg C,Total des degrés-jours supérieurs à 10 degree C,13,965.73
-123.18194444444444,49.195,VANCOUVER INT'L A,1108447,889.26.1,NORM,Y,A,26,1,2012-10-10 14:40:42,,BC,1981,2010,,1981,,2010,30,930,,0,100,Total degree-days Above 5 deg C,Total des degrés-jours supérieurs à 5 degree C,1,30.71
-123.18194444444444,49.195,VANCOUVER INT'L A,1108447,889.26.2,NORM,Y,A,26,1,2012-10-10 14:40:42,,BC,1981,2010,,1981,,2010,30,847,,0,100,Total degree-days Above 5 deg C,Total des degrés-jours supérieurs à 5 degree C,2,31.95
-123.18194444444444,49.195,VANCOUVER INT'L A,1108447,889.26.3,NORM,Y,A,26,1,2012-10-10 14:40:42,,BC,1981,2010,,1981,,2010,30,930,,0,100,Total degree-days Above 5 deg C,Total des degrés-jours supérieurs à 5 degree C,3,67.18
-123.18194444444444,49.195,VANCOUVER INT'L A,1108447,889.26.4,NORM,Y,A,26,1,2012-10-10 14:40:42,,BC,1981,2010,,1981,,2010,29,870,,1,96.67,Total degree-days Above 5 deg C,Total des degrés-jours supérieurs à 5 degree C,4,132.64
-123.18194444444444,49.195,VANCOUVER INT'L A,1108447,889.26.5,NORM,Y,A,26,1,2012-10-10 14:40:42,,BC,1981,2010,,1981,,2010,29,899,,1,96.67,Total degree-days Above 5 deg C,Total des degrés-jours supérieurs à 5 degree C,5,242.99
-123.18194444444444,49.195,VANCOUVER INT'L A,1108447,889.26.6,NORM,Y,A,26,1,2012-10-10 14:40:42,,BC,1981,2010,,1981,,2010,30,900,,0,100,Total degree-days Above 5 deg C,Total des degrés-jours supérieurs à 5 degree C,6,319.79
-123.18194444444444,49.195,VANCOUVER INT'L A,1108447,889.26.7,NORM,Y,A,26,1,2012-10-10 14:40:42,,BC,1981,2010,,1981,,2010,30,930,,0,100,Total degree-days Above 5 deg C,Total des degrés-jours supérieurs à 5 degree C,7,401.7
-123.18194444444444,49.195,VANCOUVER INT'L A,1108447,889.26.8,NORM,Y,A,26,1,2012-10-10 14:40:42,,BC,1981,2010,,1981,,2010,29,899,,1,96.67,Total degree-days Above 5 deg C,Total des degrés-jours supérieurs à 5 degree C,8,402.83
-123.18194444444444,49.195,VANCOUVER INT'L A,1108447,889.26.9,NORM,Y,A,26,1,2012-10-10 14:40:42,,BC,1981,2010,,1981,,2009,29,870,,0,100,Total degree-days Above 5 deg C,Total des degrés-jours supérieurs à 5 degree C,9,296.63
-123.18194444444444,49.195,VANCOUVER INT'L A,1108447,889.26.10,NORM,Y,A,26,1,2012-10-10 14:40:42,,BC,1981,2010,,1981,,2010,30,930,,0,100,Total degree-days Above 5 deg C,Total des degrés-jours supérieurs à 5 degree C,10,165.34
-123.18194444444444,49.195,VANCOUVER INT'L A,1108447,889.26.11,NORM,Y,A,26,1,2012-10-10 14:40:42,,BC,1981,2010,,1981,,2010,29,870,,1,96.67,Total degree-days Above 5 deg C,Total des degrés-jours supérieurs à 5 degree C,11,63.47
-123.18194444444444,49.195,VANCOUVER INT'L A,1108447,889.26.12,NORM,Y,A,26,1,2012-10-10 14:40:42,,BC,1981,2010,,1981,,2010,29,899,,1,96.67,Total degree-days Above 5 deg C,Total des degrés-jours supérieurs à 5 degree C,12,21.58
-123.18194444444444,49.195,VANCOUVER INT'L A,1108447,889.26.13,NORM,Y,A,26,1,2012-10-10 14:40:42,,BC,1981,2010,,1981,,2010,30,10774,,1,98.61,Total degree-days Above 5 deg C,Total des degrés-jours supérieurs à 5 degree C,13,2176.81
-123.18194444444444,49.195,VANCOUVER INT'L A,1108447,889.27.1,NORM,Y,A,27,1,2012-10-10 14:40:42,,BC,1981,2010,,1981,,2010,30,930,,0,100,Total degree-days Above 0 deg C,Total des degrés-jours supérieurs à 0 degree C,1,138.34
-123.18194444444444,49.195,VANCOUVER INT'L A,1108447,889.27.2,NORM,Y,A,27,1,2012-10-10 14:40:42,,BC,1981,2010,,1981,,2010,30,847,,0,100,Total degree-days Above 0 deg C,Total des degrés-jours supérieurs à 0 degree C,2,142.4
-123.18194444444444,49.195,VANCOUVER INT'L A,1108447,889.27.3,NORM,Y,A,27,1,2012-10-10 14:40:42,,BC,1981,2010,,1981,,2010,30,930,,0,100,Total degree-days Above 0 deg C,Total des degrés-jours supérieurs à 0 degree C,3,213.67
-123.18194444444444,49.195,VANCOUVER INT'L A,1108447,889.27.4,NORM,Y,A,27,1,2012-10-10 14:40:42,,BC,1981,2010,,1981,,2010,29,870,,1,96.67,Total degree-days Above 0 deg C,Total des degrés-jours supérieurs à 0 degree C,4,282.35
-123.18194444444444,49.195,VANCOUVER INT'L A,1108447,889.27.5,NORM,Y,A,27,1,2012-10-10 14:40:42,,BC,1981,2010,,1981,,2010,29,899,,1,96.67,Total degree-days Above 0 deg C,Total des degrés-jours supérieurs à 0 degree C,5,397.99
-123.18194444444444,49.195,VANCOUVER INT'L A,1108447,889.27.6,NORM,Y,A,27,1,2012-10-10 14:40:42,,BC,1981,2010,,1981,,2010,30,900,,0,100,Total degree-days Above 0 deg C,Total des degrés-jours supérieurs à 0 degree C,6,469.79
-123.18194444444444,49.195,VANCOUVER INT'L A,1108447,889.27.7,NORM,Y,A,27,1,2012-10-10 14:40:42,,BC,1981,2010,,1981,,2010,30,930,,0,100,Total degree-days Above 0 deg C,Total des degrés-jours supérieurs à 0 degree C,7,556.7
-123.18194444444444,49.195,VANCOUVER INT'L A,1108447,889.27.8,NORM,Y,A,27,1,2012-10-10 14:40:42,,BC,1981,2010,,1981,,2010,29,899,,1,96.67,Total degree-days Above 0 deg C,Total des degrés-jours supérieurs à 0 degree C,8,557.83
-123.18194444444444,49.195,VANCOUVER INT'L A,1108447,889.27.9,NORM,Y,A,27,1,2012-10-10 14:40:42,,BC,1981,2010,,1981,,2009,29,870,,0,100,Total degree-days Above 0 deg C,Total des degrés-jours supérieurs à 0 degree C,9,446.63
-123.18194444444444,49.195,VANCOUVER INT'L A,1108447,889.27.10,NORM,Y,A,27,1,2012-10-10 14:40:42,,BC,1981,2010,,1981,,2010,30,930,,0,100,Total degree-days Above 0 deg C,Total des degrés-jours supérieurs à 0 degree C,10,319.17
-123.18194444444444,49.195,VANCOUVER INT'L A,1108447,889.27.11,NORM,Y,A,27,1,2012-10-10 14:40:42,,BC,1981,2010,,1981,,2010,29,870,,1,96.67,Total degree-days Above 0 deg C,Total des degrés-jours supérieurs à 0 degree C,11,196.06
-123.18194444444444,49.195,VANCOUVER INT'L A,1108447,889.27.12,NORM,Y,A,27,1,2012-10-10 14:40:42,,BC,1981,2010,,1981,,2010,29,899,,1,96.67,Total degree-days Above 0 deg C,Total des degrés-jours supérieurs à 0 degree C,12,122.34
-123.18194444444444,49.195,VANCOUVER INT'L A,1108447,889.27.13,NORM,Y,A,27,1,2012-10-10 14:40:42,,BC,1981,2010,,1981,,2010,30,10774,,1,98.61,Total degree-days Above 0 deg C,Total des degrés-jours supérieurs à 0 degree C,13,3843.27
-123.18194444444444,49.195,VANCOUVER INT'L A,1108447,889.28.1,NORM,Y,A,28,1,2012-10-10 14:40:42,,BC,1981,2010,,1981,,2010,30,930,,0,100,Total degree-days below 0 deg C,Total des degrés-jours inférieurs à 0 degree C,1,10.2
-123.18194444444444,49.195,VANCOUVER INT'L A,1108447,889.28.2,NORM,Y,A,28,1,2012-10-10 14:40:42,,BC,1981,2010,,1981,,2010,30,847,,0,100,Total degree-days below 0 deg C,Total des degrés-jours inférieurs à 0 degree C,2,3.8
-123.18194444444444,49.195,VANCOUVER INT'L A,1108447,889.28.3,NORM,Y,A,28,1,2012-10-10 14:40:42,,BC,1981,2010,,1981,,2010,30,930,,0,100,Total degree-days below 0 deg C,Total des degrés-jours inférieurs à 0 degree C,3,0.28
-123.18194444444444,49.195,VANCOUVER INT'L A,1108447,889.28.4,NORM,Y,A,28,1,2012-10-10 14:40:42,,BC,1981,2010,,1981,,2010,29,870,,1,96.67,Total degree-days below 0 deg C,Total des degrés-jours inférieurs à 0 degree C,4,0
-123.18194444444444,49.195,VANCOUVER INT'L A,1108447,889.28.5,NORM,Y,A,28,1,2012-10-10 14:40:42,,BC,1981,2010,,1981,,2010,29,899,,1,96.67,Total degree-days below 0 deg C,Total des degrés-jours inférieurs à 0 degree C,5,0
-123.18194444444444,49.195,VANCOUVER INT'L A,1108447,889.28.6,NORM,Y,A,28,1,2012-10-10 14:40:42,,BC,1981,2010,,1981,,2010,30,900,,0,100,Total degree-days below 0 deg C,Total des degrés-jours inférieurs à 0 degree C,6,0
-123.18194444444444,49.195,VANCOUVER INT'L A,1108447,889.28.7,NORM,Y,A,28,1,2012-10-10 14:40:42,,BC,1981,2010,,1981,,2010,30,930,,0,100,Total degree-days below 0 deg C,Total des degrés-jours inférieurs à 0 degree C,7,0
-123.18194444444444,49.195,VANCOUVER INT'L A,1108447,889.28.8,NORM,Y,A,28,1,2012-10-10 14:40:42,,BC,1981,2010,,1981,,2010,29,899,,1,96.67,Total degree-days below 0 deg C,Total des degrés-jours inférieurs à 0 degree C,8,0
-123.18194444444444,49.195,VANCOUVER INT'L A,1108447,889.28.9,NORM,Y,A,28,1,2012-10-10 14:40:42,,BC,1981,2010,,1981,,2009,29,870,,0,100,Total degree-days below 0 deg C,Total des degrés-jours inférieurs à 0 degree C,9,0
-123.18194444444444,49.195,VANCOUVER INT'L A,1108447,889.28.10,NORM,Y,A,28,1,2012-10-10 14:40:42,,BC,1981,2010,,1981,,2010,30,930,,0,100,Total degree-days below 0 deg C,Total des degrés-jours inférieurs à 0 degree C,10,0.09
-123.18194444444444,49.195,VANCOUVER INT'L A,1108447,889.28.11,NORM,Y,A,28,1,2012-10-10 14:40:42,,BC,1981,2010,,1981,,2010,29,870,,1,96.67,Total degree-days below 0 deg C,Total des degrés-jours inférieurs à 0 degree C,11,4.59
-123.18194444444444,49.195,VANCOUVER INT'L A,1108447,889.28.12,NORM,Y,A,28,1,2012-10-10 14:40:42,,BC,1981,2010,,1981,,2010,29,899,,1,96.67,Total degree-days below 0 deg C,Total des degrés-jours inférieurs à 0 degree C,12,11.53
-123.18194444444444,49.195,VANCOUVER INT'L A,1108447,889.28.13,NORM,Y,A,28,1,2012-10-10 14:40:42,,BC,1981,2010,,1981,,2010,30,10774,,1,98.61,Total degree-days below 0 deg C,Total des degrés-jours inférieurs à 0 degree C,13,30.49
-123.18194444444444,49.195,VANCOUVER INT'L A,1108447,889.29.1,NORM,Y,A,29,1,2012-10-10 14:40:42,,BC,1981,2010,,1981,,2010,30,930,,0,100,Total degree-days below 5 deg C,Total des degrés-jours inférieurs à 5 degree C,1,57.58
-123.18194444444444,49.195,VANCOUVER INT'L A,1108447,889.29.2,NORM,Y,A,29,1,2012-10-10 14:40:42,,BC,1981,2010,,1981,,2010,30,847,,0,100,Total degree-days below 5 deg C,Total des degrés-jours inférieurs à 5 degree C,2,34.51
-123.18194444444444,49.195,VANCOUVER INT'L A,1108447,889.29.3,NORM,Y,A,29,1,2012-10-10 14:40:42,,BC,1981,2010,,1981,,2010,30,930,,0,100,Total degree-days below 5 deg C,Total des degrés-jours inférieurs à 5 degree C,3,8.79
-123.18194444444444,49.195,VANCOUVER INT'L A,1108447,889.29.4,NORM,Y,A,29,1,2012-10-10 14:40:42,,BC,1981,2010,,1981,,2010,29,870,,1,96.67,Total degree-days below 5 deg C,Total des degrés-jours inférieurs à 5 degree C,4,0.29
-123.18194444444444,49.195,VANCOUVER INT'L A,1108447,889.29.5,NORM,Y,A,29,1,2012-10-10 14:40:42,,BC,1981,2010,,1981,,2010,29,899,,1,96.67,Total degree-days below 5 deg C,Total des degrés-jours inférieurs à 5 degree C,5,0
-123.18194444444444,49.195,VANCOUVER INT'L A,1108447,889.29.6,NORM,Y,A,29,1,2012-10-10 14:40:42,,BC,1981,2010,,1981,,2010,30,900,,0,100,Total degree-days below 5 deg C,Total des degrés-jours inférieurs à 5 degree C,6,0
-123.18194444444444,49.195,VANCOUVER INT'L A,1108447,889.29.7,NORM,Y,A,29,1,2012-10-10 14:40:42,,BC,1981,2010,,1981,,2010,30,930,,0,100,Total degree-days below 5 deg C,Total des degrés-jours inférieurs à 5 degree C,7,0
-123.18194444444444,49.195,VANCOUVER INT'L A,1108447,889.29.8,NORM,Y,A,29,1,2012-10-10 14:40:42,,BC,1981,2010,,1981,,2010,29,899,,1,96.67,Total degree-days below 5 deg C,Total des degrés-jours inférieurs à 5 degree C,8,0
-123.18194444444444,49.195,VANCOUVER INT'L A,1108447,889.29.9,NORM,Y,A,29,1,2012-10-10 14:40:42,,BC,1981,2010,,1981,,2009,29,870,,0,100,Total degree-days below 5 deg C,Total des degrés-jours inférieurs à 5 degree C,9,0
-123.18194444444444,49.195,VANCOUVER INT'L A,1108447,889.29.10,NORM,Y,A,29,1,2012-10-10 14:40:42,,BC,1981,2010,,1981,,2010,30,930,,0,100,Total degree-days below 5 deg C,Total des degrés-jours inférieurs à 5 degree C,10,1.26
-123.18194444444444,49.195,VANCOUVER INT'L A,1108447,889.29.11,NORM,Y,A,29,1,2012-10-10 14:40:42,,BC,1981,2010,,1981,,2010,29,870,,1,96.67,Total degree-days below 5 deg C,Total des degrés-jours inférieurs à 5 degree C,11,22
-123.18194444444444,49.195,VANCOUVER INT'L A,1108447,889.29.12,NORM,Y,A,29,1,2012-10-10 14:40:42,,BC,1981,2010,,1981,,2010,29,899,,1,96.67,Total degree-days below 5 deg C,Total des degrés-jours inférieurs à 5 degree C,12,65.77
-123.18194444444444,49.195,VANCOUVER INT'L A,1108447,889.29.13,NORM,Y,A,29,1,2012-10-10 14:40:42,,BC,1981,2010,,1981,,2010,30,10774,,1,98.61,Total degree-days below 5 deg C,Total des degrés-jours inférieurs à 5 degree C,13,190.2
-123.18194444444444,49.195,VANCOUVER INT'L A,1108447,889.30.1,NORM,Y,A,30,1,2012-10-10 14:40:42,,BC,1981,2010,,1981,,2010,30,930,,0,100,Total degree-days below 10 deg C,Total des degrés-jours inférieurs à 10 degree C,1,182.67
-123.18194444444444,49.195,VANCOUVER INT'L A,1108447,889.30.2,NORM,Y,A,30,1,2012-10-10 14:40:42,,BC,1981,2010,,1981,,2010,30,847,,0,100,Total degree-days below 10 deg C,Total des degrés-jours inférieurs à 10 degree C,2,144.14
-123.18194444444444,49.195,VANCOUVER INT'L A,1108447,889.30.3,NORM,Y,A,30,1,2012-10-10 14:40:42,,BC,1981,2010,,1981,,2010,30,930,,0,100,Total degree-days below 10 deg C,Total des degrés-jours inférieurs à 10 degree C,3,98.83
-123.18194444444444,49.195,VANCOUVER INT'L A,1108447,889.30.4,NORM,Y,A,30,1,2012-10-10 14:40:42,,BC,1981,2010,,1981,,2010,29,870,,1,96.67,Total degree-days below 10 deg C,Total des degrés-jours inférieurs à 10 degree C,4,37.42
-123.18194444444444,49.195,VANCOUVER INT'L A,1108447,889.30.5,NORM,Y,A,30,1,2012-10-10 14:40:42,,BC,1981,2010,,1981,,2010,29,899,,1,96.67,Total degree-days below 10 deg C,Total des degrés-jours inférieurs à 10 degree C,5,3.37
-123.18194444444444,49.195,VANCOUVER INT'L A,1108447,889.30.6,NORM,Y,A,30,1,2012-10-10 14:40:42,,BC,1981,2010,,1981,,2010,30,900,,0,100,Total degree-days below 10 deg C,Total des degrés-jours inférieurs à 10 degree C,6,0.03
-123.18194444444444,49.195,VANCOUVER INT'L A,1108447,889.30.7,NORM,Y,A,30,1,2012-10-10 14:40:42,,BC,1981,2010,,1981,,2010,30,930,,0,100,Total degree-days below 10 deg C,Total des degrés-jours inférieurs à 10 degree C,7,0
-123.18194444444444,49.195,VANCOUVER INT'L A,1108447,889.30.8,NORM,Y,A,30,1,2012-10-10 14:40:42,,BC,1981,2010,,1981,,2010,29,899,,1,96.67,Total degree-days below 10 deg C,Total des degrés-jours inférieurs à 10 degree C,8,0
-123.18194444444444,49.195,VANCOUVER INT'L A,1108447,889.30.9,NORM,Y,A,30,1,2012-10-10 14:40:42,,BC,1981,2010,,1981,,2009,29,870,,0,100,Total degree-days below 10 deg C,Total des degrés-jours inférieurs à 10 degree C,9,0.13
-123.18194444444444,49.195,VANCOUVER INT'L A,1108447,889.30.10,NORM,Y,A,30,1,2012-10-10 14:40:42,,BC,1981,2010,,1981,,2010,30,930,,0,100,Total degree-days below 10 deg C,Total des degrés-jours inférieurs à 10 degree C,10,26.48
-123.18194444444444,49.195,VANCOUVER INT'L A,1108447,889.30.11,NORM,Y,A,30,1,2012-10-10 14:40:42,,BC,1981,2010,,1981,,2010,29,870,,1,96.67,Total degree-days below 10 deg C,Total des degrés-jours inférieurs à 10 degree C,11,112.77
-123.18194444444444,49.195,VANCOUVER INT'L A,1108447,889.30.12,NORM,Y,A,30,1,2012-10-10 14:40:42,,BC,1981,2010,,1981,,2010,29,899,,1,96.67,Total degree-days below 10 deg C,Total des degrés-jours inférieurs à 10 degree C,12,199.45
-123.18194444444444,49.195,VANCOUVER INT'L A,1108447,889.30.13,NORM,Y,A,30,1,2012-10-10 14:40:42,,BC,1981,2010,,1981,,2010,30,10774,,1,98.61,Total degree-days below 10 deg C,Total des degrés-jours inférieurs à 10 degree C,13,805.29
-123.18194444444444,49.195,VANCOUVER INT'L A,1108447,889.31.1,NORM,Y,A,31,1,2012-10-10 14:40:42,,BC,1981,2010,,1981,,2010,30,930,,0,100,Total degree-days below 15 deg C,Total des degrés-jours inférieurs à 15 degree C,1,336.87
-123.18194444444444,49.195,VANCOUVER INT'L A,1108447,889.31.2,NORM,Y,A,31,1,2012-10-10 14:40:42,,BC,1981,2010,,1981,,2010,30,847,,0,100,Total degree-days below 15 deg C,Total des degrés-jours inférieurs à 15 degree C,2,284.9
-123.18194444444444,49.195,VANCOUVER INT'L A,1108447,889.31.3,NORM,Y,A,31,1,2012-10-10 14:40:42,,BC,1981,2010,,1981,,2010,30,930,,0,100,Total degree-days below 15 deg C,Total des degrés-jours inférieurs à 15 degree C,3,251.61
-123.18194444444444,49.195,VANCOUVER INT'L A,1108447,889.31.4,NORM,Y,A,31,1,2012-10-10 14:40:42,,BC,1981,2010,,1981,,2010,29,870,,1,96.67,Total degree-days below 15 deg C,Total des degrés-jours inférieurs à 15 degree C,4,167.73
-123.18194444444444,49.195,VANCOUVER INT'L A,1108447,889.31.5,NORM,Y,A,31,1,2012-10-10 14:40:42,,BC,1981,2010,,1981,,2010,29,899,,1,96.67,Total degree-days below 15 deg C,Total des degrés-jours inférieurs à 15 degree C,5,75.4
-123.18194444444444,49.195,VANCOUVER INT'L A,1108447,889.31.6,NORM,Y,A,31,1,2012-10-10 14:40:42,,BC,1981,2010,,1981,,2010,30,900,,0,100,Total degree-days below 15 deg C,Total des degrés-jours inférieurs à 15 degree C,6,16.37
-123.18194444444444,49.195,VANCOUVER INT'L A,1108447,889.31.7,NORM,Y,A,31,1,2012-10-10 14:40:42,,BC,1981,2010,,1981,,2010,30,930,,0,100,Total degree-days below 15 deg C,Total des degrés-jours inférieurs à 15 degree C,7,1.5
-123.18194444444444,49.195,VANCOUVER INT'L A,1108447,889.31.8,NORM,Y,A,31,1,2012-10-10 14:40:42,,BC,1981,2010,,1981,,2010,29,899,,1,96.67,Total degree-days below 15 deg C,Total des degrés-jours inférieurs à 15 degree C,8,0.8
-123.18194444444444,49.195,VANCOUVER INT'L A,1108447,889.31.9,NORM,Y,A,31,1,2012-10-10 14:40:42,,BC,1981,2010,,1981,,2009,29,870,,0,100,Total degree-days below 15 deg C,Total des degrés-jours inférieurs à 15 degree C,9,28.65
-123.18194444444444,49.195,VANCOUVER INT'L A,1108447,889.31.10,NORM,Y,A,31,1,2012-10-10 14:40:42,,BC,1981,2010,,1981,,2010,30,930,,0,100,Total degree-days below 15 deg C,Total des degrés-jours inférieurs à 15 degree C,10,146.44
-123.18194444444444,49.195,VANCOUVER INT'L A,1108447,889.31.11,NORM,Y,A,31,1,2012-10-10 14:40:42,,BC,1981,2010,,1981,,2010,29,870,,1,96.67,Total degree-days below 15 deg C,Total des degrés-jours inférieurs à 15 degree C,11,258.53
-123.18194444444444,49.195,VANCOUVER INT'L A,1108447,889.31.12,NORM,Y,A,31,1,2012-10-10 14:40:42,,BC,1981,2010,,1981,,2010,29,899,,1,96.67,Total degree-days below 15 deg C,Total des degrés-jours inférieurs à 15 degree C,12,354.19
-123.18194444444444,49.195,VANCOUVER INT'L A,1108447,889.31.13,NORM,Y,A,31,1,2012-10-10 14:40:42,,BC,1981,2010,,1981,,2010,30,10774,,1,98.61,Total degree-days below 15 deg C,Total des degrés-jours inférieurs à 15 degree C,13,1922.99
-123.18194444444444,49.195,VANCOUVER INT'L A,1108447,889.32.1,NORM,Y,A,32,1,2012-10-10 14:40:42,,BC,1981,2010,,1981,,2010,30,930,,0,100,Total degree-days below 18 deg C,Total des degrés-jours inférieurs à 18 degree C,1,429.87
-123.18194444444444,49.195,VANCOUVER INT'L A,1108447,889.32.2,NORM,Y,A,32,1,2012-10-10 14:40:42,,BC,1981,2010,,1981,,2010,30,847,,0,100,Total degree-days below 18 deg C,Total des degrés-jours inférieurs à 18 degree C,2,369.6
-123.18194444444444,49.195,VANCOUVER INT'L A,1108447,889.32.3,NORM,Y,A,32,1,2012-10-10 14:40:42,,BC,1981,2010,,1981,,2010,30,930,,0,100,Total degree-days below 18 deg C,Total des degrés-jours inférieurs à 18 degree C,3,344.61
-123.18194444444444,49.195,VANCOUVER INT'L A,1108447,889.32.4,NORM,Y,A,32,1,2012-10-10 14:40:42,,BC,1981,2010,,1981,,2010,29,870,,1,96.67,Total degree-days below 18 deg C,Total des degrés-jours inférieurs à 18 degree C,4,257.65
-123.18194444444444,49.195,VANCOUVER INT'L A,1108447,889.32.5,NORM,Y,A,32,1,2012-10-10 14:40:42,,BC,1981,2010,,1981,,2010,29,899,,1,96.67,Total degree-days below 18 deg C,Total des degrés-jours inférieurs à 18 degree C,5,160.77
-123.18194444444444,49.195,VANCOUVER INT'L A,1108447,889.32.6,NORM,Y,A,32,1,2012-10-10 14:40:42,,BC,1981,2010,,1981,,2010,30,900,,0,100,Total degree-days below 18 deg C,Total des degrés-jours inférieurs à 18 degree C,6,76.55
-123.18194444444444,49.195,VANCOUVER INT'L A,1108447,889.32.7,NORM,Y,A,32,1,2012-10-10 14:40:42,,BC,1981,2010,,1981,,2010,30,930,,0,100,Total degree-days below 18 deg C,Total des degrés-jours inférieurs à 18 degree C,7,25.6
-123.18194444444444,49.195,VANCOUVER INT'L A,1108447,889.32.8,NORM,Y,A,32,1,2012-10-10 14:40:42,,BC,1981,2010,,1981,,2010,29,899,,1,96.67,Total degree-days below 18 deg C,Total des degrés-jours inférieurs à 18 degree C,8,22.51
-123.18194444444444,49.195,VANCOUVER INT'L A,1108447,889.32.9,NORM,Y,A,32,1,2012-10-10 14:40:42,,BC,1981,2010,,1981,,2009,29,870,,0,100,Total degree-days below 18 deg C,Total des degrés-jours inférieurs à 18 degree C,9,95.79
-123.18194444444444,49.195,VANCOUVER INT'L A,1108447,889.32.10,NORM,Y,A,32,1,2012-10-10 14:40:42,,BC,1981,2010,,1981,,2010,30,930,,0,100,Total degree-days below 18 deg C,Total des degrés-jours inférieurs à 18 degree C,10,238.92
-123.18194444444444,49.195,VANCOUVER INT'L A,1108447,889.32.11,NORM,Y,A,32,1,2012-10-10 14:40:42,,BC,1981,2010,,1981,,2010,29,870,,1,96.67,Total degree-days below 18 deg C,Total des degrés-jours inférieurs à 18 degree C,11,348.53
-123.18194444444444,49.195,VANCOUVER INT'L A,1108447,889.32.12,NORM,Y,A,32,1,2012-10-10 14:40:42,,BC,1981,2010,,1981,,2010,29,899,,1,96.67,Total degree-days below 18 deg C,Total des degrés-jours inférieurs à 18 degree C,12,447.19
-123.18194444444444,49.195,VANCOUVER INT'L A,1108447,889.32.13,NORM,Y,A,32,1,2012-10-10 14:40:42,,BC,1981,2010,,1981,,2010,30,10774,,1,98.61,Total degree-days below 18 deg C,Total des degrés-jours inférieurs à 18 degree C,13,2817.59
-123.18194444444444,49.195,VANCOUVER INT'L A,1108447,889.33.1,NORM,Y,A,33,1,2012-10-10 14:40:42,,BC,1981,2010,,1981,,2010,30,930,,0,100,Days with daily max temperature LE 0 deg C,Jours avec température maximale quotidienne <= 0 degree C,1,1.13
-123.18194444444444,49.195,VANCOUVER INT'L A,1108447,889.33.2,NORM,Y,A,33,1,2012-10-10 14:40:42,,BC,1981,2010,,1981,,2010,30,847,,0,100,Days with daily max temperature LE 0 deg C,Jours avec température maximale quotidienne <= 0 degree C,2,0.33
-123.18194444444444,49.195,VANCOUVER INT'L A,1108447,889.33.3,NORM,Y,A,33,1,2012-10-10 14:40:42,,BC,1981,2010,,1981,,2010,30,930,,0,100,Days with daily max temperature LE 0 deg C,Jours avec température maximale quotidienne <= 0 degree C,3,0
-123.18194444444444,49.195,VANCOUVER INT'L A,1108447,889.33.4,NORM,Y,A,33,1,2012-10-10 14:40:42,,BC,1981,2010,,1981,,2010,29,870,,1,96.67,Days with daily max temperature LE 0 deg C,Jours avec température maximale quotidienne <= 0 degree C,4,0
-123.18194444444444,49.195,VANCOUVER INT'L A,1108447,889.33.5,NORM,Y,A,33,1,2012-10-10 14:40:42,,BC,1981,2010,,1981,,2010,29,899,,1,96.67,Days with daily max temperature LE 0 deg C,Jours avec température maximale quotidienne <= 0 degree C,5,0
-123.18194444444444,49.195,VANCOUVER INT'L A,1108447,889.33.6,NORM,Y,A,33,1,2012-10-10 14:40:42,,BC,1981,2010,,1981,,2010,30,900,,0,100,Days with daily max temperature LE 0 deg C,Jours avec température maximale quotidienne <= 0 degree C,6,0
-123.18194444444444,49.195,VANCOUVER INT'L A,1108447,889.33.7,NORM,Y,A,33,1,2012-10-10 14:40:42,,BC,1981,2010,,1981,,2010,30,930,,0,100,Days with daily max temperature LE 0 deg C,Jours avec température maximale quotidienne <= 0 degree C,7,0
-123.18194444444444,49.195,VANCOUVER INT'L A,1108447,889.33.8,NORM,Y,A,33,1,2012-10-10 14:40:42,,BC,1981,2010,,1981,,2010,29,899,,1,96.67,Days with daily max temperature LE 0 deg C,Jours avec température maximale quotidienne <= 0 degree C,8,0
-123.18194444444444,49.195,VANCOUVER INT'L A,1108447,889.33.9,NORM,Y,A,33,1,2012-10-10 14:40:42,,BC,1981,2010,,1981,,2009,29,870,,0,100,Days with daily max temperature LE 0 deg C,Jours avec température maximale quotidienne <= 0 degree C,9,0
-123.18194444444444,49.195,VANCOUVER INT'L A,1108447,889.33.10,NORM,Y,A,33,1,2012-10-10 14:40:42,,BC,1981,2010,,1981,,2010,30,930,,0,100,Days with daily max temperature LE 0 deg C,Jours avec température maximale quotidienne <= 0 degree C,10,0
-123.18194444444444,49.195,VANCOUVER INT'L A,1108447,889.33.11,NORM,Y,A,33,1,2012-10-10 14:40:42,,BC,1981,2010,,1981,,2010,29,870,,1,96.67,Days with daily max temperature LE 0 deg C,Jours avec température maximale quotidienne <= 0 degree C,11,0.52
-123.18194444444444,49.195,VANCOUVER INT'L A,1108447,889.33.12,NORM,Y,A,33,1,2012-10-10 14:40:42,,BC,1981,2010,,1981,,2010,29,899,,1,96.67,Days with daily max temperature LE 0 deg C,Jours avec température maximale quotidienne <= 0 degree C,12,1.45
-123.18194444444444,49.195,VANCOUVER INT'L A,1108447,889.33.13,NORM,Y,A,33,1,2012-10-10 14:40:42,,BC,1981,2010,,1981,,2010,30,10774,,1,98.61,Days with daily max temperature LE 0 deg C,Jours avec température maximale quotidienne <= 0 degree C,13,3.43
-123.18194444444444,49.195,VANCOUVER INT'L A,1108447,889.34.1,NORM,Y,A,34,1,2012-10-10 14:40:42,,BC,1981,2010,,1981,,2010,30,930,,0,100,Days with daily max temperature GT 0 deg C,Jours avec température maximale quotidienne > 0 ºC,1,29.87
-123.18194444444444,49.195,VANCOUVER INT'L A,1108447,889.34.2,NORM,Y,A,34,1,2012-10-10 14:40:42,,BC,1981,2010,,1981,,2010,30,847,,0,100,Days with daily max temperature GT 0 deg C,Jours avec température maximale quotidienne > 0 ºC,2,27.9
-123.18194444444444,49.195,VANCOUVER INT'L A,1108447,889.34.3,NORM,Y,A,34,1,2012-10-10 14:40:42,,BC,1981,2010,,1981,,2010,30,930,,0,100,Days with daily max temperature GT 0 deg C,Jours avec température maximale quotidienne > 0 ºC,3,31
-123.18194444444444,49.195,VANCOUVER INT'L A,1108447,889.34.4,NORM,Y,A,34,1,2012-10-10 14:40:42,,BC,1981,2010,,1981,,2010,29,870,,1,96.67,Days with daily max temperature GT 0 deg C,Jours avec température maximale quotidienne > 0 ºC,4,30
-123.18194444444444,49.195,VANCOUVER INT'L A,1108447,889.34.5,NORM,Y,A,34,1,2012-10-10 14:40:42,,BC,1981,2010,,1981,,2010,29,899,,1,96.67,Days with daily max temperature GT 0 deg C,Jours avec température maximale quotidienne > 0 ºC,5,31
-123.18194444444444,49.195,VANCOUVER INT'L A,1108447,889.34.6,NORM,Y,A,34,1,2012-10-10 14:40:42,,BC,1981,2010,,1981,,2010,30,900,,0,100,Days with daily max temperature GT 0 deg C,Jours avec température maximale quotidienne > 0 ºC,6,30
-123.18194444444444,49.195,VANCOUVER INT'L A,1108447,889.34.7,NORM,Y,A,34,1,2012-10-10 14:40:42,,BC,1981,2010,,1981,,2010,30,930,,0,100,Days with daily max temperature GT 0 deg C,Jours avec température maximale quotidienne > 0 ºC,7,31
-123.18194444444444,49.195,VANCOUVER INT'L A,1108447,889.34.8,NORM,Y,A,34,1,2012-10-10 14:40:42,,BC,1981,2010,,1981,,2010,29,899,,1,96.67,Days with daily max temperature GT 0 deg C,Jours avec température maximale quotidienne > 0 ºC,8,31
-123.18194444444444,49.195,VANCOUVER INT'L A,1108447,889.34.9,NORM,Y,A,34,1,2012-10-10 14:40:42,,BC,1981,2010,,1981,,2009,29,870,,0,100,Days with daily max temperature GT 0 deg C,Jours avec température maximale quotidienne > 0 ºC,9,30
-123.18194444444444,49.195,VANCOUVER INT'L A,1108447,889.34.10,NORM,Y,A,34,1,2012-10-10 14:40:42,,BC,1981,2010,,1981,,2010,30,930,,0,100,Days with daily max temperature GT 0 deg C,Jours avec température maximale quotidienne > 0 ºC,10,31
-123.18194444444444,49.195,VANCOUVER INT'L A,1108447,889.34.11,NORM,Y,A,34,1,2012-10-10 14:40:42,,BC,1981,2010,,1981,,2010,29,870,,1,96.67,Days with daily max temperature GT 0 deg C,Jours avec température maximale quotidienne > 0 ºC,11,29.48
-123.18194444444444,49.195,VANCOUVER INT'L A,1108447,889.34.12,NORM,Y,A,34,1,2012-10-10 14:40:42,,BC,1981,2010,,1981,,2010,29,899,,1,96.67,Days with daily max temperature GT 0 deg C,Jours avec température maximale quotidienne > 0 ºC,12,29.55
-123.18194444444444,49.195,VANCOUVER INT'L A,1108447,889.34.13,NORM,Y,A,34,1,2012-10-10 14:40:42,,BC,1981,2010,,1981,,2010,30,10774,,1,98.61,Days with daily max temperature GT 0 deg C,Jours avec température maximale quotidienne > 0 ºC,13,361.8
-123.18194444444444,49.195,VANCOUVER INT'L A,1108447,889.35.1,NORM,Y,A,35,1,2012-10-10 14:40:42,,BC,1981,2010,,1981,,2010,30,930,,0,100,Days with daily max temperature GT 10 deg C,Jours avec température maximale quotidienne > 10 degree C,1,4.9
-123.18194444444444,49.195,VANCOUVER INT'L A,1108447,889.35.2,NORM,Y,A,35,1,2012-10-10 14:40:42,,BC,1981,2010,,1981,,2010,30,847,,0,100,Days with daily max temperature GT 10 deg C,Jours avec température maximale quotidienne > 10 degree C,2,7.3
-123.18194444444444,49.195,VANCOUVER INT'L A,1108447,889.35.3,NORM,Y,A,35,1,2012-10-10 14:40:42,,BC,1981,2010,,1981,,2010,30,930,,0,100,Days with daily max temperature GT 10 deg C,Jours avec température maximale quotidienne > 10 degree C,3,16.7
-123.18194444444444,49.195,VANCOUVER INT'L A,1108447,889.35.4,NORM,Y,A,35,1,2012-10-10 14:40:42,,BC,1981,2010,,1981,,2010,29,870,,1,96.67,Days with daily max temperature GT 10 deg C,Jours avec température maximale quotidienne > 10 degree C,4,26.14
-123.18194444444444,49.195,VANCOUVER INT'L A,1108447,889.35.5,NORM,Y,A,35,1,2012-10-10 14:40:42,,BC,1981,2010,,1981,,2010,29,899,,1,96.67,Days with daily max temperature GT 10 deg C,Jours avec température maximale quotidienne > 10 degree C,5,30.93
-123.18194444444444,49.195,VANCOUVER INT'L A,1108447,889.35.6,NORM,Y,A,35,1,2012-10-10 14:40:42,,BC,1981,2010,,1981,,2010,30,900,,0,100,Days with daily max temperature GT 10 deg C,Jours avec température maximale quotidienne > 10 degree C,6,30
-123.18194444444444,49.195,VANCOUVER INT'L A,1108447,889.35.7,NORM,Y,A,35,1,2012-10-10 14:40:42,,BC,1981,2010,,1981,,2010,30,930,,0,100,Days with daily max temperature GT 10 deg C,Jours avec température maximale quotidienne > 10 degree C,7,31
-123.18194444444444,49.195,VANCOUVER INT'L A,1108447,889.35.8,NORM,Y,A,35,1,2012-10-10 14:40:42,,BC,1981,2010,,1981,,2010,29,899,,1,96.67,Days with daily max temperature GT 10 deg C,Jours avec température maximale quotidienne > 10 degree C,8,31
-123.18194444444444,49.195,VANCOUVER INT'L A,1108447,889.35.9,NORM,Y,A,35,1,2012-10-10 14:40:42,,BC,1981,2010,,1981,,2009,29,870,,0,100,Days with daily max temperature GT 10 deg C,Jours avec température maximale quotidienne > 10 degree C,9,30
-123.18194444444444,49.195,VANCOUVER INT'L A,1108447,889.35.10,NORM,Y,A,35,1,2012-10-10 14:40:42,,BC,1981,2010,,1981,,2010,30,930,,0,100,Days with daily max temperature GT 10 deg C,Jours avec température maximale quotidienne > 10 degree C,10,28.63
-123.18194444444444,49.195,VANCOUVER INT'L A,1108447,889.35.11,NORM,Y,A,35,1,2012-10-10 14:40:42,,BC,1981,2010,,1981,,2010,29,870,,1,96.67,Days with daily max temperature GT 10 deg C,Jours avec température maximale quotidienne > 10 degree C,11,11.9
-123.18194444444444,49.195,VANCOUVER INT'L A,1108447,889.35.12,NORM,Y,A,35,1,2012-10-10 14:40:42,,BC,1981,2010,,1981,,2010,29,899,,1,96.67,Days with daily max temperature GT 10 deg C,Jours avec température maximale quotidienne > 10 degree C,12,2.69
-123.18194444444444,49.195,VANCOUVER INT'L A,1108447,889.35.13,NORM,Y,A,35,1,2012-10-10 14:40:42,,BC,1981,2010,,1981,,2010,30,10774,,1,98.61,Days with daily max temperature GT 10 deg C,Jours avec température maximale quotidienne > 10 degree C,13,251.19
-123.18194444444444,49.195,VANCOUVER INT'L A,1108447,889.36.1,NORM,Y,A,36,1,2012-10-10 14:40:42,,BC,1981,2010,,1981,,2010,30,930,,0,100,Days with daily max temperature GT 20 deg C,Jours avec température maximale quotidienne > 20 degree C,1,0
-123.18194444444444,49.195,VANCOUVER INT'L A,1108447,889.36.2,NORM,Y,A,36,1,2012-10-10 14:40:42,,BC,1981,2010,,1981,,2010,30,847,,0,100,Days with daily max temperature GT 20 deg C,Jours avec température maximale quotidienne > 20 degree C,2,0
-123.18194444444444,49.195,VANCOUVER INT'L A,1108447,889.36.3,NORM,Y,A,36,1,2012-10-10 14:40:42,,BC,1981,2010,,1981,,2010,30,930,,0,100,Days with daily max temperature GT 20 deg C,Jours avec température maximale quotidienne > 20 degree C,3,0
-123.18194444444444,49.195,VANCOUVER INT'L A,1108447,889.36.4,NORM,Y,A,36,1,2012-10-10 14:40:42,,BC,1981,2010,,1981,,2010,29,870,,1,96.67,Days with daily max temperature GT 20 deg C,Jours avec température maximale quotidienne > 20 degree C,4,0.52
-123.18194444444444,49.195,VANCOUVER INT'L A,1108447,889.36.5,NORM,Y,A,36,1,2012-10-10 14:40:42,,BC,1981,2010,,1981,,2010,29,899,,1,96.67,Days with daily max temperature GT 20 deg C,Jours avec température maximale quotidienne > 20 degree C,5,4.41
-123.18194444444444,49.195,VANCOUVER INT'L A,1108447,889.36.6,NORM,Y,A,36,1,2012-10-10 14:40:42,,BC,1981,2010,,1981,,2010,30,900,,0,100,Days with daily max temperature GT 20 deg C,Jours avec température maximale quotidienne > 20 degree C,6,11.83
-123.18194444444444,49.195,VANCOUVER INT'L A,1108447,889.36.7,NORM,Y,A,36,1,2012-10-10 14:40:42,,BC,1981,2010,,1981,,2010,30,930,,0,100,Days with daily max temperature GT 20 deg C,Jours avec température maximale quotidienne > 20 degree C,7,24.13
-123.18194444444444,49.195,VANCOUVER INT'L A,1108447,889.36.8,NORM,Y,A,36,1,2012-10-10 14:40:42,,BC,1981,2010,,1981,,2010,29,899,,1,96.67,Days with daily max temperature GT 20 deg C,Jours avec température maximale quotidienne > 20 degree C,8,25.21
-123.18194444444444,49.195,VANCOUVER INT'L A,1108447,889.36.9,NORM,Y,A,36,1,2012-10-10 14:40:42,,BC,1981,2010,,1981,,2009,29,870,,0,100,Days with daily max temperature GT 20 deg C,Jours avec température maximale quotidienne > 20 degree C,9,9.97
-123.18194444444444,49.195,VANCOUVER INT'L A,1108447,889.36.10,NORM,Y,A,36,1,2012-10-10 14:40:42,,BC,1981,2010,,1981,,2010,30,930,,0,100,Days with daily max temperature GT 20 deg C,Jours avec température maximale quotidienne > 20 degree C,10,0.43
-123.18194444444444,49.195,VANCOUVER INT'L A,1108447,889.36.11,NORM,Y,A,36,1,2012-10-10 14:40:42,,BC,1981,2010,,1981,,2010,29,870,,1,96.67,Days with daily max temperature GT 20 deg C,Jours avec température maximale quotidienne > 20 degree C,11,0
-123.18194444444444,49.195,VANCOUVER INT'L A,1108447,889.36.12,NORM,Y,A,36,1,2012-10-10 14:40:42,,BC,1981,2010,,1981,,2010,29,899,,1,96.67,Days with daily max temperature GT 20 deg C,Jours avec température maximale quotidienne > 20 degree C,12,0
-123.18194444444444,49.195,VANCOUVER INT'L A,1108447,889.36.13,NORM,Y,A,36,1,2012-10-10 14:40:42,,BC,1981,2010,,1981,,2010,30,10774,,1,98.61,Days with daily max temperature GT 20 deg C,Jours avec température maximale quotidienne > 20 degree C,13,76.5
-123.18194444444444,49.195,VANCOUVER INT'L A,1108447,889.37.1,NORM,Y,A,37,1,2012-10-10 14:40:42,,BC,1981,2010,,1981,,2010,30,930,,0,100,Days with daily max temperature GT 30 deg C,Jours avec température maximale quotidienne > 30 degree C,1,0
-123.18194444444444,49.195,VANCOUVER INT'L A,1108447,889.37.2,NORM,Y,A,37,1,2012-10-10 14:40:42,,BC,1981,2010,,1981,,2010,30,847,,0,100,Days with daily max temperature GT 30 deg C,Jours avec température maximale quotidienne > 30 degree C,2,0
-123.18194444444444,49.195,VANCOUVER INT'L A,1108447,889.37.3,NORM,Y,A,37,1,2012-10-10 14:40:42,,BC,1981,2010,,1981,,2010,30,930,,0,100,Days with daily max temperature GT 30 deg C,Jours avec température maximale quotidienne > 30 degree C,3,0
-123.18194444444444,49.195,VANCOUVER INT'L A,1108447,889.37.4,NORM,Y,A,37,1,2012-10-10 14:40:42,,BC,1981,2010,,1981,,2010,29,870,,1,96.67,Days with daily max temperature GT 30 deg C,Jours avec température maximale quotidienne > 30 degree C,4,0
-123.18194444444444,49.195,VANCOUVER INT'L A,1108447,889.37.5,NORM,Y,A,37,1,2012-10-10 14:40:42,,BC,1981,2010,,1981,,2010,29,899,,1,96.67,Days with daily max temperature GT 30 deg C,Jours avec température maximale quotidienne > 30 degree C,5,0.03
-123.18194444444444,49.195,VANCOUVER INT'L A,1108447,889.37.6,NORM,Y,A,37,1,2012-10-10 14:40:42,,BC,1981,2010,,1981,,2010,30,900,,0,100,Days with daily max temperature GT 30 deg C,Jours avec température maximale quotidienne > 30 degree C,6,0.03
-123.18194444444444,49.195,VANCOUVER INT'L A,1108447,889.37.7,NORM,Y,A,37,1,2012-10-10 14:40:42,,BC,1981,2010,,1981,,2010,30,930,,0,100,Days with daily max temperature GT 30 deg C,Jours avec température maximale quotidienne > 30 degree C,7,0.2
-123.18194444444444,49.195,VANCOUVER INT'L A,1108447,889.37.8,NORM,Y,A,37,1,2012-10-10 14:40:42,,BC,1981,2010,,1981,,2010,29,899,,1,96.67,Days with daily max temperature GT 30 deg C,Jours avec température maximale quotidienne > 30 degree C,8,0.03
-123.18194444444444,49.195,VANCOUVER INT'L A,1108447,889.37.9,NORM,Y,A,37,1,2012-10-10 14:40:42,,BC,1981,2010,,1981,,2009,29,870,,0,100,Days with daily max temperature GT 30 deg C,Jours avec température maximale quotidienne > 30 degree C,9,0
-123.18194444444444,49.195,VANCOUVER INT'L A,1108447,889.37.10,NORM,Y,A,37,1,2012-10-10 14:40:42,,BC,1981,2010,,1981,,2010,30,930,,0,100,Days with daily max temperature GT 30 deg C,Jours avec température maximale quotidienne > 30 degree C,10,0
-123.18194444444444,49.195,VANCOUVER INT'L A,1108447,889.37.11,NORM,Y,A,37,1,2012-10-10 14:40:42,,BC,1981,2010,,1981,,2010,29,870,,1,96.67,Days with daily max temperature GT 30 deg C,Jours avec température maximale quotidienne > 30 degree C,11,0
-123.18194444444444,49.195,VANCOUVER INT'L A,1108447,889.37.12,NORM,Y,A,37,1,2012-10-10 14:40:42,,BC,1981,2010,,1981,,2010,29,899,,1,96.67,Days with daily max temperature GT 30 deg C,Jours avec température maximale quotidienne > 30 degree C,12,0
-123.18194444444444,49.195,VANCOUVER INT'L A,1108447,889.37.13,NORM,Y,A,37,1,2012-10-10 14:40:42,,BC,1981,2010,,1981,,2010,30,10774,,1,98.61,Days with daily max temperature GT 30 deg C,Jours avec température maximale quotidienne > 30 degree C,13,0.29
-123.18194444444444,49.195,VANCOUVER INT'L A,1108447,889.38.1,NORM,Y,A,38,1,2012-10-10 14:40:42,,BC,1981,2010,,1981,,2010,30,930,,0,100,Days with daily max temperature GT 35 deg C,Jours avec température maximale quotidienne > 35 degree C,1,0
-123.18194444444444,49.195,VANCOUVER INT'L A,1108447,889.38.2,NORM,Y,A,38,1,2012-10-10 14:40:42,,BC,1981,2010,,1981,,2010,30,847,,0,100,Days with daily max temperature GT 35 deg C,Jours avec température maximale quotidienne > 35 degree C,2,0
-123.18194444444444,49.195,VANCOUVER INT'L A,1108447,889.38.3,NORM,Y,A,38,1,2012-10-10 14:40:42,,BC,1981,2010,,1981,,2010,30,930,,0,100,Days with daily max temperature GT 35 deg C,Jours avec température maximale quotidienne > 35 degree C,3,0
-123.18194444444444,49.195,VANCOUVER INT'L A,1108447,889.38.4,NORM,Y,A,38,1,2012-10-10 14:40:42,,BC,1981,2010,,1981,,2010,29,870,,1,96.67,Days with daily max temperature GT 35 deg C,Jours avec température maximale quotidienne > 35 degree C,4,0
-123.18194444444444,49.195,VANCOUVER INT'L A,1108447,889.38.5,NORM,Y,A,38,1,2012-10-10 14:40:42,,BC,1981,2010,,1981,,2010,29,899,,1,96.67,Days with daily max temperature GT 35 deg C,Jours avec température maximale quotidienne > 35 degree C,5,0
-123.18194444444444,49.195,VANCOUVER INT'L A,1108447,889.38.6,NORM,Y,A,38,1,2012-10-10 14:40:42,,BC,1981,2010,,1981,,2010,30,900,,0,100,Days with daily max temperature GT 35 deg C,Jours avec température maximale quotidienne > 35 degree C,6,0
-123.18194444444444,49.195,VANCOUVER INT'L A,1108447,889.38.7,NORM,Y,A,38,1,2012-10-10 14:40:42,,BC,1981,2010,,1981,,2010,30,930,,0,100,Days with daily max temperature GT 35 deg C,Jours avec température maximale quotidienne > 35 degree C,7,0
-123.18194444444444,49.195,VANCOUVER INT'L A,1108447,889.38.8,NORM,Y,A,38,1,2012-10-10 14:40:42,,BC,1981,2010,,1981,,2010,29,899,,1,96.67,Days with daily max temperature GT 35 deg C,Jours avec température maximale quotidienne > 35 degree C,8,0
-123.18194444444444,49.195,VANCOUVER INT'L A,1108447,889.38.9,NORM,Y,A,38,1,2012-10-10 14:40:42,,BC,1981,2010,,1981,,2009,29,870,,0,100,Days with daily max temperature GT 35 deg C,Jours avec température maximale quotidienne > 35 degree C,9,0
-123.18194444444444,49.195,VANCOUVER INT'L A,1108447,889.38.10,NORM,Y,A,38,1,2012-10-10 14:40:42,,BC,1981,2010,,1981,,2010,30,930,,0,100,Days with daily max temperature GT 35 deg C,Jours avec température maximale quotidienne > 35 degree C,10,0
-123.18194444444444,49.195,VANCOUVER INT'L A,1108447,889.38.11,NORM,Y,A,38,1,2012-10-10 14:40:42,,BC,1981,2010,,1981,,2010,29,870,,1,96.67,Days with daily max temperature GT 35 deg C,Jours avec température maximale quotidienne > 35 degree C,11,0
-123.18194444444444,49.195,VANCOUVER INT'L A,1108447,889.38.12,NORM,Y,A,38,1,2012-10-10 14:40:42,,BC,1981,2010,,1981,,2010,29,899,,1,96.67,Days with daily max temperature GT 35 deg C,Jours avec température maximale quotidienne > 35 degree C,12,0
-123.18194444444444,49.195,VANCOUVER INT'L A,1108447,889.38.13,NORM,Y,A,38,1,2012-10-10 14:40:42,,BC,1981,2010,,1981,,2010,30,10774,,1,98.61,Days with daily max temperature GT 35 deg C,Jours avec température maximale quotidienne > 35 degree C,13,0
-123.18194444444444,49.195,VANCOUVER INT'L A,1108447,889.39.1,NORM,Y,A,39,1,2012-10-10 14:40:42,,BC,1981,2010,,1981,,2010,30,930,,0,100,Days with daily min temperature GT 0 deg C,Jours avec température minimale quotidienne > 0 degree C,1,21.2
-123.18194444444444,49.195,VANCOUVER INT'L A,1108447,889.39.2,NORM,Y,A,39,1,2012-10-10 14:40:42,,BC,1981,2010,,1981,,2010,30,847,,0,100,Days with daily min temperature GT 0 deg C,Jours avec température minimale quotidienne > 0 degree C,2,18.83
-123.18194444444444,49.195,VANCOUVER INT'L A,1108447,889.39.3,NORM,Y,A,39,1,2012-10-10 14:40:42,,BC,1981,2010,,1981,,2010,30,930,,0,100,Days with daily min temperature GT 0 deg C,Jours avec température minimale quotidienne > 0 degree C,3,27.33
-123.18194444444444,49.195,VANCOUVER INT'L A,1108447,889.39.4,NORM,Y,A,39,1,2012-10-10 14:40:42,,BC,1981,2010,,1981,,2010,29,870,,1,96.67,Days with daily min temperature GT 0 deg C,Jours avec température minimale quotidienne > 0 degree C,4,29.72
-123.18194444444444,49.195,VANCOUVER INT'L A,1108447,889.39.5,NORM,Y,A,39,1,2012-10-10 14:40:42,,BC,1981,2010,,1981,,2010,29,899,,1,96.67,Days with daily min temperature GT 0 deg C,Jours avec température minimale quotidienne > 0 degree C,5,31
-123.18194444444444,49.195,VANCOUVER INT'L A,1108447,889.39.6,NORM,Y,A,39,1,2012-10-10 14:40:42,,BC,1981,2010,,1981,,2010,30,900,,0,100,Days with daily min temperature GT 0 deg C,Jours avec température minimale quotidienne > 0 degree C,6,30
-123.18194444444444,49.195,VANCOUVER INT'L A,1108447,889.39.7,NORM,Y,A,39,1,2012-10-10 14:40:42,,BC,1981,2010,,1981,,2010,30,930,,0,100,Days with daily min temperature GT 0 deg C,Jours avec température minimale quotidienne > 0 degree C,7,31
-123.18194444444444,49.195,VANCOUVER INT'L A,1108447,889.39.8,NORM,Y,A,39,1,2012-10-10 14:40:42,,BC,1981,2010,,1981,,2010,29,899,,1,96.67,Days with daily min temperature GT 0 deg C,Jours avec température minimale quotidienne > 0 degree C,8,31
-123.18194444444444,49.195,VANCOUVER INT'L A,1108447,889.39.9,NORM,Y,A,39,1,2012-10-10 14:40:42,,BC,1981,2010,,1981,,2009,29,870,,0,100,Days with daily min temperature GT 0 deg C,Jours avec température minimale quotidienne > 0 degree C,9,30
-123.18194444444444,49.195,VANCOUVER INT'L A,1108447,889.39.10,NORM,Y,A,39,1,2012-10-10 14:40:42,,BC,1981,2010,,1981,,2010,30,930,,0,100,Days with daily min temperature GT 0 deg C,Jours avec température minimale quotidienne > 0 degree C,10,30.27
-123.18194444444444,49.195,VANCOUVER INT'L A,1108447,889.39.11,NORM,Y,A,39,1,2012-10-10 14:40:42,,BC,1981,2010,,1981,,2010,29,870,,1,96.67,Days with daily min temperature GT 0 deg C,Jours avec température minimale quotidienne > 0 degree C,11,25
-123.18194444444444,49.195,VANCOUVER INT'L A,1108447,889.39.12,NORM,Y,A,39,1,2012-10-10 14:40:42,,BC,1981,2010,,1981,,2010,29,899,,1,96.67,Days with daily min temperature GT 0 deg C,Jours avec température minimale quotidienne > 0 degree C,12,19
-123.18194444444444,49.195,VANCOUVER INT'L A,1108447,889.39.13,NORM,Y,A,39,1,2012-10-10 14:40:42,,BC,1981,2010,,1981,,2010,30,10774,,1,98.61,Days with daily min temperature GT 0 deg C,Jours avec température minimale quotidienne > 0 degree C,13,324.35
-123.18194444444444,49.195,VANCOUVER INT'L A,1108447,889.40.1,NORM,Y,A,40,1,2012-10-10 14:40:42,,BC,1981,2010,,1981,,2010,30,930,,0,100,Days with daily min temperature LE 2 deg C,Jours avec température minimale quotidienne <= 2 degree C,1,15.87
-123.18194444444444,49.195,VANCOUVER INT'L A,1108447,889.40.2,NORM,Y,A,40,1,2012-10-10 14:40:42,,BC,1981,2010,,1981,,2010,30,847,,0,100,Days with daily min temperature LE 2 deg C,Jours avec température minimale quotidienne <= 2 degree C,2,14.7
-123.18194444444444,49.195,VANCOUVER INT'L A,1108447,889.40.3,NORM,Y,A,40,1,2012-10-10 14:40:42,,BC,1981,2010,,1981,,2010,30,930,,0,100,Days with daily min temperature LE 2 deg C,Jours avec température minimale quotidienne <= 2 degree C,3,10.03
-123.18194444444444,49.195,VANCOUVER INT'L A,1108447,889.40.4,NORM,Y,A,40,1,2012-10-10 14:40:42,,BC,1981,2010,,1981,,2010,29,870,,1,96.67,Days with daily min temperature LE 2 deg C,Jours avec température minimale quotidienne <= 2 degree C,4,2.34
-123.18194444444444,49.195,VANCOUVER INT'L A,1108447,889.40.5,NORM,Y,A,40,1,2012-10-10 14:40:42,,BC,1981,2010,,1981,,2010,29,899,,1,96.67,Days with daily min temperature LE 2 deg C,Jours avec température minimale quotidienne <= 2 degree C,5,0.03
-123.18194444444444,49.195,VANCOUVER INT'L A,1108447,889.40.6,NORM,Y,A,40,1,2012-10-10 14:40:42,,BC,1981,2010,,1981,,2010,30,900,,0,100,Days with daily min temperature LE 2 deg C,Jours avec température minimale quotidienne <= 2 degree C,6,0
-123.18194444444444,49.195,VANCOUVER INT'L A,1108447,889.40.7,NORM,Y,A,40,1,2012-10-10 14:40:42,,BC,1981,2010,,1981,,2010,30,930,,0,100,Days with daily min temperature LE 2 deg C,Jours avec température minimale quotidienne <= 2 degree C,7,0
-123.18194444444444,49.195,VANCOUVER INT'L A,1108447,889.40.8,NORM,Y,A,40,1,2012-10-10 14:40:42,,BC,1981,2010,,1981,,2010,29,899,,1,96.67,Days with daily min temperature LE 2 deg C,Jours avec température minimale quotidienne <= 2 degree C,8,0
-123.18194444444444,49.195,VANCOUVER INT'L A,1108447,889.40.9,NORM,Y,A,40,1,2012-10-10 14:40:42,,BC,1981,2010,,1981,,2009,29,870,,0,100,Days with daily min temperature LE 2 deg C,Jours avec température minimale quotidienne <= 2 degree C,9,0
-123.18194444444444,49.195,VANCOUVER INT'L A,1108447,889.40.10,NORM,Y,A,40,1,2012-10-10 14:40:42,,BC,1981,2010,,1981,,2010,30,930,,0,100,Days with daily min temperature LE 2 deg C,Jours avec température minimale quotidienne <= 2 degree C,10,1.8
-123.18194444444444,49.195,VANCOUVER INT'L A,1108447,889.40.11,NORM,Y,A,40,1,2012-10-10 14:40:42,,BC,1981,2010,,1981,,2010,29,870,,1,96.67,Days with daily min temperature LE 2 deg C,Jours avec température minimale quotidienne <= 2 degree C,11,9.52
-123.18194444444444,49.195,VANCOUVER INT'L A,1108447,889.40.12,NORM,Y,A,40,1,2012-10-10 14:40:42,,BC,1981,2010,,1981,,2010,29,899,,1,96.67,Days with daily min temperature LE 2 deg C,Jours avec température minimale quotidienne <= 2 degree C,12,18.24
-123.18194444444444,49.195,VANCOUVER INT'L A,1108447,889.40.13,NORM,Y,A,40,1,2012-10-10 14:40:42,,BC,1981,2010,,1981,,2010,30,10774,,1,98.61,Days with daily min temperature LE 2 deg C,Jours avec température minimale quotidienne <= 2 degree C,13,72.53
-123.18194444444444,49.195,VANCOUVER INT'L A,1108447,889.41.1,NORM,Y,A,41,1,2012-10-10 14:40:42,,BC,1981,2010,,1981,,2010,30,930,,0,100,Days with daily min temperature LE 0 deg C,Jours avec température minimale quotidienne <= 0 degree C,1,9.8
-123.18194444444444,49.195,VANCOUVER INT'L A,1108447,889.41.2,NORM,Y,A,41,1,2012-10-10 14:40:42,,BC,1981,2010,,1981,,2010,30,847,,0,100,Days with daily min temperature LE 0 deg C,Jours avec température minimale quotidienne <= 0 degree C,2,9.4
-123.18194444444444,49.195,VANCOUVER INT'L A,1108447,889.41.3,NORM,Y,A,41,1,2012-10-10 14:40:42,,BC,1981,2010,,1981,,2010,30,930,,0,100,Days with daily min temperature LE 0 deg C,Jours avec température minimale quotidienne <= 0 degree C,3,3.67
-123.18194444444444,49.195,VANCOUVER INT'L A,1108447,889.41.4,NORM,Y,A,41,1,2012-10-10 14:40:42,,BC,1981,2010,,1981,,2010,29,870,,1,96.67,Days with daily min temperature LE 0 deg C,Jours avec température minimale quotidienne <= 0 degree C,4,0.28
-123.18194444444444,49.195,VANCOUVER INT'L A,1108447,889.41.5,NORM,Y,A,41,1,2012-10-10 14:40:42,,BC,1981,2010,,1981,,2010,29,899,,1,96.67,Days with daily min temperature LE 0 deg C,Jours avec température minimale quotidienne <= 0 degree C,5,0
-123.18194444444444,49.195,VANCOUVER INT'L A,1108447,889.41.6,NORM,Y,A,41,1,2012-10-10 14:40:42,,BC,1981,2010,,1981,,2010,30,900,,0,100,Days with daily min temperature LE 0 deg C,Jours avec température minimale quotidienne <= 0 degree C,6,0
-123.18194444444444,49.195,VANCOUVER INT'L A,1108447,889.41.7,NORM,Y,A,41,1,2012-10-10 14:40:42,,BC,1981,2010,,1981,,2010,30,930,,0,100,Days with daily min temperature LE 0 deg C,Jours avec température minimale quotidienne <= 0 degree C,7,0
-123.18194444444444,49.195,VANCOUVER INT'L A,1108447,889.41.8,NORM,Y,A,41,1,2012-10-10 14:40:42,,BC,1981,2010,,1981,,2010,29,899,,1,96.67,Days with daily min temperature LE 0 deg C,Jours avec température minimale quotidienne <= 0 degree C,8,0
-123.18194444444444,49.195,VANCOUVER INT'L A,1108447,889.41.9,NORM,Y,A,41,1,2012-10-10 14:40:42,,BC,1981,2010,,1981,,2009,29,870,,0,100,Days with daily min temperature LE 0 deg C,Jours avec température minimale quotidienne <= 0 degree C,9,0
-123.18194444444444,49.195,VANCOUVER INT'L A,1108447,889.41.10,NORM,Y,A,41,1,2012-10-10 14:40:42,,BC,1981,2010,,1981,,2010,30,930,,0,100,Days with daily min temperature LE 0 deg C,Jours avec température minimale quotidienne <= 0 degree C,10,0.73
-123.18194444444444,49.195,VANCOUVER INT'L A,1108447,889.41.11,NORM,Y,A,41,1,2012-10-10 14:40:42,,BC,1981,2010,,1981,,2010,29,870,,1,96.67,Days with daily min temperature LE 0 deg C,Jours avec température minimale quotidienne <= 0 degree C,11,5
-123.18194444444444,49.195,VANCOUVER INT'L A,1108447,889.41.12,NORM,Y,A,41,1,2012-10-10 14:40:42,,BC,1981,2010,,1981,,2010,29,899,,1,96.67,Days with daily min temperature LE 0 deg C,Jours avec température minimale quotidienne <= 0 degree C,12,12
-123.18194444444444,49.195,VANCOUVER INT'L A,1108447,889.41.13,NORM,Y,A,41,1,2012-10-10 14:40:42,,BC,1981,2010,,1981,,2010,30,10774,,1,98.61,Days with daily min temperature LE 0 deg C,Jours avec température minimale quotidienne <= 0 degree C,13,40.88
-123.18194444444444,49.195,VANCOUVER INT'L A,1108447,889.42.1,NORM,Y,A,42,1,2012-10-10 14:40:42,,BC,1981,2010,,1981,,2010,30,930,,0,100,Days with daily min temperature LT -2 deg C,Jours avec température minimale quotidienne < -2 degree C,1,5.93
-123.18194444444444,49.195,VANCOUVER INT'L A,1108447,889.42.2,NORM,Y,A,42,1,2012-10-10 14:40:42,,BC,1981,2010,,1981,,2010,30,847,,0,100,Days with daily min temperature LT -2 deg C,Jours avec température minimale quotidienne < -2 degree C,2,4.5
-123.18194444444444,49.195,VANCOUVER INT'L A,1108447,889.42.3,NORM,Y,A,42,1,2012-10-10 14:40:42,,BC,1981,2010,,1981,,2010,30,930,,0,100,Days with daily min temperature LT -2 deg C,Jours avec température minimale quotidienne < -2 degree C,3,0.97
-123.18194444444444,49.195,VANCOUVER INT'L A,1108447,889.42.4,NORM,Y,A,42,1,2012-10-10 14:40:42,,BC,1981,2010,,1981,,2010,29,870,,1,96.67,Days with daily min temperature LT -2 deg C,Jours avec température minimale quotidienne < -2 degree C,4,0.03
-123.18194444444444,49.195,VANCOUVER INT'L A,1108447,889.42.5,NORM,Y,A,42,1,2012-10-10 14:40:42,,BC,1981,2010,,1981,,2010,29,899,,1,96.67,Days with daily min temperature LT -2 deg C,Jours avec température minimale quotidienne < -2 degree C,5,0
-123.18194444444444,49.195,VANCOUVER INT'L A,1108447,889.42.6,NORM,Y,A,42,1,2012-10-10 14:40:42,,BC,1981,2010,,1981,,2010,30,900,,0,100,Days with daily min temperature LT -2 deg C,Jours avec température minimale quotidienne < -2 degree C,6,0
-123.18194444444444,49.195,VANCOUVER INT'L A,1108447,889.42.7,NORM,Y,A,42,1,2012-10-10 14:40:42,,BC,1981,2010,,1981,,2010,30,930,,0,100,Days with daily min temperature LT -2 deg C,Jours avec température minimale quotidienne < -2 degree C,7,0
-123.18194444444444,49.195,VANCOUVER INT'L A,1108447,889.42.8,NORM,Y,A,42,1,2012-10-10 14:40:42,,BC,1981,2010,,1981,,2010,29,899,,1,96.67,Days with daily min temperature LT -2 deg C,Jours avec température minimale quotidienne < -2 degree C,8,0
-123.18194444444444,49.195,VANCOUVER INT'L A,1108447,889.42.9,NORM,Y,A,42,1,2012-10-10 14:40:42,,BC,1981,2010,,1981,,2009,29,870,,0,100,Days with daily min temperature LT -2 deg C,Jours avec température minimale quotidienne < -2 degree C,9,0
-123.18194444444444,49.195,VANCOUVER INT'L A,1108447,889.42.10,NORM,Y,A,42,1,2012-10-10 14:40:42,,BC,1981,2010,,1981,,2010,30,930,,0,100,Days with daily min temperature LT -2 deg C,Jours avec température minimale quotidienne < -2 degree C,10,0.17
-123.18194444444444,49.195,VANCOUVER INT'L A,1108447,889.42.11,NORM,Y,A,42,1,2012-10-10 14:40:42,,BC,1981,2010,,1981,,2010,29,870,,1,96.67,Days with daily min temperature LT -2 deg C,Jours avec température minimale quotidienne < -2 degree C,11,2.34
-123.18194444444444,49.195,VANCOUVER INT'L A,1108447,889.42.12,NORM,Y,A,42,1,2012-10-10 14:40:42,,BC,1981,2010,,1981,,2010,29,899,,1,96.67,Days with daily min temperature LT -2 deg C,Jours avec température minimale quotidienne < -2 degree C,12,6.52
-123.18194444444444,49.195,VANCOUVER INT'L A,1108447,889.42.13,NORM,Y,A,42,1,2012-10-10 14:40:42,,BC,1981,2010,,1981,,2010,30,10774,,1,98.61,Days with daily min temperature LT -2 deg C,Jours avec température minimale quotidienne < -2 degree C,13,20.46
-123.18194444444444,49.195,VANCOUVER INT'L A,1108447,889.43.1,NORM,Y,A,43,1,2012-10-10 14:40:42,,BC,1981,2010,,1981,,2010,30,930,,0,100,Days with daily min temperature LT -10 deg C,Jours avec température minimale quotidienne < -10 degree C,1,0.53
-123.18194444444444,49.195,VANCOUVER INT'L A,1108447,889.43.2,NORM,Y,A,43,1,2012-10-10 14:40:42,,BC,1981,2010,,1981,,2010,30,847,,0,100,Days with daily min temperature LT -10 deg C,Jours avec température minimale quotidienne < -10 degree C,2,0.2
-123.18194444444444,49.195,VANCOUVER INT'L A,1108447,889.43.3,NORM,Y,A,43,1,2012-10-10 14:40:42,,BC,1981,2010,,1981,,2010,30,930,,0,100,Days with daily min temperature LT -10 deg C,Jours avec température minimale quotidienne < -10 degree C,3,0
-123.18194444444444,49.195,VANCOUVER INT'L A,1108447,889.43.4,NORM,Y,A,43,1,2012-10-10 14:40:42,,BC,1981,2010,,1981,,2010,29,870,,1,96.67,Days with daily min temperature LT -10 deg C,Jours avec température minimale quotidienne < -10 degree C,4,0
-123.18194444444444,49.195,VANCOUVER INT'L A,1108447,889.43.5,NORM,Y,A,43,1,2012-10-10 14:40:42,,BC,1981,2010,,1981,,2010,29,899,,1,96.67,Days with daily min temperature LT -10 deg C,Jours avec température minimale quotidienne < -10 degree C,5,0
-123.18194444444444,49.195,VANCOUVER INT'L A,1108447,889.43.6,NORM,Y,A,43,1,2012-10-10 14:40:42,,BC,1981,2010,,1981,,2010,30,900,,0,100,Days with daily min temperature LT -10 deg C,Jours avec température minimale quotidienne < -10 degree C,6,0
-123.18194444444444,49.195,VANCOUVER INT'L A,1108447,889.43.7,NORM,Y,A,43,1,2012-10-10 14:40:42,,BC,1981,2010,,1981,,2010,30,930,,0,100,Days with daily min temperature LT -10 deg C,Jours avec température minimale quotidienne < -10 degree C,7,0
-123.18194444444444,49.195,VANCOUVER INT'L A,1108447,889.43.8,NORM,Y,A,43,1,2012-10-10 14:40:42,,BC,1981,2010,,1981,,2010,29,899,,1,96.67,Days with daily min temperature LT -10 deg C,Jours avec température minimale quotidienne < -10 degree C,8,0
-123.18194444444444,49.195,VANCOUVER INT'L A,1108447,889.43.9,NORM,Y,A,43,1,2012-10-10 14:40:42,,BC,1981,2010,,1981,,2009,29,870,,0,100,Days with daily min temperature LT -10 deg C,Jours avec température minimale quotidienne < -10 degree C,9,0
-123.18194444444444,49.195,VANCOUVER INT'L A,1108447,889.43.10,NORM,Y,A,43,1,2012-10-10 14:40:42,,BC,1981,2010,,1981,,2010,30,930,,0,100,Days with daily min temperature LT -10 deg C,Jours avec température minimale quotidienne < -10 degree C,10,0
-123.18194444444444,49.195,VANCOUVER INT'L A,1108447,889.43.11,NORM,Y,A,43,1,2012-10-10 14:40:42,,BC,1981,2010,,1981,,2010,29,870,,1,96.67,Days with daily min temperature LT -10 deg C,Jours avec température minimale quotidienne < -10 degree C,11,0.31
-123.18194444444444,49.195,VANCOUVER INT'L A,1108447,889.43.12,NORM,Y,A,43,1,2012-10-10 14:40:42,,BC,1981,2010,,1981,,2010,29,899,,1,96.67,Days with daily min temperature LT -10 deg C,Jours avec température minimale quotidienne < -10 degree C,12,0.55
-123.18194444444444,49.195,VANCOUVER INT'L A,1108447,889.43.13,NORM,Y,A,43,1,2012-10-10 14:40:42,,BC,1981,2010,,1981,,2010,30,10774,,1,98.61,Days with daily min temperature LT -10 deg C,Jours avec température minimale quotidienne < -10 degree C,13,1.59
-123.18194444444444,49.195,VANCOUVER INT'L A,1108447,889.44.1,NORM,Y,A,44,1,2012-10-10 14:40:42,,BC,1981,2010,,1981,,2010,30,930,,0,100,Days with daily min temperature LT -20 deg C,Jours avec température minimale quotidienne < -20 degree C,1,0
-123.18194444444444,49.195,VANCOUVER INT'L A,1108447,889.44.2,NORM,Y,A,44,1,2012-10-10 14:40:42,,BC,1981,2010,,1981,,2010,30,847,,0,100,Days with daily min temperature LT -20 deg C,Jours avec température minimale quotidienne < -20 degree C,2,0
-123.18194444444444,49.195,VANCOUVER INT'L A,1108447,889.44.3,NORM,Y,A,44,1,2012-10-10 14:40:42,,BC,1981,2010,,1981,,2010,30,930,,0,100,Days with daily min temperature LT -20 deg C,Jours avec température minimale quotidienne < -20 degree C,3,0
-123.18194444444444,49.195,VANCOUVER INT'L A,1108447,889.44.4,NORM,Y,A,44,1,2012-10-10 14:40:42,,BC,1981,2010,,1981,,2010,29,870,,1,96.67,Days with daily min temperature LT -20 deg C,Jours avec température minimale quotidienne < -20 degree C,4,0
-123.18194444444444,49.195,VANCOUVER INT'L A,1108447,889.44.5,NORM,Y,A,44,1,2012-10-10 14:40:42,,BC,1981,2010,,1981,,2010,29,899,,1,96.67,Days with daily min temperature LT -20 deg C,Jours avec température minimale quotidienne < -20 degree C,5,0
-123.18194444444444,49.195,VANCOUVER INT'L A,1108447,889.44.6,NORM,Y,A,44,1,2012-10-10 14:40:42,,BC,1981,2010,,1981,,2010,30,900,,0,100,Days with daily min temperature LT -20 deg C,Jours avec température minimale quotidienne < -20 degree C,6,0
-123.18194444444444,49.195,VANCOUVER INT'L A,1108447,889.44.7,NORM,Y,A,44,1,2012-10-10 14:40:42,,BC,1981,2010,,1981,,2010,30,930,,0,100,Days with daily min temperature LT -20 deg C,Jours avec température minimale quotidienne < -20 degree C,7,0
-123.18194444444444,49.195,VANCOUVER INT'L A,1108447,889.44.8,NORM,Y,A,44,1,2012-10-10 14:40:42,,BC,1981,2010,,1981,,2010,29,899,,1,96.67,Days with daily min temperature LT -20 deg C,Jours avec température minimale quotidienne < -20 degree C,8,0
-123.18194444444444,49.195,VANCOUVER INT'L A,1108447,889.44.9,NORM,Y,A,44,1,2012-10-10 14:40:42,,BC,1981,2010,,1981,,2009,29,870,,0,100,Days with daily min temperature LT -20 deg C,Jours avec température minimale quotidienne < -20 degree C,9,0
-123.18194444444444,49.195,VANCOUVER INT'L A,1108447,889.44.10,NORM,Y,A,44,1,2012-10-10 14:40:42,,BC,1981,2010,,1981,,2010,30,930,,0,100,Days with daily min temperature LT -20 deg C,Jours avec température minimale quotidienne < -20 degree C,10,0
-123.18194444444444,49.195,VANCOUVER INT'L A,1108447,889.44.11,NORM,Y,A,44,1,2012-10-10 14:40:42,,BC,1981,2010,,1981,,2010,29,870,,1,96.67,Days with daily min temperature LT -20 deg C,Jours avec température minimale quotidienne < -20 degree C,11,0
-123.18194444444444,49.195,VANCOUVER INT'L A,1108447,889.44.12,NORM,Y,A,44,1,2012-10-10 14:40:42,,BC,1981,2010,,1981,,2010,29,899,,1,96.67,Days with daily min temperature LT -20 deg C,Jours avec température minimale quotidienne < -20 degree C,12,0
-123.18194444444444,49.195,VANCOUVER INT'L A,1108447,889.44.13,NORM,Y,A,44,1,2012-10-10 14:40:42,,BC,1981,2010,,1981,,2010,30,10774,,1,98.61,Days with daily min temperature LT -20 deg C,Jours avec température minimale quotidienne < -20 degree C,13,0
-123.18194444444444,49.195,VANCOUVER INT'L A,1108447,889.45.1,NORM,Y,A,45,1,2012-10-10 14:40:42,,BC,1981,2010,,1981,,2010,30,930,,0,100,Days with daily min temperature LT -30 deg C,Jours avec température minimale quotidienne < -30 degree C,1,0
-123.18194444444444,49.195,VANCOUVER INT'L A,1108447,889.45.2,NORM,Y,A,45,1,2012-10-10 14:40:42,,BC,1981,2010,,1981,,2010,30,847,,0,100,Days with daily min temperature LT -30 deg C,Jours avec température minimale quotidienne < -30 degree C,2,0
-123.18194444444444,49.195,VANCOUVER INT'L A,1108447,889.45.3,NORM,Y,A,45,1,2012-10-10 14:40:42,,BC,1981,2010,,1981,,2010,30,930,,0,100,Days with daily min temperature LT -30 deg C,Jours avec température minimale quotidienne < -30 degree C,3,0
-123.18194444444444,49.195,VANCOUVER INT'L A,1108447,889.45.4,NORM,Y,A,45,1,2012-10-10 14:40:42,,BC,1981,2010,,1981,,2010,29,870,,1,96.67,Days with daily min temperature LT -30 deg C,Jours avec température minimale quotidienne < -30 degree C,4,0
-123.18194444444444,49.195,VANCOUVER INT'L A,1108447,889.45.5,NORM,Y,A,45,1,2012-10-10 14:40:42,,BC,1981,2010,,1981,,2010,29,899,,1,96.67,Days with daily min temperature LT -30 deg C,Jours avec température minimale quotidienne < -30 degree C,5,0
-123.18194444444444,49.195,VANCOUVER INT'L A,1108447,889.45.6,NORM,Y,A,45,1,2012-10-10 14:40:42,,BC,1981,2010,,1981,,2010,30,900,,0,100,Days with daily min temperature LT -30 deg C,Jours avec température minimale quotidienne < -30 degree C,6,0
-123.18194444444444,49.195,VANCOUVER INT'L A,1108447,889.45.7,NORM,Y,A,45,1,2012-10-10 14:40:42,,BC,1981,2010,,1981,,2010,30,930,,0,100,Days with daily min temperature LT -30 deg C,Jours avec température minimale quotidienne < -30 degree C,7,0
-123.18194444444444,49.195,VANCOUVER INT'L A,1108447,889.45.8,NORM,Y,A,45,1,2012-10-10 14:40:42,,BC,1981,2010,,1981,,2010,29,899,,1,96.67,Days with daily min temperature LT -30 deg C,Jours avec température minimale quotidienne < -30 degree C,8,0
-123.18194444444444,49.195,VANCOUVER INT'L A,1108447,889.45.9,NORM,Y,A,45,1,2012-10-10 14:40:42,,BC,1981,2010,,1981,,2009,29,870,,0,100,Days with daily min temperature LT -30 deg C,Jours avec température minimale quotidienne < -30 degree C,9,0
-123.18194444444444,49.195,VANCOUVER INT'L A,1108447,889.45.10,NORM,Y,A,45,1,2012-10-10 14:40:42,,BC,1981,2010,,1981,,2010,30,930,,0,100,Days with daily min temperature LT -30 deg C,Jours avec température minimale quotidienne < -30 degree C,10,0
-123.18194444444444,49.195,VANCOUVER INT'L A,1108447,889.45.11,NORM,Y,A,45,1,2012-10-10 14:40:42,,BC,1981,2010,,1981,,2010,29,870,,1,96.67,Days with daily min temperature LT -30 deg C,Jours avec température minimale quotidienne < -30 degree C,11,0
-123.18194444444444,49.195,VANCOUVER INT'L A,1108447,889.45.12,NORM,Y,A,45,1,2012-10-10 14:40:42,,BC,1981,2010,,1981,,2010,29,899,,1,96.67,Days with daily min temperature LT -30 deg C,Jours avec température minimale quotidienne < -30 degree C,12,0
-123.18194444444444,49.195,VANCOUVER INT'L A,1108447,889.45.13,NORM,Y,A,45,1,2012-10-10 14:40:42,,BC,1981,2010,,1981,,2010,30,10774,,1,98.61,Days with daily min temperature LT -30 deg C,Jours avec température minimale quotidienne < -30 degree C,13,0
-123.18194444444444,49.195,VANCOUVER INT'L A,1108447,889.46.1,NORM,Y,A,46,1,2012-10-10 14:40:42,,BC,1981,2010,,1981,,2010,30,22314,,0,99.97,Days with humidex value GE 30,Jours avec indice humidex >= 30,1,0
-123.18194444444444,49.195,VANCOUVER INT'L A,1108447,889.46.2,NORM,Y,A,46,1,2012-10-10 14:40:42,,BC,1981,2010,,1981,,2010,30,20322,,0,99.97,Days with humidex value GE 30,Jours avec indice humidex >= 30,2,0
-123.18194444444444,49.195,VANCOUVER INT'L A,1108447,889.46.3,NORM,Y,A,46,1,2012-10-10 14:40:42,,BC,1981,2010,,1981,,2010,30,22306,,0,99.94,Days with humidex value GE 30,Jours avec indice humidex >= 30,3,0
-123.18194444444444,49.195,VANCOUVER INT'L A,1108447,889.46.4,NORM,Y,A,46,1,2012-10-10 14:40:42,,BC,1981,2010,,1981,,2010,30,21594,,0,99.97,Days with humidex value GE 30,Jours avec indice humidex >= 30,4,0
-123.18194444444444,49.195,VANCOUVER INT'L A,1108447,889.46.5,NORM,Y,A,46,1,2012-10-10 14:40:42,,BC,1981,2010,,1981,,2010,30,22310,,0,99.96,Days with humidex value GE 30,Jours avec indice humidex >= 30,5,0.1
-123.18194444444444,49.195,VANCOUVER INT'L A,1108447,889.46.6,NORM,Y,A,46,1,2012-10-10 14:40:42,,BC,1981,2010,,1981,,2010,30,21592,,0,99.96,Days with humidex value GE 30,Jours avec indice humidex >= 30,6,0.57
-123.18194444444444,49.195,VANCOUVER INT'L A,1108447,889.46.7,NORM,Y,A,46,1,2012-10-10 14:40:42,,BC,1981,2010,,1981,,2010,30,22306,,0,99.94,Days with humidex value GE 30,Jours avec indice humidex >= 30,7,2.33
-123.18194444444444,49.195,VANCOUVER INT'L A,1108447,889.46.8,NORM,Y,A,46,1,2012-10-10 14:40:42,,BC,1981,2010,,1981,,2010,30,22300,,0,99.91,Days with humidex value GE 30,Jours avec indice humidex >= 30,8,1.83
-123.18194444444444,49.195,VANCOUVER INT'L A,1108447,889.46.9,NORM,Y,A,46,1,2012-10-10 14:40:42,,BC,1981,2010,,1981,,2010,30,21584,,0,99.93,Days with humidex value GE 30,Jours avec indice humidex >= 30,9,0.2
-123.18194444444444,49.195,VANCOUVER INT'L A,1108447,889.46.10,NORM,Y,A,46,1,2012-10-10 14:40:42,,BC,1981,2010,,1981,,2010,30,22309,,0,99.95,Days with humidex value GE 30,Jours avec indice humidex >= 30,10,0
-123.18194444444444,49.195,VANCOUVER INT'L A,1108447,889.46.11,NORM,Y,A,46,1,2012-10-10 14:40:42,,BC,1981,2010,,1981,,2010,30,21595,,0,99.98,Days with humidex value GE 30,Jours avec indice humidex >= 30,11,0
-123.18194444444444,49.195,VANCOUVER INT'L A,1108447,889.46.12,NORM,Y,A,46,1,2012-10-10 14:40:42,,BC,1981,2010,,1981,,2010,30,22309,,0,99.95,Days with humidex value GE 30,Jours avec indice humidex >= 30,12,0
-123.18194444444444,49.195,VANCOUVER INT'L A,1108447,889.46.13,NORM,Y,A,46,1,2012-10-10 14:40:42,,BC,1981,2010,,1981,,2010,30,262841,,0,99.95,Days with humidex value GE 30,Jours avec indice humidex >= 30,13,5.03
-123.18194444444444,49.195,VANCOUVER INT'L A,1108447,889.47.1,NORM,Y,A,47,1,2012-10-10 14:40:42,,BC,1981,2010,,1981,,2010,30,22314,,0,99.97,Days with humidex value GE 35,Jours avec indice humidex >= 35,1,0
-123.18194444444444,49.195,VANCOUVER INT'L A,1108447,889.47.2,NORM,Y,A,47,1,2012-10-10 14:40:42,,BC,1981,2010,,1981,,2010,30,20322,,0,99.97,Days with humidex value GE 35,Jours avec indice humidex >= 35,2,0
-123.18194444444444,49.195,VANCOUVER INT'L A,1108447,889.47.3,NORM,Y,A,47,1,2012-10-10 14:40:42,,BC,1981,2010,,1981,,2010,30,22306,,0,99.94,Days with humidex value GE 35,Jours avec indice humidex >= 35,3,0
-123.18194444444444,49.195,VANCOUVER INT'L A,1108447,889.47.4,NORM,Y,A,47,1,2012-10-10 14:40:42,,BC,1981,2010,,1981,,2010,30,21594,,0,99.97,Days with humidex value GE 35,Jours avec indice humidex >= 35,4,0
-123.18194444444444,49.195,VANCOUVER INT'L A,1108447,889.47.5,NORM,Y,A,47,1,2012-10-10 14:40:42,,BC,1981,2010,,1981,,2010,30,22310,,0,99.96,Days with humidex value GE 35,Jours avec indice humidex >= 35,5,0
-123.18194444444444,49.195,VANCOUVER INT'L A,1108447,889.47.6,NORM,Y,A,47,1,2012-10-10 14:40:42,,BC,1981,2010,,1981,,2010,30,21592,,0,99.96,Days with humidex value GE 35,Jours avec indice humidex >= 35,6,0
-123.18194444444444,49.195,VANCOUVER INT'L A,1108447,889.47.7,NORM,Y,A,47,1,2012-10-10 14:40:42,,BC,1981,2010,,1981,,2010,30,22306,,0,99.94,Days with humidex value GE 35,Jours avec indice humidex >= 35,7,0.17
-123.18194444444444,49.195,VANCOUVER INT'L A,1108447,889.47.8,NORM,Y,A,47,1,2012-10-10 14:40:42,,BC,1981,2010,,1981,,2010,30,22300,,0,99.91,Days with humidex value GE 35,Jours avec indice humidex >= 35,8,0.07
-123.18194444444444,49.195,VANCOUVER INT'L A,1108447,889.47.9,NORM,Y,A,47,1,2012-10-10 14:40:42,,BC,1981,2010,,1981,,2010,30,21584,,0,99.93,Days with humidex value GE 35,Jours avec indice humidex >= 35,9,0
-123.18194444444444,49.195,VANCOUVER INT'L A,1108447,889.47.10,NORM,Y,A,47,1,2012-10-10 14:40:42,,BC,1981,2010,,1981,,2010,30,22309,,0,99.95,Days with humidex value GE 35,Jours avec indice humidex >= 35,10,0
-123.18194444444444,49.195,VANCOUVER INT'L A,1108447,889.47.11,NORM,Y,A,47,1,2012-10-10 14:40:42,,BC,1981,2010,,1981,,2010,30,21595,,0,99.98,Days with humidex value GE 35,Jours avec indice humidex >= 35,11,0
-123.18194444444444,49.195,VANCOUVER INT'L A,1108447,889.47.12,NORM,Y,A,47,1,2012-10-10 14:40:42,,BC,1981,2010,,1981,,2010,30,22309,,0,99.95,Days with humidex value GE 35,Jours avec indice humidex >= 35,12,0
-123.18194444444444,49.195,VANCOUVER INT'L A,1108447,889.47.13,NORM,Y,A,47,1,2012-10-10 14:40:42,,BC,1981,2010,,1981,,2010,30,262841,,0,99.95,Days with humidex value GE 35,Jours avec indice humidex >= 35,13,0.24
-123.18194444444444,49.195,VANCOUVER INT'L A,1108447,889.48.1,NORM,Y,A,48,1,2012-10-10 14:40:42,,BC,1981,2010,,1981,,2010,30,22314,,0,99.97,Days with humidex value GE 40,Jours avec indice humidex >= 40,1,0
-123.18194444444444,49.195,VANCOUVER INT'L A,1108447,889.48.2,NORM,Y,A,48,1,2012-10-10 14:40:42,,BC,1981,2010,,1981,,2010,30,20322,,0,99.97,Days with humidex value GE 40,Jours avec indice humidex >= 40,2,0
-123.18194444444444,49.195,VANCOUVER INT'L A,1108447,889.48.3,NORM,Y,A,48,1,2012-10-10 14:40:42,,BC,1981,2010,,1981,,2010,30,22306,,0,99.94,Days with humidex value GE 40,Jours avec indice humidex >= 40,3,0
-123.18194444444444,49.195,VANCOUVER INT'L A,1108447,889.48.4,NORM,Y,A,48,1,2012-10-10 14:40:42,,BC,1981,2010,,1981,,2010,30,21594,,0,99.97,Days with humidex value GE 40,Jours avec indice humidex >= 40,4,0
-123.18194444444444,49.195,VANCOUVER INT'L A,1108447,889.48.5,NORM,Y,A,48,1,2012-10-10 14:40:42,,BC,1981,2010,,1981,,2010,30,22310,,0,99.96,Days with humidex value GE 40,Jours avec indice humidex >= 40,5,0
-123.18194444444444,49.195,VANCOUVER INT'L A,1108447,889.48.6,NORM,Y,A,48,1,2012-10-10 14:40:42,,BC,1981,2010,,1981,,2010,30,21592,,0,99.96,Days with humidex value GE 40,Jours avec indice humidex >= 40,6,0
-123.18194444444444,49.195,VANCOUVER INT'L A,1108447,889.48.7,NORM,Y,A,48,1,2012-10-10 14:40:42,,BC,1981,2010,,1981,,2010,30,22306,,0,99.94,Days with humidex value GE 40,Jours avec indice humidex >= 40,7,0
-123.18194444444444,49.195,VANCOUVER INT'L A,1108447,889.48.8,NORM,Y,A,48,1,2012-10-10 14:40:42,,BC,1981,2010,,1981,,2010,30,22300,,0,99.91,Days with humidex value GE 40,Jours avec indice humidex >= 40,8,0
-123.18194444444444,49.195,VANCOUVER INT'L A,1108447,889.48.9,NORM,Y,A,48,1,2012-10-10 14:40:42,,BC,1981,2010,,1981,,2010,30,21584,,0,99.93,Days with humidex value GE 40,Jours avec indice humidex >= 40,9,0
-123.18194444444444,49.195,VANCOUVER INT'L A,1108447,889.48.10,NORM,Y,A,48,1,2012-10-10 14:40:42,,BC,1981,2010,,1981,,2010,30,22309,,0,99.95,Days with humidex value GE 40,Jours avec indice humidex >= 40,10,0
-123.18194444444444,49.195,VANCOUVER INT'L A,1108447,889.48.11,NORM,Y,A,48,1,2012-10-10 14:40:42,,BC,1981,2010,,1981,,2010,30,21595,,0,99.98,Days with humidex value GE 40,Jours avec indice humidex >= 40,11,0
-123.18194444444444,49.195,VANCOUVER INT'L A,1108447,889.48.12,NORM,Y,A,48,1,2012-10-10 14:40:42,,BC,1981,2010,,1981,,2010,30,22309,,0,99.95,Days with humidex value GE 40,Jours avec indice humidex >= 40,12,0
-123.18194444444444,49.195,VANCOUVER INT'L A,1108447,889.48.13,NORM,Y,A,48,1,2012-10-10 14:40:42,,BC,1981,2010,,1981,,2010,30,262841,,0,99.95,Days with humidex value GE 40,Jours avec indice humidex >= 40,13,0
-123.18194444444444,49.195,VANCOUVER INT'L A,1108447,889.49.1,NORM,Y,A,49,1,2012-10-10 14:40:42,,BC,1981,2010,,1981,,2010,30,22317,,0,99.99,Days with wind chill value LT -20,Jours avec facteur de refroidissement éolien < -20,1,0
-123.18194444444444,49.195,VANCOUVER INT'L A,1108447,889.49.2,NORM,Y,A,49,1,2012-10-10 14:40:42,,BC,1981,2010,,1981,,2010,30,20322,,0,99.97,Days with wind chill value LT -20,Jours avec facteur de refroidissement éolien < -20,2,0
-123.18194444444444,49.195,VANCOUVER INT'L A,1108447,889.49.3,NORM,Y,A,49,1,2012-10-10 14:40:42,,BC,1981,2010,,1981,,2010,30,22307,,0,99.94,Days with wind chill value LT -20,Jours avec facteur de refroidissement éolien < -20,3,0
-123.18194444444444,49.195,VANCOUVER INT'L A,1108447,889.49.4,NORM,Y,A,49,1,2012-10-10 14:40:42,,BC,1981,2010,,1981,,2010,30,21595,,0,99.98,Days with wind chill value LT -20,Jours avec facteur de refroidissement éolien < -20,4,0
-123.18194444444444,49.195,VANCOUVER INT'L A,1108447,889.49.5,NORM,Y,A,49,1,2012-10-10 14:40:42,,BC,1981,2010,,1981,,2010,30,22311,,0,99.96,Days with wind chill value LT -20,Jours avec facteur de refroidissement éolien < -20,5,0
-123.18194444444444,49.195,VANCOUVER INT'L A,1108447,889.49.6,NORM,Y,A,49,1,2012-10-10 14:40:42,,BC,1981,2010,,1981,,2010,30,21593,,0,99.97,Days with wind chill value LT -20,Jours avec facteur de refroidissement éolien < -20,6,0
-123.18194444444444,49.195,VANCOUVER INT'L A,1108447,889.49.7,NORM,Y,A,49,1,2012-10-10 14:40:42,,BC,1981,2010,,1981,,2010,30,22308,,0,99.95,Days with wind chill value LT -20,Jours avec facteur de refroidissement éolien < -20,7,0
-123.18194444444444,49.195,VANCOUVER INT'L A,1108447,889.49.8,NORM,Y,A,49,1,2012-10-10 14:40:42,,BC,1981,2010,,1981,,2010,30,22301,,0,99.91,Days with wind chill value LT -20,Jours avec facteur de refroidissement éolien < -20,8,0
-123.18194444444444,49.195,VANCOUVER INT'L A,1108447,889.49.9,NORM,Y,A,49,1,2012-10-10 14:40:42,,BC,1981,2010,,1981,,2010,30,21585,,0,99.93,Days with wind chill value LT -20,Jours avec facteur de refroidissement éolien < -20,9,0
-123.18194444444444,49.195,VANCOUVER INT'L A,1108447,889.49.10,NORM,Y,A,49,1,2012-10-10 14:40:42,,BC,1981,2010,,1981,,2010,30,22311,,0,99.96,Days with wind chill value LT -20,Jours avec facteur de refroidissement éolien < -20,10,0
-123.18194444444444,49.195,VANCOUVER INT'L A,1108447,889.49.11,NORM,Y,A,49,1,2012-10-10 14:40:42,,BC,1981,2010,,1981,,2010,30,21595,,0,99.98,Days with wind chill value LT -20,Jours avec facteur de refroidissement éolien < -20,11,0.03
-123.18194444444444,49.195,VANCOUVER INT'L A,1108447,889.49.12,NORM,Y,A,49,1,2012-10-10 14:40:42,,BC,1981,2010,,1981,,2010,30,22310,,0,99.96,Days with wind chill value LT -20,Jours avec facteur de refroidissement éolien < -20,12,0.07
-123.18194444444444,49.195,VANCOUVER INT'L A,1108447,889.49.13,NORM,Y,A,49,1,2012-10-10 14:40:42,,BC,1981,2010,,1981,,2010,30,262855,,0,99.96,Days with wind chill value LT -20,Jours avec facteur de refroidissement éolien < -20,13,0.1
-123.18194444444444,49.195,VANCOUVER INT'L A,1108447,889.5.1,NORM,Y,A,5,1,2012-10-10 14:40:42,,BC,1981,2010,,1981,,2010,30,930,,0,100,Mean daily max temperature deg C,Température maximale moyenne quotidienne en degree C,1,6.87
-123.18194444444444,49.195,VANCOUVER INT'L A,1108447,889.5.2,NORM,Y,A,5,1,2012-10-10 14:40:42,,BC,1981,2010,,1981,,2010,30,847,,0,100,Mean daily max temperature deg C,Température maximale moyenne quotidienne en degree C,2,8.19
-123.18194444444444,49.195,VANCOUVER INT'L A,1108447,889.5.3,NORM,Y,A,5,1,2012-10-10 14:40:42,,BC,1981,2010,,1981,,2010,30,930,,0,100,Mean daily max temperature deg C,Température maximale moyenne quotidienne en degree C,3,10.34
-123.18194444444444,49.195,VANCOUVER INT'L A,1108447,889.5.4,NORM,Y,A,5,1,2012-10-10 14:40:42,,BC,1981,2010,,1981,,2010,30,899,,0,99.89,Mean daily max temperature deg C,Température maximale moyenne quotidienne en degree C,4,13.15
-123.18194444444444,49.195,VANCOUVER INT'L A,1108447,889.5.5,NORM,Y,A,5,1,2012-10-10 14:40:42,,BC,1981,2010,,1981,,2010,30,929,,0,99.89,Mean daily max temperature deg C,Température maximale moyenne quotidienne en degree C,5,16.72
-123.18194444444444,49.195,VANCOUVER INT'L A,1108447,889.5.6,NORM,Y,A,5,1,2012-10-10 14:40:42,,BC,1981,2010,,1981,,2010,30,900,,0,100,Mean daily max temperature deg C,Température maximale moyenne quotidienne en degree C,6,19.59
-123.18194444444444,49.195,VANCOUVER INT'L A,1108447,889.5.7,NORM,Y,A,5,1,2012-10-10 14:40:42,,BC,1981,2010,,1981,,2010,30,930,,0,100,Mean daily max temperature deg C,Température maximale moyenne quotidienne en degree C,7,22.15
-123.18194444444444,49.195,VANCOUVER INT'L A,1108447,889.5.8,NORM,Y,A,5,1,2012-10-10 14:40:42,,BC,1981,2010,,1981,,2010,30,929,,0,99.89,Mean daily max temperature deg C,Température maximale moyenne quotidienne en degree C,8,22.18
-123.18194444444444,49.195,VANCOUVER INT'L A,1108447,889.5.9,NORM,Y,A,5,1,2012-10-10 14:40:42,,BC,1981,2010,,1981,,2009,29,870,,0,100,Mean daily max temperature deg C,Température maximale moyenne quotidienne en degree C,9,18.9
-123.18194444444444,49.195,VANCOUVER INT'L A,1108447,889.5.10,NORM,Y,A,5,1,2012-10-10 14:40:42,,BC,1981,2010,,1981,,2010,30,930,,0,100,Mean daily max temperature deg C,Température maximale moyenne quotidienne en degree C,10,13.54
-123.18194444444444,49.195,VANCOUVER INT'L A,1108447,889.5.11,NORM,Y,A,5,1,2012-10-10 14:40:42,,BC,1981,2010,,1981,,2010,30,899,,0,99.89,Mean daily max temperature deg C,Température maximale moyenne quotidienne en degree C,11,9.15
-123.18194444444444,49.195,VANCOUVER INT'L A,1108447,889.5.12,NORM,Y,A,5,1,2012-10-10 14:40:42,,BC,1981,2010,,1981,,2010,29,899,,1,96.67,Mean daily max temperature deg C,Température maximale moyenne quotidienne en degree C,12,6.28
-123.18194444444444,49.195,VANCOUVER INT'L A,1108447,889.5.13,NORM,Y,A,5,1,2012-10-10 14:40:42,,BC,1981,2010,,1981,,2010,30,10892,,1,99.69,Mean daily max temperature deg C,Température maximale moyenne quotidienne en degree C,13,13.92
-123.18194444444444,49.195,VANCOUVER INT'L A,1108447,889.50.1,NORM,Y,A,50,1,2012-10-10 14:40:42,,BC,1981,2010,,1981,,2010,30,22317,,0,99.99,Days with wind chill value LT -30,Jours avec facteur de refroidissement éolien < -30,1,0
-123.18194444444444,49.195,VANCOUVER INT'L A,1108447,889.50.2,NORM,Y,A,50,1,2012-10-10 14:40:42,,BC,1981,2010,,1981,,2010,30,20322,,0,99.97,Days with wind chill value LT -30,Jours avec facteur de refroidissement éolien < -30,2,0
-123.18194444444444,49.195,VANCOUVER INT'L A,1108447,889.50.3,NORM,Y,A,50,1,2012-10-10 14:40:42,,BC,1981,2010,,1981,,2010,30,22307,,0,99.94,Days with wind chill value LT -30,Jours avec facteur de refroidissement éolien < -30,3,0
-123.18194444444444,49.195,VANCOUVER INT'L A,1108447,889.50.4,NORM,Y,A,50,1,2012-10-10 14:40:42,,BC,1981,2010,,1981,,2010,30,21595,,0,99.98,Days with wind chill value LT -30,Jours avec facteur de refroidissement éolien < -30,4,0
-123.18194444444444,49.195,VANCOUVER INT'L A,1108447,889.50.5,NORM,Y,A,50,1,2012-10-10 14:40:42,,BC,1981,2010,,1981,,2010,30,22311,,0,99.96,Days with wind chill value LT -30,Jours avec facteur de refroidissement éolien < -30,5,0
-123.18194444444444,49.195,VANCOUVER INT'L A,1108447,889.50.6,NORM,Y,A,50,1,2012-10-10 14:40:42,,BC,1981,2010,,1981,,2010,30,21593,,0,99.97,Days with wind chill value LT -30,Jours avec facteur de refroidissement éolien < -30,6,0
-123.18194444444444,49.195,VANCOUVER INT'L A,1108447,889.50.7,NORM,Y,A,50,1,2012-10-10 14:40:42,,BC,1981,2010,,1981,,2010,30,22308,,0,99.95,Days with wind chill value LT -30,Jours avec facteur de refroidissement éolien < -30,7,0
-123.18194444444444,49.195,VANCOUVER INT'L A,1108447,889.50.8,NORM,Y,A,50,1,2012-10-10 14:40:42,,BC,1981,2010,,1981,,2010,30,22301,,0,99.91,Days with wind chill value LT -30,Jours avec facteur de refroidissement éolien < -30,8,0
-123.18194444444444,49.195,VANCOUVER INT'L A,1108447,889.50.9,NORM,Y,A,50,1,2012-10-10 14:40:42,,BC,1981,2010,,1981,,2010,30,21585,,0,99.93,Days with wind chill value LT -30,Jours avec facteur de refroidissement éolien < -30,9,0
-123.18194444444444,49.195,VANCOUVER INT'L A,1108447,889.50.10,NORM,Y,A,50,1,2012-10-10 14:40:42,,BC,1981,2010,,1981,,2010,30,22311,,0,99.96,Days with wind chill value LT -30,Jours avec facteur de refroidissement éolien < -30,10,0
-123.18194444444444,49.195,VANCOUVER INT'L A,1108447,889.50.11,NORM,Y,A,50,1,2012-10-10 14:40:42,,BC,1981,2010,,1981,,2010,30,21595,,0,99.98,Days with wind chill value LT -30,Jours avec facteur de refroidissement éolien < -30,11,0
-123.18194444444444,49.195,VANCOUVER INT'L A,1108447,889.50.12,NORM,Y,A,50,1,2012-10-10 14:40:42,,BC,1981,2010,,1981,,2010,30,22310,,0,99.96,Days with wind chill value LT -30,Jours avec facteur de refroidissement éolien < -30,12,0
-123.18194444444444,49.195,VANCOUVER INT'L A,1108447,889.50.13,NORM,Y,A,50,1,2012-10-10 14:40:42,,BC,1981,2010,,1981,,2010,30,262855,,0,99.96,Days with wind chill value LT -30,Jours avec facteur de refroidissement éolien < -30,13,0
-123.18194444444444,49.195,VANCOUVER INT'L A,1108447,889.51.1,NORM,Y,A,51,1,2012-10-10 14:40:42,,BC,1981,2010,,1981,,2010,30,22317,,0,99.99,Days with wind chill value LT -40,Jours avec facteur de refroidissement éolien < -40,1,0
-123.18194444444444,49.195,VANCOUVER INT'L A,1108447,889.51.2,NORM,Y,A,51,1,2012-10-10 14:40:42,,BC,1981,2010,,1981,,2010,30,20322,,0,99.97,Days with wind chill value LT -40,Jours avec facteur de refroidissement éolien < -40,2,0
-123.18194444444444,49.195,VANCOUVER INT'L A,1108447,889.51.3,NORM,Y,A,51,1,2012-10-10 14:40:42,,BC,1981,2010,,1981,,2010,30,22307,,0,99.94,Days with wind chill value LT -40,Jours avec facteur de refroidissement éolien < -40,3,0
-123.18194444444444,49.195,VANCOUVER INT'L A,1108447,889.51.4,NORM,Y,A,51,1,2012-10-10 14:40:42,,BC,1981,2010,,1981,,2010,30,21595,,0,99.98,Days with wind chill value LT -40,Jours avec facteur de refroidissement éolien < -40,4,0
-123.18194444444444,49.195,VANCOUVER INT'L A,1108447,889.51.5,NORM,Y,A,51,1,2012-10-10 14:40:42,,BC,1981,2010,,1981,,2010,30,22311,,0,99.96,Days with wind chill value LT -40,Jours avec facteur de refroidissement éolien < -40,5,0
-123.18194444444444,49.195,VANCOUVER INT'L A,1108447,889.51.6,NORM,Y,A,51,1,2012-10-10 14:40:42,,BC,1981,2010,,1981,,2010,30,21593,,0,99.97,Days with wind chill value LT -40,Jours avec facteur de refroidissement éolien < -40,6,0
-123.18194444444444,49.195,VANCOUVER INT'L A,1108447,889.51.7,NORM,Y,A,51,1,2012-10-10 14:40:42,,BC,1981,2010,,1981,,2010,30,22308,,0,99.95,Days with wind chill value LT -40,Jours avec facteur de refroidissement éolien < -40,7,0
-123.18194444444444,49.195,VANCOUVER INT'L A,1108447,889.51.8,NORM,Y,A,51,1,2012-10-10 14:40:42,,BC,1981,2010,,1981,,2010,30,22301,,0,99.91,Days with wind chill value LT -40,Jours avec facteur de refroidissement éolien < -40,8,0
-123.18194444444444,49.195,VANCOUVER INT'L A,1108447,889.51.9,NORM,Y,A,51,1,2012-10-10 14:40:42,,BC,1981,2010,,1981,,2010,30,21585,,0,99.93,Days with wind chill value LT -40,Jours avec facteur de refroidissement éolien < -40,9,0
-123.18194444444444,49.195,VANCOUVER INT'L A,1108447,889.51.10,NORM,Y,A,51,1,2012-10-10 14:40:42,,BC,1981,2010,,1981,,2010,30,22311,,0,99.96,Days with wind chill value LT -40,Jours avec facteur de refroidissement éolien < -40,10,0
-123.18194444444444,49.195,VANCOUVER INT'L A,1108447,889.51.11,NORM,Y,A,51,1,2012-10-10 14:40:42,,BC,1981,2010,,1981,,2010,30,21595,,0,99.98,Days with wind chill value LT -40,Jours avec facteur de refroidissement éolien < -40,11,0
-123.18194444444444,49.195,VANCOUVER INT'L A,1108447,889.51.12,NORM,Y,A,51,1,2012-10-10 14:40:42,,BC,1981,2010,,1981,,2010,30,22310,,0,99.96,Days with wind chill value LT -40,Jours avec facteur de refroidissement éolien < -40,12,0
-123.18194444444444,49.195,VANCOUVER INT'L A,1108447,889.51.13,NORM,Y,A,51,1,2012-10-10 14:40:42,,BC,1981,2010,,1981,,2010,30,262855,,0,99.96,Days with wind chill value LT -40,Jours avec facteur de refroidissement éolien < -40,13,0
-123.18194444444444,49.195,VANCOUVER INT'L A,1108447,889.52.1,NORM,Y,A,52,1,2012-10-10 14:40:42,,BC,1981,2010,,1981,,2010,30,930,,0,100,Total rainfall mm,Quantité totale de pluie en mm,1,157.45
-123.18194444444444,49.195,VANCOUVER INT'L A,1108447,889.52.2,NORM,Y,A,52,1,2012-10-10 14:40:42,,BC,1981,2010,,1981,,2010,30,847,,0,100,Total rainfall mm,Quantité totale de pluie en mm,2,98.86
-123.18194444444444,49.195,VANCOUVER INT'L A,1108447,889.52.3,NORM,Y,A,52,1,2012-10-10 14:40:42,,BC,1981,2010,,1981,,2010,30,930,,0,100,Total rainfall mm,Quantité totale de pluie en mm,3,111.78
-123.18194444444444,49.195,VANCOUVER INT'L A,1108447,889.52.4,NORM,Y,A,52,1,2012-10-10 14:40:42,,BC,1981,2010,,1981,,2010,30,900,,0,100,Total rainfall mm,Quantité totale de pluie en mm,4,88.05
-123.18194444444444,49.195,VANCOUVER INT'L A,1108447,889.52.5,NORM,Y,A,52,1,2012-10-10 14:40:42,,BC,1981,2010,,1981,,2010,30,930,,0,100,Total rainfall mm,Quantité totale de pluie en mm,5,65.03
-123.18194444444444,49.195,VANCOUVER INT'L A,1108447,889.52.6,NORM,Y,A,52,1,2012-10-10 14:40:42,,BC,1981,2010,,1981,,2010,30,900,,0,100,Total rainfall mm,Quantité totale de pluie en mm,6,53.8
-123.18194444444444,49.195,VANCOUVER INT'L A,1108447,889.52.7,NORM,Y,A,52,1,2012-10-10 14:40:42,,BC,1981,2010,,1981,,2010,30,930,,0,100,Total rainfall mm,Quantité totale de pluie en mm,7,35.58
-123.18194444444444,49.195,VANCOUVER INT'L A,1108447,889.52.8,NORM,Y,A,52,1,2012-10-10 14:40:42,,BC,1981,2010,,1981,,2010,30,930,,0,100,Total rainfall mm,Quantité totale de pluie en mm,8,36.73
-123.18194444444444,49.195,VANCOUVER INT'L A,1108447,889.52.9,NORM,Y,A,52,1,2012-10-10 14:40:42,,BC,1981,2010,,1981,,2009,29,870,,0,100,Total rainfall mm,Quantité totale de pluie en mm,9,50.89
-123.18194444444444,49.195,VANCOUVER INT'L A,1108447,889.52.10,NORM,Y,A,52,1,2012-10-10 14:40:42,,BC,1981,2010,,1981,,2010,30,930,,0,100,Total rainfall mm,Quantité totale de pluie en mm,10,120.66
-123.18194444444444,49.195,VANCOUVER INT'L A,1108447,889.52.11,NORM,Y,A,52,1,2012-10-10 14:40:42,,BC,1981,2010,,1981,,2010,30,900,,0,100,Total rainfall mm,Quantité totale de pluie en mm,11,185.75
-123.18194444444444,49.195,VANCOUVER INT'L A,1108447,889.52.12,NORM,Y,A,52,1,2012-10-10 14:40:42,,BC,1981,2010,,1981,,2010,29,899,,1,96.67,Total rainfall mm,Quantité totale de pluie en mm,12,148.26
-123.18194444444444,49.195,VANCOUVER INT'L A,1108447,889.52.13,NORM,Y,A,52,1,2012-10-10 14:40:42,,BC,1981,2010,,1981,,2010,30,10896,,1,99.72,Total rainfall mm,Quantité totale de pluie en mm,13,1152.84
-123.18194444444444,49.195,VANCOUVER INT'L A,1108447,889.53.1,NORM,Y,A,53,1,2012-10-10 14:40:42,,BC,1981,2010,,1981,,2010,30,930,,0,100,StdDev total rainfall mm,Écart-type de la quantité totale de pluie en mm,1,59.06
-123.18194444444444,49.195,VANCOUVER INT'L A,1108447,889.53.2,NORM,Y,A,53,1,2012-10-10 14:40:42,,BC,1981,2010,,1981,,2010,30,847,,0,100,StdDev total rainfall mm,Écart-type de la quantité totale de pluie en mm,2,55.15
-123.18194444444444,49.195,VANCOUVER INT'L A,1108447,889.53.3,NORM,Y,A,53,1,2012-10-10 14:40:42,,BC,1981,2010,,1981,,2010,30,930,,0,100,StdDev total rainfall mm,Écart-type de la quantité totale de pluie en mm,3,40.93
-123.18194444444444,49.195,VANCOUVER INT'L A,1108447,889.53.4,NORM,Y,A,53,1,2012-10-10 14:40:42,,BC,1981,2010,,1981,,2010,30,900,,0,100,StdDev total rainfall mm,Écart-type de la quantité totale de pluie en mm,4,36.78
-123.18194444444444,49.195,VANCOUVER INT'L A,1108447,889.53.5,NORM,Y,A,53,1,2012-10-10 14:40:42,,BC,1981,2010,,1981,,2010,30,930,,0,100,StdDev total rainfall mm,Écart-type de la quantité totale de pluie en mm,5,29.79
-123.18194444444444,49.195,VANCOUVER INT'L A,1108447,889.53.6,NORM,Y,A,53,1,2012-10-10 14:40:42,,BC,1981,2010,,1981,,2010,30,900,,0,100,StdDev total rainfall mm,Écart-type de la quantité totale de pluie en mm,6,30.03
-123.18194444444444,49.195,VANCOUVER INT'L A,1108447,889.53.7,NORM,Y,A,53,1,2012-10-10 14:40:42,,BC,1981,2010,,1981,,2010,30,930,,0,100,StdDev total rainfall mm,Écart-type de la quantité totale de pluie en mm,7,23.81
-123.18194444444444,49.195,VANCOUVER INT'L A,1108447,889.53.8,NORM,Y,A,53,1,2012-10-10 14:40:42,,BC,1981,2010,,1981,,2010,30,930,,0,100,StdDev total rainfall mm,Écart-type de la quantité totale de pluie en mm,8,34.83
-123.18194444444444,49.195,VANCOUVER INT'L A,1108447,889.53.9,NORM,Y,A,53,1,2012-10-10 14:40:42,,BC,1981,2010,,1981,,2009,29,870,,0,100,StdDev total rainfall mm,Écart-type de la quantité totale de pluie en mm,9,34.16
-123.18194444444444,49.195,VANCOUVER INT'L A,1108447,889.53.10,NORM,Y,A,53,1,2012-10-10 14:40:42,,BC,1981,2010,,1981,,2010,30,930,,0,100,StdDev total rainfall mm,Écart-type de la quantité totale de pluie en mm,10,58.55
-123.18194444444444,49.195,VANCOUVER INT'L A,1108447,889.53.11,NORM,Y,A,53,1,2012-10-10 14:40:42,,BC,1981,2010,,1981,,2010,30,900,,0,100,StdDev total rainfall mm,Écart-type de la quantité totale de pluie en mm,11,67.99
-123.18194444444444,49.195,VANCOUVER INT'L A,1108447,889.53.12,NORM,Y,A,53,1,2012-10-10 14:40:42,,BC,1981,2010,,1981,,2010,29,899,,1,96.67,StdDev total rainfall mm,Écart-type de la quantité totale de pluie en mm,12,45.97
-123.18194444444444,49.195,VANCOUVER INT'L A,1108447,889.53.13,NORM,Y,A,53,1,2012-10-10 14:40:42,,BC,1981,2010,,1981,,2010,30,10896,,1,99.72,StdDev total rainfall mm,Écart-type de la quantité totale de pluie en mm,13,43.09
-123.18194444444444,49.195,VANCOUVER INT'L A,1108447,889.54.1,NORM,Y,A,54,1,2012-10-10 14:40:42,,BC,1981,2010,,1981,,2010,30,930,,0,100,Total snowfall cm,Quantité totale de neige en cm,1,11.05
-123.18194444444444,49.195,VANCOUVER INT'L A,1108447,889.54.2,NORM,Y,A,54,1,2012-10-10 14:40:42,,BC,1981,2010,,1981,,2010,30,847,,0,100,Total snowfall cm,Quantité totale de neige en cm,2,6.31
-123.18194444444444,49.195,VANCOUVER INT'L A,1108447,889.54.3,NORM,Y,A,54,1,2012-10-10 14:40:42,,BC,1981,2010,,1981,,2010,30,930,,0,100,Total snowfall cm,Quantité totale de neige en cm,3,2.31
-123.18194444444444,49.195,VANCOUVER INT'L A,1108447,889.54.4,NORM,Y,A,54,1,2012-10-10 14:40:42,,BC,1981,2010,,1981,,2010,30,900,,0,100,Total snowfall cm,Quantité totale de neige en cm,4,0.33
-123.18194444444444,49.195,VANCOUVER INT'L A,1108447,889.54.5,NORM,Y,A,54,1,2012-10-10 14:40:42,,BC,1981,2010,,1981,,2010,30,930,,0,100,Total snowfall cm,Quantité totale de neige en cm,5,0
-123.18194444444444,49.195,VANCOUVER INT'L A,1108447,889.54.6,NORM,Y,A,54,1,2012-10-10 14:40:42,,BC,1981,2010,,1981,,2010,30,900,,0,100,Total snowfall cm,Quantité totale de neige en cm,6,0
-123.18194444444444,49.195,VANCOUVER INT'L A,1108447,889.54.7,NORM,Y,A,54,1,2012-10-10 14:40:42,,BC,1981,2010,,1981,,2010,30,930,,0,100,Total snowfall cm,Quantité totale de neige en cm,7,0
-123.18194444444444,49.195,VANCOUVER INT'L A,1108447,889.54.8,NORM,Y,A,54,1,2012-10-10 14:40:42,,BC,1981,2010,,1981,,2010,30,930,,0,100,Total snowfall cm,Quantité totale de neige en cm,8,0
-123.18194444444444,49.195,VANCOUVER INT'L A,1108447,889.54.9,NORM,Y,A,54,1,2012-10-10 14:40:42,,BC,1981,2010,,1981,,2009,29,870,,0,100,Total snowfall cm,Quantité totale de neige en cm,9,0
-123.18194444444444,49.195,VANCOUVER INT'L A,1108447,889.54.10,NORM,Y,A,54,1,2012-10-10 14:40:42,,BC,1981,2010,,1981,,2010,30,930,,0,100,Total snowfall cm,Quantité totale de neige en cm,10,0.07
-123.18194444444444,49.195,VANCOUVER INT'L A,1108447,889.54.11,NORM,Y,A,54,1,2012-10-10 14:40:42,,BC,1981,2010,,1981,,2010,30,900,,0,100,Total snowfall cm,Quantité totale de neige en cm,11,3.18
-123.18194444444444,49.195,VANCOUVER INT'L A,1108447,889.54.12,NORM,Y,A,54,1,2012-10-10 14:40:42,,BC,1981,2010,,1981,,2010,29,899,,1,96.67,Total snowfall cm,Quantité totale de neige en cm,12,14.81
-123.18194444444444,49.195,VANCOUVER INT'L A,1108447,889.54.13,NORM,Y,A,54,1,2012-10-10 14:40:42,,BC,1981,2010,,1981,,2010,30,10896,,1,99.72,Total snowfall cm,Quantité totale de neige en cm,13,38.06
-123.18194444444444,49.195,VANCOUVER INT'L A,1108447,889.55.1,NORM,Y,A,55,1,2012-10-10 14:40:42,,BC,1981,2010,,1981,,2010,30,930,,0,100,StdDev total snowfall cm,Écart-type de la quantité totale de neige en cm,1,14.96
-123.18194444444444,49.195,VANCOUVER INT'L A,1108447,889.55.2,NORM,Y,A,55,1,2012-10-10 14:40:42,,BC,1981,2010,,1981,,2010,30,847,,0,100,StdDev total snowfall cm,Écart-type de la quantité totale de neige en cm,2,10.66
-123.18194444444444,49.195,VANCOUVER INT'L A,1108447,889.55.3,NORM,Y,A,55,1,2012-10-10 14:40:42,,BC,1981,2010,,1981,,2010,30,930,,0,100,StdDev total snowfall cm,Écart-type de la quantité totale de neige en cm,3,4.24
-123.18194444444444,49.195,VANCOUVER INT'L A,1108447,889.55.4,NORM,Y,A,55,1,2012-10-10 14:40:42,,BC,1981,2010,,1981,,2010,30,900,,0,100,StdDev total snowfall cm,Écart-type de la quantité totale de neige en cm,4,1.02
-123.18194444444444,49.195,VANCOUVER INT'L A,1108447,889.55.5,NORM,Y,A,55,1,2012-10-10 14:40:42,,BC,1981,2010,,1981,,2010,30,930,,0,100,StdDev total snowfall cm,Écart-type de la quantité totale de neige en cm,5,0
-123.18194444444444,49.195,VANCOUVER INT'L A,1108447,889.55.6,NORM,Y,A,55,1,2012-10-10 14:40:42,,BC,1981,2010,,1981,,2010,30,900,,0,100,StdDev total snowfall cm,Écart-type de la quantité totale de neige en cm,6,0
-123.18194444444444,49.195,VANCOUVER INT'L A,1108447,889.55.7,NORM,Y,A,55,1,2012-10-10 14:40:42,,BC,1981,2010,,1981,,2010,30,930,,0,100,StdDev total snowfall cm,Écart-type de la quantité totale de neige en cm,7,0
-123.18194444444444,49.195,VANCOUVER INT'L A,1108447,889.55.8,NORM,Y,A,55,1,2012-10-10 14:40:42,,BC,1981,2010,,1981,,2010,30,930,,0,100,StdDev total snowfall cm,Écart-type de la quantité totale de neige en cm,8,0
-123.18194444444444,49.195,VANCOUVER INT'L A,1108447,889.55.9,NORM,Y,A,55,1,2012-10-10 14:40:42,,BC,1981,2010,,1981,,2009,29,870,,0,100,StdDev total snowfall cm,Écart-type de la quantité totale de neige en cm,9,0
-123.18194444444444,49.195,VANCOUVER INT'L A,1108447,889.55.10,NORM,Y,A,55,1,2012-10-10 14:40:42,,BC,1981,2010,,1981,,2010,30,930,,0,100,StdDev total snowfall cm,Écart-type de la quantité totale de neige en cm,10,0.37
-123.18194444444444,49.195,VANCOUVER INT'L A,1108447,889.55.11,NORM,Y,A,55,1,2012-10-10 14:40:42,,BC,1981,2010,,1981,,2010,30,900,,0,100,StdDev total snowfall cm,Écart-type de la quantité totale de neige en cm,11,8.22
-123.18194444444444,49.195,VANCOUVER INT'L A,1108447,889.55.12,NORM,Y,A,55,1,2012-10-10 14:40:42,,BC,1981,2010,,1981,,2010,29,899,,1,96.67,StdDev total snowfall cm,Écart-type de la quantité totale de neige en cm,12,23.65
-123.18194444444444,49.195,VANCOUVER INT'L A,1108447,889.55.13,NORM,Y,A,55,1,2012-10-10 14:40:42,,BC,1981,2010,,1981,,2010,30,10896,,1,99.72,StdDev total snowfall cm,Écart-type de la quantité totale de neige en cm,13,5.26
-123.18194444444444,49.195,VANCOUVER INT'L A,1108447,889.56.1,NORM,Y,A,56,1,2012-10-10 14:40:42,,BC,1981,2010,,1981,,2010,30,930,,0,100,Total precipitation mm,Précipitations totales en mm,1,168.44
-123.18194444444444,49.195,VANCOUVER INT'L A,1108447,889.56.2,NORM,Y,A,56,1,2012-10-10 14:40:42,,BC,1981,2010,,1981,,2010,30,847,,0,100,Total precipitation mm,Précipitations totales en mm,2,104.57
-123.18194444444444,49.195,VANCOUVER INT'L A,1108447,889.56.3,NORM,Y,A,56,1,2012-10-10 14:40:42,,BC,1981,2010,,1981,,2010,30,930,,0,100,Total precipitation mm,Précipitations totales en mm,3,113.86
-123.18194444444444,49.195,VANCOUVER INT'L A,1108447,889.56.4,NORM,Y,A,56,1,2012-10-10 14:40:42,,BC,1981,2010,,1981,,2010,30,900,,0,100,Total precipitation mm,Précipitations totales en mm,4,88.53
-123.18194444444444,49.195,VANCOUVER INT'L A,1108447,889.56.5,NORM,Y,A,56,1,2012-10-10 14:40:42,,BC,1981,2010,,1981,,2010,30,930,,0,100,Total precipitation mm,Précipitations totales en mm,5,65.03
-123.18194444444444,49.195,VANCOUVER INT'L A,1108447,889.56.6,NORM,Y,A,56,1,2012-10-10 14:40:42,,BC,1981,2010,,1981,,2010,30,900,,0,100,Total precipitation mm,Précipitations totales en mm,6,53.8
-123.18194444444444,49.195,VANCOUVER INT'L A,1108447,889.56.7,NORM,Y,A,56,1,2012-10-10 14:40:42,,BC,1981,2010,,1981,,2010,30,930,,0,100,Total precipitation mm,Précipitations totales en mm,7,35.58
-123.18194444444444,49.195,VANCOUVER INT'L A,1108447,889.56.8,NORM,Y,A,56,1,2012-10-10 14:40:42,,BC,1981,2010,,1981,,2010,30,930,,0,100,Total precipitation mm,Précipitations totales en mm,8,36.73
-123.18194444444444,49.195,VANCOUVER INT'L A,1108447,889.56.9,NORM,Y,A,56,1,2012-10-10 14:40:42,,BC,1981,2010,,1981,,2009,29,870,,0,100,Total precipitation mm,Précipitations totales en mm,9,50.89
-123.18194444444444,49.195,VANCOUVER INT'L A,1108447,889.56.10,NORM,Y,A,56,1,2012-10-10 14:40:42,,BC,1981,2010,,1981,,2010,30,930,,0,100,Total precipitation mm,Précipitations totales en mm,10,120.76
-123.18194444444444,49.195,VANCOUVER INT'L A,1108447,889.56.11,NORM,Y,A,56,1,2012-10-10 14:40:42,,BC,1981,2010,,1981,,2010,30,900,,0,100,Total precipitation mm,Précipitations totales en mm,11,188.89
-123.18194444444444,49.195,VANCOUVER INT'L A,1108447,889.56.12,NORM,Y,A,56,1,2012-10-10 14:40:42,,BC,1981,2010,,1981,,2010,29,899,,1,96.67,Total precipitation mm,Précipitations totales en mm,12,161.93
-123.18194444444444,49.195,VANCOUVER INT'L A,1108447,889.56.13,NORM,Y,A,56,1,2012-10-10 14:40:42,,BC,1981,2010,,1981,,2010,30,10896,,1,99.72,Total precipitation mm,Précipitations totales en mm,13,1189.01
-123.18194444444444,49.195,VANCOUVER INT'L A,1108447,889.57.1,NORM,Y,A,57,1,2012-10-10 14:40:42,,BC,1981,2010,,1981,,2010,30,930,,0,100,StdDev total precipitation mm,Écart-type des précipitations totales en mm,1,58.48
-123.18194444444444,49.195,VANCOUVER INT'L A,1108447,889.57.2,NORM,Y,A,57,1,2012-10-10 14:40:42,,BC,1981,2010,,1981,,2010,30,847,,0,100,StdDev total precipitation mm,Écart-type des précipitations totales en mm,2,55.25
-123.18194444444444,49.195,VANCOUVER INT'L A,1108447,889.57.3,NORM,Y,A,57,1,2012-10-10 14:40:42,,BC,1981,2010,,1981,,2010,30,930,,0,100,StdDev total precipitation mm,Écart-type des précipitations totales en mm,3,40.75
-123.18194444444444,49.195,VANCOUVER INT'L A,1108447,889.57.4,NORM,Y,A,57,1,2012-10-10 14:40:42,,BC,1981,2010,,1981,,2010,30,900,,0,100,StdDev total precipitation mm,Écart-type des précipitations totales en mm,4,37.01
-123.18194444444444,49.195,VANCOUVER INT'L A,1108447,889.57.5,NORM,Y,A,57,1,2012-10-10 14:40:42,,BC,1981,2010,,1981,,2010,30,930,,0,100,StdDev total precipitation mm,Écart-type des précipitations totales en mm,5,29.79
-123.18194444444444,49.195,VANCOUVER INT'L A,1108447,889.57.6,NORM,Y,A,57,1,2012-10-10 14:40:42,,BC,1981,2010,,1981,,2010,30,900,,0,100,StdDev total precipitation mm,Écart-type des précipitations totales en mm,6,30.03
-123.18194444444444,49.195,VANCOUVER INT'L A,1108447,889.57.7,NORM,Y,A,57,1,2012-10-10 14:40:42,,BC,1981,2010,,1981,,2010,30,930,,0,100,StdDev total precipitation mm,Écart-type des précipitations totales en mm,7,23.81
-123.18194444444444,49.195,VANCOUVER INT'L A,1108447,889.57.8,NORM,Y,A,57,1,2012-10-10 14:40:42,,BC,1981,2010,,1981,,2010,30,930,,0,100,StdDev total precipitation mm,Écart-type des précipitations totales en mm,8,34.83
-123.18194444444444,49.195,VANCOUVER INT'L A,1108447,889.57.9,NORM,Y,A,57,1,2012-10-10 14:40:42,,BC,1981,2010,,1981,,2009,29,870,,0,100,StdDev total precipitation mm,Écart-type des précipitations totales en mm,9,34.16
-123.18194444444444,49.195,VANCOUVER INT'L A,1108447,889.57.10,NORM,Y,A,57,1,2012-10-10 14:40:42,,BC,1981,2010,,1981,,2010,30,930,,0,100,StdDev total precipitation mm,Écart-type des précipitations totales en mm,10,58.38
-123.18194444444444,49.195,VANCOUVER INT'L A,1108447,889.57.11,NORM,Y,A,57,1,2012-10-10 14:40:42,,BC,1981,2010,,1981,,2010,30,900,,0,100,StdDev total precipitation mm,Écart-type des précipitations totales en mm,11,70.14
-123.18194444444444,49.195,VANCOUVER INT'L A,1108447,889.57.12,NORM,Y,A,57,1,2012-10-10 14:40:42,,BC,1981,2010,,1981,,2010,29,899,,1,96.67,StdDev total precipitation mm,Écart-type des précipitations totales en mm,12,51.04
-123.18194444444444,49.195,VANCOUVER INT'L A,1108447,889.57.13,NORM,Y,A,57,1,2012-10-10 14:40:42,,BC,1981,2010,,1981,,2010,30,10896,,1,99.72,StdDev total precipitation mm,Écart-type des précipitations totales en mm,13,43.64
-123.18194444444444,49.195,VANCOUVER INT'L A,1108447,889.61.1,NORM,Y,A,61,1,2012-10-10 14:40:42,,BC,1981,2010,,1981,,2010,30,930,,0,100,Days with rainfall GE 0.2 mm,"Jours avec chutes de pluie >= 0,2 mm",1,18.37
-123.18194444444444,49.195,VANCOUVER INT'L A,1108447,889.61.2,NORM,Y,A,61,1,2012-10-10 14:40:42,,BC,1981,2010,,1981,,2010,30,847,,0,100,Days with rainfall GE 0.2 mm,"Jours avec chutes de pluie >= 0,2 mm",2,14.67
-123.18194444444444,49.195,VANCOUVER INT'L A,1108447,889.61.3,NORM,Y,A,61,1,2012-10-10 14:40:42,,BC,1981,2010,,1981,,2010,30,930,,0,100,Days with rainfall GE 0.2 mm,"Jours avec chutes de pluie >= 0,2 mm",3,17.5
-123.18194444444444,49.195,VANCOUVER INT'L A,1108447,889.61.4,NORM,Y,A,61,1,2012-10-10 14:40:42,,BC,1981,2010,,1981,,2010,30,900,,0,100,Days with rainfall GE 0.2 mm,"Jours avec chutes de pluie >= 0,2 mm",4,14.8
-123.18194444444444,49.195,VANCOUVER INT'L A,1108447,889.61.5,NORM,Y,A,61,1,2012-10-10 14:40:42,,BC,1981,2010,,1981,,2010,30,930,,0,100,Days with rainfall GE 0.2 mm,"Jours avec chutes de pluie >= 0,2 mm",5,13.17
-123.18194444444444,49.195,VANCOUVER INT'L A,1108447,889.61.6,NORM,Y,A,61,1,2012-10-10 14:40:42,,BC,1981,2010,,1981,,2010,30,900,,0,100,Days with rainfall GE 0.2 mm,"Jours avec chutes de pluie >= 0,2 mm",6,11.5
-123.18194444444444,49.195,VANCOUVER INT'L A,1108447,889.61.7,NORM,Y,A,61,1,2012-10-10 14:40:42,,BC,1981,2010,,1981,,2010,30,930,,0,100,Days with rainfall GE 0.2 mm,"Jours avec chutes de pluie >= 0,2 mm",7,6.3
-123.18194444444444,49.195,VANCOUVER INT'L A,1108447,889.61.8,NORM,Y,A,61,1,2012-10-10 14:40:42,,BC,1981,2010,,1981,,2010,30,930,,0,100,Days with rainfall GE 0.2 mm,"Jours avec chutes de pluie >= 0,2 mm",8,6.73
-123.18194444444444,49.195,VANCOUVER INT'L A,1108447,889.61.9,NORM,Y,A,61,1,2012-10-10 14:40:42,,BC,1981,2010,,1981,,2009,29,870,,0,100,Days with rainfall GE 0.2 mm,"Jours avec chutes de pluie >= 0,2 mm",9,8.31
-123.18194444444444,49.195,VANCOUVER INT'L A,1108447,889.61.10,NORM,Y,A,61,1,2012-10-10 14:40:42,,BC,1981,2010,,1981,,2010,30,930,,0,100,Days with rainfall GE 0.2 mm,"Jours avec chutes de pluie >= 0,2 mm",10,15.37
-123.18194444444444,49.195,VANCOUVER INT'L A,1108447,889.61.11,NORM,Y,A,61,1,2012-10-10 14:40:42,,BC,1981,2010,,1981,,2010,30,900,,0,100,Days with rainfall GE 0.2 mm,"Jours avec chutes de pluie >= 0,2 mm",11,19.93
-123.18194444444444,49.195,VANCOUVER INT'L A,1108447,889.61.12,NORM,Y,A,61,1,2012-10-10 14:40:42,,BC,1981,2010,,1981,,2010,29,899,,1,96.67,Days with rainfall GE 0.2 mm,"Jours avec chutes de pluie >= 0,2 mm",12,18.41
-123.18194444444444,49.195,VANCOUVER INT'L A,1108447,889.61.13,NORM,Y,A,61,1,2012-10-10 14:40:42,,BC,1981,2010,,1981,,2010,30,10896,,1,99.72,Days with rainfall GE 0.2 mm,"Jours avec chutes de pluie >= 0,2 mm",13,165.06
-123.18194444444444,49.195,VANCOUVER INT'L A,1108447,889.62.1,NORM,Y,A,62,1,2012-10-10 14:40:42,,BC,1981,2010,,1981,,2010,30,930,,0,100,Days with rainfall GE 5 mm,Jours avec chutes de pluie >= 5 mm,1,9.8
-123.18194444444444,49.195,VANCOUVER INT'L A,1108447,889.62.2,NORM,Y,A,62,1,2012-10-10 14:40:42,,BC,1981,2010,,1981,,2010,30,847,,0,100,Days with rainfall GE 5 mm,Jours avec chutes de pluie >= 5 mm,2,6.5
-123.18194444444444,49.195,VANCOUVER INT'L A,1108447,889.62.3,NORM,Y,A,62,1,2012-10-10 14:40:42,,BC,1981,2010,,1981,,2010,30,930,,0,100,Days with rainfall GE 5 mm,Jours avec chutes de pluie >= 5 mm,3,7.53
-123.18194444444444,49.195,VANCOUVER INT'L A,1108447,889.62.4,NORM,Y,A,62,1,2012-10-10 14:40:42,,BC,1981,2010,,1981,,2010,30,900,,0,100,Days with rainfall GE 5 mm,Jours avec chutes de pluie >= 5 mm,4,6.43
-123.18194444444444,49.195,VANCOUVER INT'L A,1108447,889.62.5,NORM,Y,A,62,1,2012-10-10 14:40:42,,BC,1981,2010,,1981,,2010,30,930,,0,100,Days with rainfall GE 5 mm,Jours avec chutes de pluie >= 5 mm,5,4.53
-123.18194444444444,49.195,VANCOUVER INT'L A,1108447,889.62.6,NORM,Y,A,62,1,2012-10-10 14:40:42,,BC,1981,2010,,1981,,2010,30,900,,0,100,Days with rainfall GE 5 mm,Jours avec chutes de pluie >= 5 mm,6,3.4
-123.18194444444444,49.195,VANCOUVER INT'L A,1108447,889.62.7,NORM,Y,A,62,1,2012-10-10 14:40:42,,BC,1981,2010,,1981,,2010,30,930,,0,100,Days with rainfall GE 5 mm,Jours avec chutes de pluie >= 5 mm,7,2.43
-123.18194444444444,49.195,VANCOUVER INT'L A,1108447,889.62.8,NORM,Y,A,62,1,2012-10-10 14:40:42,,BC,1981,2010,,1981,,2010,30,930,,0,100,Days with rainfall GE 5 mm,Jours avec chutes de pluie >= 5 mm,8,2.37
-123.18194444444444,49.195,VANCOUVER INT'L A,1108447,889.62.9,NORM,Y,A,62,1,2012-10-10 14:40:42,,BC,1981,2010,,1981,,2009,29,870,,0,100,Days with rainfall GE 5 mm,Jours avec chutes de pluie >= 5 mm,9,3.38
-123.18194444444444,49.195,VANCOUVER INT'L A,1108447,889.62.10,NORM,Y,A,62,1,2012-10-10 14:40:42,,BC,1981,2010,,1981,,2010,30,930,,0,100,Days with rainfall GE 5 mm,Jours avec chutes de pluie >= 5 mm,10,7.53
-123.18194444444444,49.195,VANCOUVER INT'L A,1108447,889.62.11,NORM,Y,A,62,1,2012-10-10 14:40:42,,BC,1981,2010,,1981,,2010,30,900,,0,100,Days with rainfall GE 5 mm,Jours avec chutes de pluie >= 5 mm,11,11.2
-123.18194444444444,49.195,VANCOUVER INT'L A,1108447,889.62.12,NORM,Y,A,62,1,2012-10-10 14:40:42,,BC,1981,2010,,1981,,2010,29,899,,1,96.67,Days with rainfall GE 5 mm,Jours avec chutes de pluie >= 5 mm,12,9.52
-123.18194444444444,49.195,VANCOUVER INT'L A,1108447,889.62.13,NORM,Y,A,62,1,2012-10-10 14:40:42,,BC,1981,2010,,1981,,2010,30,10896,,1,99.72,Days with rainfall GE 5 mm,Jours avec chutes de pluie >= 5 mm,13,74.62
-123.18194444444444,49.195,VANCOUVER INT'L A,1108447,889.63.1,NORM,Y,A,63,1,2012-10-10 14:40:42,,BC,1981,2010,,1981,,2010,30,930,,0,100,Days with rainfall GE 10 mm,Jours avec chutes de pluie >= 10 mm,1,5.8
-123.18194444444444,49.195,VANCOUVER INT'L A,1108447,889.63.2,NORM,Y,A,63,1,2012-10-10 14:40:42,,BC,1981,2010,,1981,,2010,30,847,,0,100,Days with rainfall GE 10 mm,Jours avec chutes de pluie >= 10 mm,2,3.5
-123.18194444444444,49.195,VANCOUVER INT'L A,1108447,889.63.3,NORM,Y,A,63,1,2012-10-10 14:40:42,,BC,1981,2010,,1981,,2010,30,930,,0,100,Days with rainfall GE 10 mm,Jours avec chutes de pluie >= 10 mm,3,3.63
-123.18194444444444,49.195,VANCOUVER INT'L A,1108447,889.63.4,NORM,Y,A,63,1,2012-10-10 14:40:42,,BC,1981,2010,,1981,,2010,30,900,,0,100,Days with rainfall GE 10 mm,Jours avec chutes de pluie >= 10 mm,4,2.8
-123.18194444444444,49.195,VANCOUVER INT'L A,1108447,889.63.5,NORM,Y,A,63,1,2012-10-10 14:40:42,,BC,1981,2010,,1981,,2010,30,930,,0,100,Days with rainfall GE 10 mm,Jours avec chutes de pluie >= 10 mm,5,2.1
-123.18194444444444,49.195,VANCOUVER INT'L A,1108447,889.63.6,NORM,Y,A,63,1,2012-10-10 14:40:42,,BC,1981,2010,,1981,,2010,30,900,,0,100,Days with rainfall GE 10 mm,Jours avec chutes de pluie >= 10 mm,6,1.7
-123.18194444444444,49.195,VANCOUVER INT'L A,1108447,889.63.7,NORM,Y,A,63,1,2012-10-10 14:40:42,,BC,1981,2010,,1981,,2010,30,930,,0,100,Days with rainfall GE 10 mm,Jours avec chutes de pluie >= 10 mm,7,1.3
-123.18194444444444,49.195,VANCOUVER INT'L A,1108447,889.63.8,NORM,Y,A,63,1,2012-10-10 14:40:42,,BC,1981,2010,,1981,,2010,30,930,,0,100,Days with rainfall GE 10 mm,Jours avec chutes de pluie >= 10 mm,8,1.3
-123.18194444444444,49.195,VANCOUVER INT'L A,1108447,889.63.9,NORM,Y,A,63,1,2012-10-10 14:40:42,,BC,1981,2010,,1981,,2009,29,870,,0,100,Days with rainfall GE 10 mm,Jours avec chutes de pluie >= 10 mm,9,1.41
-123.18194444444444,49.195,VANCOUVER INT'L A,1108447,889.63.10,NORM,Y,A,63,1,2012-10-10 14:40:42,,BC,1981,2010,,1981,,2010,30,930,,0,100,Days with rainfall GE 10 mm,Jours avec chutes de pluie >= 10 mm,10,4.4
-123.18194444444444,49.195,VANCOUVER INT'L A,1108447,889.63.11,NORM,Y,A,63,1,2012-10-10 14:40:42,,BC,1981,2010,,1981,,2010,30,900,,0,100,Days with rainfall GE 10 mm,Jours avec chutes de pluie >= 10 mm,11,6.97
-123.18194444444444,49.195,VANCOUVER INT'L A,1108447,889.63.12,NORM,Y,A,63,1,2012-10-10 14:40:42,,BC,1981,2010,,1981,,2010,29,899,,1,96.67,Days with rainfall GE 10 mm,Jours avec chutes de pluie >= 10 mm,12,5.86
-123.18194444444444,49.195,VANCOUVER INT'L A,1108447,889.63.13,NORM,Y,A,63,1,2012-10-10 14:40:42,,BC,1981,2010,,1981,,2010,30,10896,,1,99.72,Days with rainfall GE 10 mm,Jours avec chutes de pluie >= 10 mm,13,40.77
-123.18194444444444,49.195,VANCOUVER INT'L A,1108447,889.64.1,NORM,Y,A,64,1,2012-10-10 14:40:42,,BC,1981,2010,,1981,,2010,30,930,,0,100,Days with rainfall GE 25 mm,Jours avec chutes de pluie >= 25 mm,1,1.23
-123.18194444444444,49.195,VANCOUVER INT'L A,1108447,889.64.2,NORM,Y,A,64,1,2012-10-10 14:40:42,,BC,1981,2010,,1981,,2010,30,847,,0,100,Days with rainfall GE 25 mm,Jours avec chutes de pluie >= 25 mm,2,0.43
-123.18194444444444,49.195,VANCOUVER INT'L A,1108447,889.64.3,NORM,Y,A,64,1,2012-10-10 14:40:42,,BC,1981,2010,,1981,,2010,30,930,,0,100,Days with rainfall GE 25 mm,Jours avec chutes de pluie >= 25 mm,3,0.47
-123.18194444444444,49.195,VANCOUVER INT'L A,1108447,889.64.4,NORM,Y,A,64,1,2012-10-10 14:40:42,,BC,1981,2010,,1981,,2010,30,900,,0,100,Days with rainfall GE 25 mm,Jours avec chutes de pluie >= 25 mm,4,0.37
-123.18194444444444,49.195,VANCOUVER INT'L A,1108447,889.64.5,NORM,Y,A,64,1,2012-10-10 14:40:42,,BC,1981,2010,,1981,,2010,30,930,,0,100,Days with rainfall GE 25 mm,Jours avec chutes de pluie >= 25 mm,5,0.13
-123.18194444444444,49.195,VANCOUVER INT'L A,1108447,889.64.6,NORM,Y,A,64,1,2012-10-10 14:40:42,,BC,1981,2010,,1981,,2010,30,900,,0,100,Days with rainfall GE 25 mm,Jours avec chutes de pluie >= 25 mm,6,0.13
-123.18194444444444,49.195,VANCOUVER INT'L A,1108447,889.64.7,NORM,Y,A,64,1,2012-10-10 14:40:42,,BC,1981,2010,,1981,,2010,30,930,,0,100,Days with rainfall GE 25 mm,Jours avec chutes de pluie >= 25 mm,7,0.2
-123.18194444444444,49.195,VANCOUVER INT'L A,1108447,889.64.8,NORM,Y,A,64,1,2012-10-10 14:40:42,,BC,1981,2010,,1981,,2010,30,930,,0,100,Days with rainfall GE 25 mm,Jours avec chutes de pluie >= 25 mm,8,0.13
-123.18194444444444,49.195,VANCOUVER INT'L A,1108447,889.64.9,NORM,Y,A,64,1,2012-10-10 14:40:42,,BC,1981,2010,,1981,,2009,29,870,,0,100,Days with rainfall GE 25 mm,Jours avec chutes de pluie >= 25 mm,9,0.24
-123.18194444444444,49.195,VANCOUVER INT'L A,1108447,889.64.10,NORM,Y,A,64,1,2012-10-10 14:40:42,,BC,1981,2010,,1981,,2010,30,930,,0,100,Days with rainfall GE 25 mm,Jours avec chutes de pluie >= 25 mm,10,0.83
-123.18194444444444,49.195,VANCOUVER INT'L A,1108447,889.64.11,NORM,Y,A,64,1,2012-10-10 14:40:42,,BC,1981,2010,,1981,,2010,30,900,,0,100,Days with rainfall GE 25 mm,Jours avec chutes de pluie >= 25 mm,11,1.47
-123.18194444444444,49.195,VANCOUVER INT'L A,1108447,889.64.12,NORM,Y,A,64,1,2012-10-10 14:40:42,,BC,1981,2010,,1981,,2010,29,899,,1,96.67,Days with rainfall GE 25 mm,Jours avec chutes de pluie >= 25 mm,12,0.93
-123.18194444444444,49.195,VANCOUVER INT'L A,1108447,889.64.13,NORM,Y,A,64,1,2012-10-10 14:40:42,,BC,1981,2010,,1981,,2010,30,10896,,1,99.72,Days with rainfall GE 25 mm,Jours avec chutes de pluie >= 25 mm,13,6.56
-123.18194444444444,49.195,VANCOUVER INT'L A,1108447,889.65.1,NORM,Y,A,65,1,2012-10-10 14:40:42,,BC,1981,2010,,1981,,2010,30,930,,0,100,Days with snowfall GE 0.2 cm,"Jours avec chutes de neige >= 0,2 cm",1,2.63
-123.18194444444444,49.195,VANCOUVER INT'L A,1108447,889.65.2,NORM,Y,A,65,1,2012-10-10 14:40:42,,BC,1981,2010,,1981,,2010,30,847,,0,100,Days with snowfall GE 0.2 cm,"Jours avec chutes de neige >= 0,2 cm",2,1.37
-123.18194444444444,49.195,VANCOUVER INT'L A,1108447,889.65.3,NORM,Y,A,65,1,2012-10-10 14:40:42,,BC,1981,2010,,1981,,2010,30,930,,0,100,Days with snowfall GE 0.2 cm,"Jours avec chutes de neige >= 0,2 cm",3,0.9
-123.18194444444444,49.195,VANCOUVER INT'L A,1108447,889.65.4,NORM,Y,A,65,1,2012-10-10 14:40:42,,BC,1981,2010,,1981,,2010,30,900,,0,100,Days with snowfall GE 0.2 cm,"Jours avec chutes de neige >= 0,2 cm",4,0.17
-123.18194444444444,49.195,VANCOUVER INT'L A,1108447,889.65.5,NORM,Y,A,65,1,2012-10-10 14:40:42,,BC,1981,2010,,1981,,2010,30,930,,0,100,Days with snowfall GE 0.2 cm,"Jours avec chutes de neige >= 0,2 cm",5,0
-123.18194444444444,49.195,VANCOUVER INT'L A,1108447,889.65.6,NORM,Y,A,65,1,2012-10-10 14:40:42,,BC,1981,2010,,1981,,2010,30,900,,0,100,Days with snowfall GE 0.2 cm,"Jours avec chutes de neige >= 0,2 cm",6,0
-123.18194444444444,49.195,VANCOUVER INT'L A,1108447,889.65.7,NORM,Y,A,65,1,2012-10-10 14:40:42,,BC,1981,2010,,1981,,2010,30,930,,0,100,Days with snowfall GE 0.2 cm,"Jours avec chutes de neige >= 0,2 cm",7,0
-123.18194444444444,49.195,VANCOUVER INT'L A,1108447,889.65.8,NORM,Y,A,65,1,2012-10-10 14:40:42,,BC,1981,2010,,1981,,2010,30,930,,0,100,Days with snowfall GE 0.2 cm,"Jours avec chutes de neige >= 0,2 cm",8,0
-123.18194444444444,49.195,VANCOUVER INT'L A,1108447,889.65.9,NORM,Y,A,65,1,2012-10-10 14:40:42,,BC,1981,2010,,1981,,2009,29,870,,0,100,Days with snowfall GE 0.2 cm,"Jours avec chutes de neige >= 0,2 cm",9,0
-123.18194444444444,49.195,VANCOUVER INT'L A,1108447,889.65.10,NORM,Y,A,65,1,2012-10-10 14:40:42,,BC,1981,2010,,1981,,2010,30,930,,0,100,Days with snowfall GE 0.2 cm,"Jours avec chutes de neige >= 0,2 cm",10,0.03
-123.18194444444444,49.195,VANCOUVER INT'L A,1108447,889.65.11,NORM,Y,A,65,1,2012-10-10 14:40:42,,BC,1981,2010,,1981,,2010,30,900,,0,100,Days with snowfall GE 0.2 cm,"Jours avec chutes de neige >= 0,2 cm",11,0.8
-123.18194444444444,49.195,VANCOUVER INT'L A,1108447,889.65.12,NORM,Y,A,65,1,2012-10-10 14:40:42,,BC,1981,2010,,1981,,2010,29,899,,1,96.67,Days with snowfall GE 0.2 cm,"Jours avec chutes de neige >= 0,2 cm",12,2.79
-123.18194444444444,49.195,VANCOUVER INT'L A,1108447,889.65.13,NORM,Y,A,65,1,2012-10-10 14:40:42,,BC,1981,2010,,1981,,2010,30,10896,,1,99.72,Days with snowfall GE 0.2 cm,"Jours avec chutes de neige >= 0,2 cm",13,8.69
-123.18194444444444,49.195,VANCOUVER INT'L A,1108447,889.66.1,NORM,Y,A,66,1,2012-10-10 14:40:42,,BC,1981,2010,,1981,,2010,30,930,,0,100,Days with snowfall GE 5 cm,Jours avec chutes de neige >= 5 cm,1,0.73
-123.18194444444444,49.195,VANCOUVER INT'L A,1108447,889.66.2,NORM,Y,A,66,1,2012-10-10 14:40:42,,BC,1981,2010,,1981,,2010,30,847,,0,100,Days with snowfall GE 5 cm,Jours avec chutes de neige >= 5 cm,2,0.43
-123.18194444444444,49.195,VANCOUVER INT'L A,1108447,889.66.3,NORM,Y,A,66,1,2012-10-10 14:40:42,,BC,1981,2010,,1981,,2010,30,930,,0,100,Days with snowfall GE 5 cm,Jours avec chutes de neige >= 5 cm,3,0.2
-123.18194444444444,49.195,VANCOUVER INT'L A,1108447,889.66.4,NORM,Y,A,66,1,2012-10-10 14:40:42,,BC,1981,2010,,1981,,2010,30,900,,0,100,Days with snowfall GE 5 cm,Jours avec chutes de neige >= 5 cm,4,0
-123.18194444444444,49.195,VANCOUVER INT'L A,1108447,889.66.5,NORM,Y,A,66,1,2012-10-10 14:40:42,,BC,1981,2010,,1981,,2010,30,930,,0,100,Days with snowfall GE 5 cm,Jours avec chutes de neige >= 5 cm,5,0
-123.18194444444444,49.195,VANCOUVER INT'L A,1108447,889.66.6,NORM,Y,A,66,1,2012-10-10 14:40:42,,BC,1981,2010,,1981,,2010,30,900,,0,100,Days with snowfall GE 5 cm,Jours avec chutes de neige >= 5 cm,6,0
-123.18194444444444,49.195,VANCOUVER INT'L A,1108447,889.66.7,NORM,Y,A,66,1,2012-10-10 14:40:42,,BC,1981,2010,,1981,,2010,30,930,,0,100,Days with snowfall GE 5 cm,Jours avec chutes de neige >= 5 cm,7,0
-123.18194444444444,49.195,VANCOUVER INT'L A,1108447,889.66.8,NORM,Y,A,66,1,2012-10-10 14:40:42,,BC,1981,2010,,1981,,2010,30,930,,0,100,Days with snowfall GE 5 cm,Jours avec chutes de neige >= 5 cm,8,0
-123.18194444444444,49.195,VANCOUVER INT'L A,1108447,889.66.9,NORM,Y,A,66,1,2012-10-10 14:40:42,,BC,1981,2010,,1981,,2009,29,870,,0,100,Days with snowfall GE 5 cm,Jours avec chutes de neige >= 5 cm,9,0
-123.18194444444444,49.195,VANCOUVER INT'L A,1108447,889.66.10,NORM,Y,A,66,1,2012-10-10 14:40:42,,BC,1981,2010,,1981,,2010,30,930,,0,100,Days with snowfall GE 5 cm,Jours avec chutes de neige >= 5 cm,10,0
-123.18194444444444,49.195,VANCOUVER INT'L A,1108447,889.66.11,NORM,Y,A,66,1,2012-10-10 14:40:42,,BC,1981,2010,,1981,,2010,30,900,,0,100,Days with snowfall GE 5 cm,Jours avec chutes de neige >= 5 cm,11,0.27
-123.18194444444444,49.195,VANCOUVER INT'L A,1108447,889.66.12,NORM,Y,A,66,1,2012-10-10 14:40:42,,BC,1981,2010,,1981,,2010,29,899,,1,96.67,Days with snowfall GE 5 cm,Jours avec chutes de neige >= 5 cm,12,0.86
-123.18194444444444,49.195,VANCOUVER INT'L A,1108447,889.66.13,NORM,Y,A,66,1,2012-10-10 14:40:42,,BC,1981,2010,,1981,,2010,30,10896,,1,99.72,Days with snowfall GE 5 cm,Jours avec chutes de neige >= 5 cm,13,2.49
-123.18194444444444,49.195,VANCOUVER INT'L A,1108447,889.67.1,NORM,Y,A,67,1,2012-10-10 14:40:42,,BC,1981,2010,,1981,,2010,30,930,,0,100,Days with snowfall GE 10 cm,Jours avec chutes de neige >= 10 cm,1,0.3
-123.18194444444444,49.195,VANCOUVER INT'L A,1108447,889.67.2,NORM,Y,A,67,1,2012-10-10 14:40:42,,BC,1981,2010,,1981,,2010,30,847,,0,100,Days with snowfall GE 10 cm,Jours avec chutes de neige >= 10 cm,2,0.13
-123.18194444444444,49.195,VANCOUVER INT'L A,1108447,889.67.3,NORM,Y,A,67,1,2012-10-10 14:40:42,,BC,1981,2010,,1981,,2010,30,930,,0,100,Days with snowfall GE 10 cm,Jours avec chutes de neige >= 10 cm,3,0.03
-123.18194444444444,49.195,VANCOUVER INT'L A,1108447,889.67.4,NORM,Y,A,67,1,2012-10-10 14:40:42,,BC,1981,2010,,1981,,2010,30,900,,0,100,Days with snowfall GE 10 cm,Jours avec chutes de neige >= 10 cm,4,0
-123.18194444444444,49.195,VANCOUVER INT'L A,1108447,889.67.5,NORM,Y,A,67,1,2012-10-10 14:40:42,,BC,1981,2010,,1981,,2010,30,930,,0,100,Days with snowfall GE 10 cm,Jours avec chutes de neige >= 10 cm,5,0
-123.18194444444444,49.195,VANCOUVER INT'L A,1108447,889.67.6,NORM,Y,A,67,1,2012-10-10 14:40:42,,BC,1981,2010,,1981,,2010,30,900,,0,100,Days with snowfall GE 10 cm,Jours avec chutes de neige >= 10 cm,6,0
-123.18194444444444,49.195,VANCOUVER INT'L A,1108447,889.67.7,NORM,Y,A,67,1,2012-10-10 14:40:42,,BC,1981,2010,,1981,,2010,30,930,,0,100,Days with snowfall GE 10 cm,Jours avec chutes de neige >= 10 cm,7,0
-123.18194444444444,49.195,VANCOUVER INT'L A,1108447,889.67.8,NORM,Y,A,67,1,2012-10-10 14:40:42,,BC,1981,2010,,1981,,2010,30,930,,0,100,Days with snowfall GE 10 cm,Jours avec chutes de neige >= 10 cm,8,0
-123.18194444444444,49.195,VANCOUVER INT'L A,1108447,889.67.9,NORM,Y,A,67,1,2012-10-10 14:40:42,,BC,1981,2010,,1981,,2009,29,870,,0,100,Days with snowfall GE 10 cm,Jours avec chutes de neige >= 10 cm,9,0
-123.18194444444444,49.195,VANCOUVER INT'L A,1108447,889.67.10,NORM,Y,A,67,1,2012-10-10 14:40:42,,BC,1981,2010,,1981,,2010,30,930,,0,100,Days with snowfall GE 10 cm,Jours avec chutes de neige >= 10 cm,10,0
-123.18194444444444,49.195,VANCOUVER INT'L A,1108447,889.67.11,NORM,Y,A,67,1,2012-10-10 14:40:42,,BC,1981,2010,,1981,,2010,30,900,,0,100,Days with snowfall GE 10 cm,Jours avec chutes de neige >= 10 cm,11,0.03
-123.18194444444444,49.195,VANCOUVER INT'L A,1108447,889.67.12,NORM,Y,A,67,1,2012-10-10 14:40:42,,BC,1981,2010,,1981,,2010,29,899,,1,96.67,Days with snowfall GE 10 cm,Jours avec chutes de neige >= 10 cm,12,0.52
-123.18194444444444,49.195,VANCOUVER INT'L A,1108447,889.67.13,NORM,Y,A,67,1,2012-10-10 14:40:42,,BC,1981,2010,,1981,,2010,30,10896,,1,99.72,Days with snowfall GE 10 cm,Jours avec chutes de neige >= 10 cm,13,1.01
-123.18194444444444,49.195,VANCOUVER INT'L A,1108447,889.68.1,NORM,Y,A,68,1,2012-10-10 14:40:42,,BC,1981,2010,,1981,,2010,30,930,,0,100,Days with snowfall GE 25 cm,Jours avec chutes de neige >= 25 cm,1,0
-123.18194444444444,49.195,VANCOUVER INT'L A,1108447,889.68.2,NORM,Y,A,68,1,2012-10-10 14:40:42,,BC,1981,2010,,1981,,2010,30,847,,0,100,Days with snowfall GE 25 cm,Jours avec chutes de neige >= 25 cm,2,0.03
-123.18194444444444,49.195,VANCOUVER INT'L A,1108447,889.68.3,NORM,Y,A,68,1,2012-10-10 14:40:42,,BC,1981,2010,,1981,,2010,30,930,,0,100,Days with snowfall GE 25 cm,Jours avec chutes de neige >= 25 cm,3,0
-123.18194444444444,49.195,VANCOUVER INT'L A,1108447,889.68.4,NORM,Y,A,68,1,2012-10-10 14:40:42,,BC,1981,2010,,1981,,2010,30,900,,0,100,Days with snowfall GE 25 cm,Jours avec chutes de neige >= 25 cm,4,0
-123.18194444444444,49.195,VANCOUVER INT'L A,1108447,889.68.5,NORM,Y,A,68,1,2012-10-10 14:40:42,,BC,1981,2010,,1981,,2010,30,930,,0,100,Days with snowfall GE 25 cm,Jours avec chutes de neige >= 25 cm,5,0
-123.18194444444444,49.195,VANCOUVER INT'L A,1108447,889.68.6,NORM,Y,A,68,1,2012-10-10 14:40:42,,BC,1981,2010,,1981,,2010,30,900,,0,100,Days with snowfall GE 25 cm,Jours avec chutes de neige >= 25 cm,6,0
-123.18194444444444,49.195,VANCOUVER INT'L A,1108447,889.68.7,NORM,Y,A,68,1,2012-10-10 14:40:42,,BC,1981,2010,,1981,,2010,30,930,,0,100,Days with snowfall GE 25 cm,Jours avec chutes de neige >= 25 cm,7,0
-123.18194444444444,49.195,VANCOUVER INT'L A,1108447,889.68.8,NORM,Y,A,68,1,2012-10-10 14:40:42,,BC,1981,2010,,1981,,2010,30,930,,0,100,Days with snowfall GE 25 cm,Jours avec chutes de neige >= 25 cm,8,0
-123.18194444444444,49.195,VANCOUVER INT'L A,1108447,889.68.9,NORM,Y,A,68,1,2012-10-10 14:40:42,,BC,1981,2010,,1981,,2009,29,870,,0,100,Days with snowfall GE 25 cm,Jours avec chutes de neige >= 25 cm,9,0
-123.18194444444444,49.195,VANCOUVER INT'L A,1108447,889.68.10,NORM,Y,A,68,1,2012-10-10 14:40:42,,BC,1981,2010,,1981,,2010,30,930,,0,100,Days with snowfall GE 25 cm,Jours avec chutes de neige >= 25 cm,10,0
-123.18194444444444,49.195,VANCOUVER INT'L A,1108447,889.68.11,NORM,Y,A,68,1,2012-10-10 14:40:42,,BC,1981,2010,,1981,,2010,30,900,,0,100,Days with snowfall GE 25 cm,Jours avec chutes de neige >= 25 cm,11,0
-123.18194444444444,49.195,VANCOUVER INT'L A,1108447,889.68.12,NORM,Y,A,68,1,2012-10-10 14:40:42,,BC,1981,2010,,1981,,2010,29,899,,1,96.67,Days with snowfall GE 25 cm,Jours avec chutes de neige >= 25 cm,12,0.1
-123.18194444444444,49.195,VANCOUVER INT'L A,1108447,889.68.13,NORM,Y,A,68,1,2012-10-10 14:40:42,,BC,1981,2010,,1981,,2010,30,10896,,1,99.72,Days with snowfall GE 25 cm,Jours avec chutes de neige >= 25 cm,13,0.13
-123.18194444444444,49.195,VANCOUVER INT'L A,1108447,889.69.1,NORM,Y,A,69,1,2012-10-10 14:40:42,,BC,1981,2010,,1981,,2010,30,930,,0,100,Days with precipitation GE 0.2 mm,"Jours avec précipitations >= 0,2 mm",1,19.5
-123.18194444444444,49.195,VANCOUVER INT'L A,1108447,889.69.2,NORM,Y,A,69,1,2012-10-10 14:40:42,,BC,1981,2010,,1981,,2010,30,847,,0,100,Days with precipitation GE 0.2 mm,"Jours avec précipitations >= 0,2 mm",2,15.37
-123.18194444444444,49.195,VANCOUVER INT'L A,1108447,889.69.3,NORM,Y,A,69,1,2012-10-10 14:40:42,,BC,1981,2010,,1981,,2010,30,930,,0,100,Days with precipitation GE 0.2 mm,"Jours avec précipitations >= 0,2 mm",3,17.77
-123.18194444444444,49.195,VANCOUVER INT'L A,1108447,889.69.4,NORM,Y,A,69,1,2012-10-10 14:40:42,,BC,1981,2010,,1981,,2010,30,900,,0,100,Days with precipitation GE 0.2 mm,"Jours avec précipitations >= 0,2 mm",4,14.8
-123.18194444444444,49.195,VANCOUVER INT'L A,1108447,889.69.5,NORM,Y,A,69,1,2012-10-10 14:40:42,,BC,1981,2010,,1981,,2010,30,930,,0,100,Days with precipitation GE 0.2 mm,"Jours avec précipitations >= 0,2 mm",5,13.17
-123.18194444444444,49.195,VANCOUVER INT'L A,1108447,889.69.6,NORM,Y,A,69,1,2012-10-10 14:40:42,,BC,1981,2010,,1981,,2010,30,900,,0,100,Days with precipitation GE 0.2 mm,"Jours avec précipitations >= 0,2 mm",6,11.5
-123.18194444444444,49.195,VANCOUVER INT'L A,1108447,889.69.7,NORM,Y,A,69,1,2012-10-10 14:40:42,,BC,1981,2010,,1981,,2010,30,930,,0,100,Days with precipitation GE 0.2 mm,"Jours avec précipitations >= 0,2 mm",7,6.3
-123.18194444444444,49.195,VANCOUVER INT'L A,1108447,889.69.8,NORM,Y,A,69,1,2012-10-10 14:40:42,,BC,1981,2010,,1981,,2010,30,930,,0,100,Days with precipitation GE 0.2 mm,"Jours avec précipitations >= 0,2 mm",8,6.73
-123.18194444444444,49.195,VANCOUVER INT'L A,1108447,889.69.9,NORM,Y,A,69,1,2012-10-10 14:40:42,,BC,1981,2010,,1981,,2009,29,870,,0,100,Days with precipitation GE 0.2 mm,"Jours avec précipitations >= 0,2 mm",9,8.31
-123.18194444444444,49.195,VANCOUVER INT'L A,1108447,889.69.10,NORM,Y,A,69,1,2012-10-10 14:40:42,,BC,1981,2010,,1981,,2010,30,930,,0,100,Days with precipitation GE 0.2 mm,"Jours avec précipitations >= 0,2 mm",10,15.4
-123.18194444444444,49.195,VANCOUVER INT'L A,1108447,889.69.11,NORM,Y,A,69,1,2012-10-10 14:40:42,,BC,1981,2010,,1981,,2010,30,900,,0,100,Days with precipitation GE 0.2 mm,"Jours avec précipitations >= 0,2 mm",11,20.37
-123.18194444444444,49.195,VANCOUVER INT'L A,1108447,889.69.12,NORM,Y,A,69,1,2012-10-10 14:40:42,,BC,1981,2010,,1981,,2010,29,899,,1,96.67,Days with precipitation GE 0.2 mm,"Jours avec précipitations >= 0,2 mm",12,19.72
-123.18194444444444,49.195,VANCOUVER INT'L A,1108447,889.69.13,NORM,Y,A,69,1,2012-10-10 14:40:42,,BC,1981,2010,,1981,,2010,30,10896,,1,99.72,Days with precipitation GE 0.2 mm,"Jours avec précipitations >= 0,2 mm",13,168.94
-123.18194444444444,49.195,VANCOUVER INT'L A,1108447,889.70.1,NORM,Y,A,70,1,2012-10-10 14:40:42,,BC,1981,2010,,1981,,2010,30,930,,0,100,Days with precipitation GE 5 mm,Jours avec précipitations >= 5 mm,1,10.67
-123.18194444444444,49.195,VANCOUVER INT'L A,1108447,889.70.2,NORM,Y,A,70,1,2012-10-10 14:40:42,,BC,1981,2010,,1981,,2010,30,847,,0,100,Days with precipitation GE 5 mm,Jours avec précipitations >= 5 mm,2,7
-123.18194444444444,49.195,VANCOUVER INT'L A,1108447,889.70.3,NORM,Y,A,70,1,2012-10-10 14:40:42,,BC,1981,2010,,1981,,2010,30,930,,0,100,Days with precipitation GE 5 mm,Jours avec précipitations >= 5 mm,3,7.77
-123.18194444444444,49.195,VANCOUVER INT'L A,1108447,889.70.4,NORM,Y,A,70,1,2012-10-10 14:40:42,,BC,1981,2010,,1981,,2010,30,900,,0,100,Days with precipitation GE 5 mm,Jours avec précipitations >= 5 mm,4,6.5
-123.18194444444444,49.195,VANCOUVER INT'L A,1108447,889.70.5,NORM,Y,A,70,1,2012-10-10 14:40:42,,BC,1981,2010,,1981,,2010,30,930,,0,100,Days with precipitation GE 5 mm,Jours avec précipitations >= 5 mm,5,4.53
-123.18194444444444,49.195,VANCOUVER INT'L A,1108447,889.70.6,NORM,Y,A,70,1,2012-10-10 14:40:42,,BC,1981,2010,,1981,,2010,30,900,,0,100,Days with precipitation GE 5 mm,Jours avec précipitations >= 5 mm,6,3.4
-123.18194444444444,49.195,VANCOUVER INT'L A,1108447,889.70.7,NORM,Y,A,70,1,2012-10-10 14:40:42,,BC,1981,2010,,1981,,2010,30,930,,0,100,Days with precipitation GE 5 mm,Jours avec précipitations >= 5 mm,7,2.43
-123.18194444444444,49.195,VANCOUVER INT'L A,1108447,889.70.8,NORM,Y,A,70,1,2012-10-10 14:40:42,,BC,1981,2010,,1981,,2010,30,930,,0,100,Days with precipitation GE 5 mm,Jours avec précipitations >= 5 mm,8,2.37
-123.18194444444444,49.195,VANCOUVER INT'L A,1108447,889.70.9,NORM,Y,A,70,1,2012-10-10 14:40:42,,BC,1981,2010,,1981,,2009,29,870,,0,100,Days with precipitation GE 5 mm,Jours avec précipitations >= 5 mm,9,3.38
-123.18194444444444,49.195,VANCOUVER INT'L A,1108447,889.70.10,NORM,Y,A,70,1,2012-10-10 14:40:42,,BC,1981,2010,,1981,,2010,30,930,,0,100,Days with precipitation GE 5 mm,Jours avec précipitations >= 5 mm,10,7.53
-123.18194444444444,49.195,VANCOUVER INT'L A,1108447,889.70.11,NORM,Y,A,70,1,2012-10-10 14:40:42,,BC,1981,2010,,1981,,2010,30,900,,0,100,Days with precipitation GE 5 mm,Jours avec précipitations >= 5 mm,11,11.4
-123.18194444444444,49.195,VANCOUVER INT'L A,1108447,889.70.12,NORM,Y,A,70,1,2012-10-10 14:40:42,,BC,1981,2010,,1981,,2010,29,899,,1,96.67,Days with precipitation GE 5 mm,Jours avec précipitations >= 5 mm,12,10.38
-123.18194444444444,49.195,VANCOUVER INT'L A,1108447,889.70.13,NORM,Y,A,70,1,2012-10-10 14:40:42,,BC,1981,2010,,1981,,2010,30,10896,,1,99.72,Days with precipitation GE 5 mm,Jours avec précipitations >= 5 mm,13,77.36
-123.18194444444444,49.195,VANCOUVER INT'L A,1108447,889.71.1,NORM,Y,A,71,1,2012-10-10 14:40:42,,BC,1981,2010,,1981,,2010,30,930,,0,100,Days with precipitation GE 10 mm,Jours avec précipitations >= 10 mm,1,6.17
-123.18194444444444,49.195,VANCOUVER INT'L A,1108447,889.71.2,NORM,Y,A,71,1,2012-10-10 14:40:42,,BC,1981,2010,,1981,,2010,30,847,,0,100,Days with precipitation GE 10 mm,Jours avec précipitations >= 10 mm,2,3.7
-123.18194444444444,49.195,VANCOUVER INT'L A,1108447,889.71.3,NORM,Y,A,71,1,2012-10-10 14:40:42,,BC,1981,2010,,1981,,2010,30,930,,0,100,Days with precipitation GE 10 mm,Jours avec précipitations >= 10 mm,3,3.73
-123.18194444444444,49.195,VANCOUVER INT'L A,1108447,889.71.4,NORM,Y,A,71,1,2012-10-10 14:40:42,,BC,1981,2010,,1981,,2010,30,900,,0,100,Days with precipitation GE 10 mm,Jours avec précipitations >= 10 mm,4,2.8
-123.18194444444444,49.195,VANCOUVER INT'L A,1108447,889.71.5,NORM,Y,A,71,1,2012-10-10 14:40:42,,BC,1981,2010,,1981,,2010,30,930,,0,100,Days with precipitation GE 10 mm,Jours avec précipitations >= 10 mm,5,2.1
-123.18194444444444,49.195,VANCOUVER INT'L A,1108447,889.71.6,NORM,Y,A,71,1,2012-10-10 14:40:42,,BC,1981,2010,,1981,,2010,30,900,,0,100,Days with precipitation GE 10 mm,Jours avec précipitations >= 10 mm,6,1.7
-123.18194444444444,49.195,VANCOUVER INT'L A,1108447,889.71.7,NORM,Y,A,71,1,2012-10-10 14:40:42,,BC,1981,2010,,1981,,2010,30,930,,0,100,Days with precipitation GE 10 mm,Jours avec précipitations >= 10 mm,7,1.3
-123.18194444444444,49.195,VANCOUVER INT'L A,1108447,889.71.8,NORM,Y,A,71,1,2012-10-10 14:40:42,,BC,1981,2010,,1981,,2010,30,930,,0,100,Days with precipitation GE 10 mm,Jours avec précipitations >= 10 mm,8,1.3
-123.18194444444444,49.195,VANCOUVER INT'L A,1108447,889.71.9,NORM,Y,A,71,1,2012-10-10 14:40:42,,BC,1981,2010,,1981,,2009,29,870,,0,100,Days with precipitation GE 10 mm,Jours avec précipitations >= 10 mm,9,1.41
-123.18194444444444,49.195,VANCOUVER INT'L A,1108447,889.71.10,NORM,Y,A,71,1,2012-10-10 14:40:42,,BC,1981,2010,,1981,,2010,30,930,,0,100,Days with precipitation GE 10 mm,Jours avec précipitations >= 10 mm,10,4.4
-123.18194444444444,49.195,VANCOUVER INT'L A,1108447,889.71.11,NORM,Y,A,71,1,2012-10-10 14:40:42,,BC,1981,2010,,1981,,2010,30,900,,0,100,Days with precipitation GE 10 mm,Jours avec précipitations >= 10 mm,11,7.07
-123.18194444444444,49.195,VANCOUVER INT'L A,1108447,889.71.12,NORM,Y,A,71,1,2012-10-10 14:40:42,,BC,1981,2010,,1981,,2010,29,899,,1,96.67,Days with precipitation GE 10 mm,Jours avec précipitations >= 10 mm,12,6.28
-123.18194444444444,49.195,VANCOUVER INT'L A,1108447,889.71.13,NORM,Y,A,71,1,2012-10-10 14:40:42,,BC,1981,2010,,1981,,2010,30,10896,,1,99.72,Days with precipitation GE 10 mm,Jours avec précipitations >= 10 mm,13,41.96
-123.18194444444444,49.195,VANCOUVER INT'L A,1108447,889.72.1,NORM,Y,A,72,1,2012-10-10 14:40:42,,BC,1981,2010,,1981,,2010,30,930,,0,100,Days with precipitation GE 25 mm,Jours avec précipitations >= 25 mm,1,1.27
-123.18194444444444,49.195,VANCOUVER INT'L A,1108447,889.72.2,NORM,Y,A,72,1,2012-10-10 14:40:42,,BC,1981,2010,,1981,,2010,30,847,,0,100,Days with precipitation GE 25 mm,Jours avec précipitations >= 25 mm,2,0.43
-123.18194444444444,49.195,VANCOUVER INT'L A,1108447,889.72.3,NORM,Y,A,72,1,2012-10-10 14:40:42,,BC,1981,2010,,1981,,2010,30,930,,0,100,Days with precipitation GE 25 mm,Jours avec précipitations >= 25 mm,3,0.47
-123.18194444444444,49.195,VANCOUVER INT'L A,1108447,889.72.4,NORM,Y,A,72,1,2012-10-10 14:40:42,,BC,1981,2010,,1981,,2010,30,900,,0,100,Days with precipitation GE 25 mm,Jours avec précipitations >= 25 mm,4,0.37
-123.18194444444444,49.195,VANCOUVER INT'L A,1108447,889.72.5,NORM,Y,A,72,1,2012-10-10 14:40:42,,BC,1981,2010,,1981,,2010,30,930,,0,100,Days with precipitation GE 25 mm,Jours avec précipitations >= 25 mm,5,0.13
-123.18194444444444,49.195,VANCOUVER INT'L A,1108447,889.72.6,NORM,Y,A,72,1,2012-10-10 14:40:42,,BC,1981,2010,,1981,,2010,30,900,,0,100,Days with precipitation GE 25 mm,Jours avec précipitations >= 25 mm,6,0.13
-123.18194444444444,49.195,VANCOUVER INT'L A,1108447,889.72.7,NORM,Y,A,72,1,2012-10-10 14:40:42,,BC,1981,2010,,1981,,2010,30,930,,0,100,Days with precipitation GE 25 mm,Jours avec précipitations >= 25 mm,7,0.2
-123.18194444444444,49.195,VANCOUVER INT'L A,1108447,889.72.8,NORM,Y,A,72,1,2012-10-10 14:40:42,,BC,1981,2010,,1981,,2010,30,930,,0,100,Days with precipitation GE 25 mm,Jours avec précipitations >= 25 mm,8,0.13
-123.18194444444444,49.195,VANCOUVER INT'L A,1108447,889.72.9,NORM,Y,A,72,1,2012-10-10 14:40:42,,BC,1981,2010,,1981,,2009,29,870,,0,100,Days with precipitation GE 25 mm,Jours avec précipitations >= 25 mm,9,0.24
-123.18194444444444,49.195,VANCOUVER INT'L A,1108447,889.72.10,NORM,Y,A,72,1,2012-10-10 14:40:42,,BC,1981,2010,,1981,,2010,30,930,,0,100,Days with precipitation GE 25 mm,Jours avec précipitations >= 25 mm,10,0.83
-123.18194444444444,49.195,VANCOUVER INT'L A,1108447,889.72.11,NORM,Y,A,72,1,2012-10-10 14:40:42,,BC,1981,2010,,1981,,2010,30,900,,0,100,Days with precipitation GE 25 mm,Jours avec précipitations >= 25 mm,11,1.47
-123.18194444444444,49.195,VANCOUVER INT'L A,1108447,889.72.12,NORM,Y,A,72,1,2012-10-10 14:40:42,,BC,1981,2010,,1981,,2010,29,899,,1,96.67,Days with precipitation GE 25 mm,Jours avec précipitations >= 25 mm,12,1.14
-123.18194444444444,49.195,VANCOUVER INT'L A,1108447,889.72.13,NORM,Y,A,72,1,2012-10-10 14:40:42,,BC,1981,2010,,1981,,2010,30,10896,,1,99.72,Days with precipitation GE 25 mm,Jours avec précipitations >= 25 mm,13,6.81
-123.18194444444444,49.195,VANCOUVER INT'L A,1108447,889.73.1,NORM,Y,A,73,1,2012-10-10 14:40:42,,BC,1981,2010,,1981,,2010,30,930,,0,100,Mean Daily Snow Depth cm,Épaisseur de la neige moyenne quotidienne en cm,1,1.04
-123.18194444444444,49.195,VANCOUVER INT'L A,1108447,889.73.2,NORM,Y,A,73,1,2012-10-10 14:40:42,,BC,1981,2010,,1981,,2010,30,847,,0,100,Mean Daily Snow Depth cm,Épaisseur de la neige moyenne quotidienne en cm,2,0.43
-123.18194444444444,49.195,VANCOUVER INT'L A,1108447,889.73.3,NORM,Y,A,73,1,2012-10-10 14:40:42,,BC,1981,2010,,1981,,2010,30,930,,0,100,Mean Daily Snow Depth cm,Épaisseur de la neige moyenne quotidienne en cm,3,0.03
-123.18194444444444,49.195,VANCOUVER INT'L A,1108447,889.73.4,NORM,Y,A,73,1,2012-10-10 14:40:42,,BC,1981,2010,,1981,,2010,30,900,,0,100,Mean Daily Snow Depth cm,Épaisseur de la neige moyenne quotidienne en cm,4,0
-123.18194444444444,49.195,VANCOUVER INT'L A,1108447,889.73.5,NORM,Y,A,73,1,2012-10-10 14:40:42,,BC,1981,2010,,1981,,2010,30,930,,0,100,Mean Daily Snow Depth cm,Épaisseur de la neige moyenne quotidienne en cm,5,0
-123.18194444444444,49.195,VANCOUVER INT'L A,1108447,889.73.6,NORM,Y,A,73,1,2012-10-10 14:40:42,,BC,1981,2010,,1981,,2010,30,900,,0,100,Mean Daily Snow Depth cm,Épaisseur de la neige moyenne quotidienne en cm,6,0
-123.18194444444444,49.195,VANCOUVER INT'L A,1108447,889.73.7,NORM,Y,A,73,1,2012-10-10 14:40:42,,BC,1981,2010,,1981,,2010,30,930,,0,100,Mean Daily Snow Depth cm,Épaisseur de la neige moyenne quotidienne en cm,7,0
-123.18194444444444,49.195,VANCOUVER INT'L A,1108447,889.73.8,NORM,Y,A,73,1,2012-10-10 14:40:42,,BC,1981,2010,,1981,,2010,30,930,,0,100,Mean Daily Snow Depth cm,Épaisseur de la neige moyenne quotidienne en cm,8,0
-123.18194444444444,49.195,VANCOUVER INT'L A,1108447,889.73.9,NORM,Y,A,73,1,2012-10-10 14:40:42,,BC,1981,2010,,1981,,2009,29,870,,0,100,Mean Daily Snow Depth cm,Épaisseur de la neige moyenne quotidienne en cm,9,0
-123.18194444444444,49.195,VANCOUVER INT'L A,1108447,889.73.10,NORM,Y,A,73,1,2012-10-10 14:40:42,,BC,1981,2010,,1981,,2010,30,930,,0,100,Mean Daily Snow Depth cm,Épaisseur de la neige moyenne quotidienne en cm,10,0
-123.18194444444444,49.195,VANCOUVER INT'L A,1108447,889.73.11,NORM,Y,A,73,1,2012-10-10 14:40:42,,BC,1981,2010,,1981,,2010,30,900,,0,100,Mean Daily Snow Depth cm,Épaisseur de la neige moyenne quotidienne en cm,11,0.16
-123.18194444444444,49.195,VANCOUVER INT'L A,1108447,889.73.12,NORM,Y,A,73,1,2012-10-10 14:40:42,,BC,1981,2010,,1981,,2010,29,899,,1,96.67,Mean Daily Snow Depth cm,Épaisseur de la neige moyenne quotidienne en cm,12,0.86
-123.18194444444444,49.195,VANCOUVER INT'L A,1108447,889.73.13,NORM,Y,A,73,1,2012-10-10 14:40:42,,BC,1981,2010,,1981,,2010,30,10896,,1,99.72,Mean Daily Snow Depth cm,Épaisseur de la neige moyenne quotidienne en cm,13,0.21
-123.18194444444444,49.195,VANCOUVER INT'L A,1108447,889.74.1,NORM,Y,A,74,1,2012-10-10 14:40:42,,BC,1981,2010,,1981,,2010,30,930,,0,100,Median Daily Snow Depth cm,Épaisseur de la neige médiane quotidienne en cm,1,0.3
-123.18194444444444,49.195,VANCOUVER INT'L A,1108447,889.74.2,NORM,Y,A,74,1,2012-10-10 14:40:42,,BC,1981,2010,,1981,,2010,30,847,,0,100,Median Daily Snow Depth cm,Épaisseur de la neige médiane quotidienne en cm,2,0
-123.18194444444444,49.195,VANCOUVER INT'L A,1108447,889.74.3,NORM,Y,A,74,1,2012-10-10 14:40:42,,BC,1981,2010,,1981,,2010,30,930,,0,100,Median Daily Snow Depth cm,Épaisseur de la neige médiane quotidienne en cm,3,0
-123.18194444444444,49.195,VANCOUVER INT'L A,1108447,889.74.4,NORM,Y,A,74,1,2012-10-10 14:40:42,,BC,1981,2010,,1981,,2010,30,900,,0,100,Median Daily Snow Depth cm,Épaisseur de la neige médiane quotidienne en cm,4,0
-123.18194444444444,49.195,VANCOUVER INT'L A,1108447,889.74.5,NORM,Y,A,74,1,2012-10-10 14:40:42,,BC,1981,2010,,1981,,2010,30,930,,0,100,Median Daily Snow Depth cm,Épaisseur de la neige médiane quotidienne en cm,5,0
-123.18194444444444,49.195,VANCOUVER INT'L A,1108447,889.74.6,NORM,Y,A,74,1,2012-10-10 14:40:42,,BC,1981,2010,,1981,,2010,30,900,,0,100,Median Daily Snow Depth cm,Épaisseur de la neige médiane quotidienne en cm,6,0
-123.18194444444444,49.195,VANCOUVER INT'L A,1108447,889.74.7,NORM,Y,A,74,1,2012-10-10 14:40:42,,BC,1981,2010,,1981,,2010,30,930,,0,100,Median Daily Snow Depth cm,Épaisseur de la neige médiane quotidienne en cm,7,0
-123.18194444444444,49.195,VANCOUVER INT'L A,1108447,889.74.8,NORM,Y,A,74,1,2012-10-10 14:40:42,,BC,1981,2010,,1981,,2010,30,930,,0,100,Median Daily Snow Depth cm,Épaisseur de la neige médiane quotidienne en cm,8,0
-123.18194444444444,49.195,VANCOUVER INT'L A,1108447,889.74.9,NORM,Y,A,74,1,2012-10-10 14:40:42,,BC,1981,2010,,1981,,2009,29,870,,0,100,Median Daily Snow Depth cm,Épaisseur de la neige médiane quotidienne en cm,9,0
-123.18194444444444,49.195,VANCOUVER INT'L A,1108447,889.74.10,NORM,Y,A,74,1,2012-10-10 14:40:42,,BC,1981,2010,,1981,,2010,30,930,,0,100,Median Daily Snow Depth cm,Épaisseur de la neige médiane quotidienne en cm,10,0
-123.18194444444444,49.195,VANCOUVER INT'L A,1108447,889.74.11,NORM,Y,A,74,1,2012-10-10 14:40:42,,BC,1981,2010,,1981,,2010,30,900,,0,100,Median Daily Snow Depth cm,Épaisseur de la neige médiane quotidienne en cm,11,0
-123.18194444444444,49.195,VANCOUVER INT'L A,1108447,889.74.12,NORM,Y,A,74,1,2012-10-10 14:40:42,,BC,1981,2010,,1981,,2010,29,899,,1,96.67,Median Daily Snow Depth cm,Épaisseur de la neige médiane quotidienne en cm,12,0.17
-123.18194444444444,49.195,VANCOUVER INT'L A,1108447,889.74.13,NORM,Y,A,74,1,2012-10-10 14:40:42,,BC,1981,2010,,1981,,2010,30,10896,,1,99.72,Median Daily Snow Depth cm,Épaisseur de la neige médiane quotidienne en cm,13,0.04
-123.18194444444444,49.195,VANCOUVER INT'L A,1108447,889.76.1,NORM,Y,A,76,1,2012-10-10 14:40:42,,BC,1981,2010,,1981,,2010,30,930,,0,100,Days with snow depth GE 1 cm,Jours avec épaisseur de la neige >= 1 cm,1,3.77
-123.18194444444444,49.195,VANCOUVER INT'L A,1108447,889.76.2,NORM,Y,A,76,1,2012-10-10 14:40:42,,BC,1981,2010,,1981,,2010,30,847,,0,100,Days with snow depth GE 1 cm,Jours avec épaisseur de la neige >= 1 cm,2,1.57
-123.18194444444444,49.195,VANCOUVER INT'L A,1108447,889.76.3,NORM,Y,A,76,1,2012-10-10 14:40:42,,BC,1981,2010,,1981,,2010,30,930,,0,100,Days with snow depth GE 1 cm,Jours avec épaisseur de la neige >= 1 cm,3,0.27
-123.18194444444444,49.195,VANCOUVER INT'L A,1108447,889.76.4,NORM,Y,A,76,1,2012-10-10 14:40:42,,BC,1981,2010,,1981,,2010,30,900,,0,100,Days with snow depth GE 1 cm,Jours avec épaisseur de la neige >= 1 cm,4,0
-123.18194444444444,49.195,VANCOUVER INT'L A,1108447,889.76.5,NORM,Y,A,76,1,2012-10-10 14:40:42,,BC,1981,2010,,1981,,2010,30,930,,0,100,Days with snow depth GE 1 cm,Jours avec épaisseur de la neige >= 1 cm,5,0
-123.18194444444444,49.195,VANCOUVER INT'L A,1108447,889.76.6,NORM,Y,A,76,1,2012-10-10 14:40:42,,BC,1981,2010,,1981,,2010,30,900,,0,100,Days with snow depth GE 1 cm,Jours avec épaisseur de la neige >= 1 cm,6,0
-123.18194444444444,49.195,VANCOUVER INT'L A,1108447,889.76.7,NORM,Y,A,76,1,2012-10-10 14:40:42,,BC,1981,2010,,1981,,2010,30,930,,0,100,Days with snow depth GE 1 cm,Jours avec épaisseur de la neige >= 1 cm,7,0
-123.18194444444444,49.195,VANCOUVER INT'L A,1108447,889.76.8,NORM,Y,A,76,1,2012-10-10 14:40:42,,BC,1981,2010,,1981,,2010,30,930,,0,100,Days with snow depth GE 1 cm,Jours avec épaisseur de la neige >= 1 cm,8,0
-123.18194444444444,49.195,VANCOUVER INT'L A,1108447,889.76.9,NORM,Y,A,76,1,2012-10-10 14:40:42,,BC,1981,2010,,1981,,2009,29,870,,0,100,Days with snow depth GE 1 cm,Jours avec épaisseur de la neige >= 1 cm,9,0
-123.18194444444444,49.195,VANCOUVER INT'L A,1108447,889.76.10,NORM,Y,A,76,1,2012-10-10 14:40:42,,BC,1981,2010,,1981,,2010,30,930,,0,100,Days with snow depth GE 1 cm,Jours avec épaisseur de la neige >= 1 cm,10,0.07
-123.18194444444444,49.195,VANCOUVER INT'L A,1108447,889.76.11,NORM,Y,A,76,1,2012-10-10 14:40:42,,BC,1981,2010,,1981,,2010,30,900,,0,100,Days with snow depth GE 1 cm,Jours avec épaisseur de la neige >= 1 cm,11,0.97
-123.18194444444444,49.195,VANCOUVER INT'L A,1108447,889.76.12,NORM,Y,A,76,1,2012-10-10 14:40:42,,BC,1981,2010,,1981,,2010,29,899,,1,96.67,Days with snow depth GE 1 cm,Jours avec épaisseur de la neige >= 1 cm,12,2.66
-123.18194444444444,49.195,VANCOUVER INT'L A,1108447,889.76.13,NORM,Y,A,76,1,2012-10-10 14:40:42,,BC,1981,2010,,1981,,2010,30,10896,,1,99.72,Days with snow depth GE 1 cm,Jours avec épaisseur de la neige >= 1 cm,13,9.31
-123.18194444444444,49.195,VANCOUVER INT'L A,1108447,889.77.1,NORM,Y,A,77,1,2012-10-10 14:40:42,,BC,1981,2010,,1981,,2010,30,930,,0,100,Days with snow depth GE 5 cm,Jours avec épaisseur de la neige >= 5 cm,1,2.33
-123.18194444444444,49.195,VANCOUVER INT'L A,1108447,889.77.2,NORM,Y,A,77,1,2012-10-10 14:40:42,,BC,1981,2010,,1981,,2010,30,847,,0,100,Days with snow depth GE 5 cm,Jours avec épaisseur de la neige >= 5 cm,2,0.87
-123.18194444444444,49.195,VANCOUVER INT'L A,1108447,889.77.3,NORM,Y,A,77,1,2012-10-10 14:40:42,,BC,1981,2010,,1981,,2010,30,930,,0,100,Days with snow depth GE 5 cm,Jours avec épaisseur de la neige >= 5 cm,3,0.03
-123.18194444444444,49.195,VANCOUVER INT'L A,1108447,889.77.4,NORM,Y,A,77,1,2012-10-10 14:40:42,,BC,1981,2010,,1981,,2010,30,900,,0,100,Days with snow depth GE 5 cm,Jours avec épaisseur de la neige >= 5 cm,4,0
-123.18194444444444,49.195,VANCOUVER INT'L A,1108447,889.77.5,NORM,Y,A,77,1,2012-10-10 14:40:42,,BC,1981,2010,,1981,,2010,30,930,,0,100,Days with snow depth GE 5 cm,Jours avec épaisseur de la neige >= 5 cm,5,0
-123.18194444444444,49.195,VANCOUVER INT'L A,1108447,889.77.6,NORM,Y,A,77,1,2012-10-10 14:40:42,,BC,1981,2010,,1981,,2010,30,900,,0,100,Days with snow depth GE 5 cm,Jours avec épaisseur de la neige >= 5 cm,6,0
-123.18194444444444,49.195,VANCOUVER INT'L A,1108447,889.77.7,NORM,Y,A,77,1,2012-10-10 14:40:42,,BC,1981,2010,,1981,,2010,30,930,,0,100,Days with snow depth GE 5 cm,Jours avec épaisseur de la neige >= 5 cm,7,0
-123.18194444444444,49.195,VANCOUVER INT'L A,1108447,889.77.8,NORM,Y,A,77,1,2012-10-10 14:40:42,,BC,1981,2010,,1981,,2010,30,930,,0,100,Days with snow depth GE 5 cm,Jours avec épaisseur de la neige >= 5 cm,8,0
-123.18194444444444,49.195,VANCOUVER INT'L A,1108447,889.77.9,NORM,Y,A,77,1,2012-10-10 14:40:42,,BC,1981,2010,,1981,,2009,29,870,,0,100,Days with snow depth GE 5 cm,Jours avec épaisseur de la neige >= 5 cm,9,0
-123.18194444444444,49.195,VANCOUVER INT'L A,1108447,889.77.10,NORM,Y,A,77,1,2012-10-10 14:40:42,,BC,1981,2010,,1981,,2010,30,930,,0,100,Days with snow depth GE 5 cm,Jours avec épaisseur de la neige >= 5 cm,10,0
-123.18194444444444,49.195,VANCOUVER INT'L A,1108447,889.77.11,NORM,Y,A,77,1,2012-10-10 14:40:42,,BC,1981,2010,,1981,,2010,30,900,,0,100,Days with snow depth GE 5 cm,Jours avec épaisseur de la neige >= 5 cm,11,0.4
-123.18194444444444,49.195,VANCOUVER INT'L A,1108447,889.77.12,NORM,Y,A,77,1,2012-10-10 14:40:42,,BC,1981,2010,,1981,,2010,29,899,,1,96.67,Days with snow depth GE 5 cm,Jours avec épaisseur de la neige >= 5 cm,12,1.59
-123.18194444444444,49.195,VANCOUVER INT'L A,1108447,889.77.13,NORM,Y,A,77,1,2012-10-10 14:40:42,,BC,1981,2010,,1981,,2010,30,10896,,1,99.72,Days with snow depth GE 5 cm,Jours avec épaisseur de la neige >= 5 cm,13,5.22
-123.18194444444444,49.195,VANCOUVER INT'L A,1108447,889.78.1,NORM,Y,A,78,1,2012-10-10 14:40:42,,BC,1981,2010,,1981,,2010,30,930,,0,100,Days with snow depth GE 10 cm,Jours avec épaisseur de la neige >= 10 cm,1,1.3
-123.18194444444444,49.195,VANCOUVER INT'L A,1108447,889.78.2,NORM,Y,A,78,1,2012-10-10 14:40:42,,BC,1981,2010,,1981,,2010,30,847,,0,100,Days with snow depth GE 10 cm,Jours avec épaisseur de la neige >= 10 cm,2,0.5
-123.18194444444444,49.195,VANCOUVER INT'L A,1108447,889.78.3,NORM,Y,A,78,1,2012-10-10 14:40:42,,BC,1981,2010,,1981,,2010,30,930,,0,100,Days with snow depth GE 10 cm,Jours avec épaisseur de la neige >= 10 cm,3,0.03
-123.18194444444444,49.195,VANCOUVER INT'L A,1108447,889.78.4,NORM,Y,A,78,1,2012-10-10 14:40:42,,BC,1981,2010,,1981,,2010,30,900,,0,100,Days with snow depth GE 10 cm,Jours avec épaisseur de la neige >= 10 cm,4,0
-123.18194444444444,49.195,VANCOUVER INT'L A,1108447,889.78.5,NORM,Y,A,78,1,2012-10-10 14:40:42,,BC,1981,2010,,1981,,2010,30,930,,0,100,Days with snow depth GE 10 cm,Jours avec épaisseur de la neige >= 10 cm,5,0
-123.18194444444444,49.195,VANCOUVER INT'L A,1108447,889.78.6,NORM,Y,A,78,1,2012-10-10 14:40:42,,BC,1981,2010,,1981,,2010,30,900,,0,100,Days with snow depth GE 10 cm,Jours avec épaisseur de la neige >= 10 cm,6,0
-123.18194444444444,49.195,VANCOUVER INT'L A,1108447,889.78.7,NORM,Y,A,78,1,2012-10-10 14:40:42,,BC,1981,2010,,1981,,2010,30,930,,0,100,Days with snow depth GE 10 cm,Jours avec épaisseur de la neige >= 10 cm,7,0
-123.18194444444444,49.195,VANCOUVER INT'L A,1108447,889.78.8,NORM,Y,A,78,1,2012-10-10 14:40:42,,BC,1981,2010,,1981,,2010,30,930,,0,100,Days with snow depth GE 10 cm,Jours avec épaisseur de la neige >= 10 cm,8,0
-123.18194444444444,49.195,VANCOUVER INT'L A,1108447,889.78.9,NORM,Y,A,78,1,2012-10-10 14:40:42,,BC,1981,2010,,1981,,2009,29,870,,0,100,Days with snow depth GE 10 cm,Jours avec épaisseur de la neige >= 10 cm,9,0
-123.18194444444444,49.195,VANCOUVER INT'L A,1108447,889.78.10,NORM,Y,A,78,1,2012-10-10 14:40:42,,BC,1981,2010,,1981,,2010,30,930,,0,100,Days with snow depth GE 10 cm,Jours avec épaisseur de la neige >= 10 cm,10,0
-123.18194444444444,49.195,VANCOUVER INT'L A,1108447,889.78.11,NORM,Y,A,78,1,2012-10-10 14:40:42,,BC,1981,2010,,1981,,2010,30,900,,0,100,Days with snow depth GE 10 cm,Jours avec épaisseur de la neige >= 10 cm,11,0.13
-123.18194444444444,49.195,VANCOUVER INT'L A,1108447,889.78.12,NORM,Y,A,78,1,2012-10-10 14:40:42,,BC,1981,2010,,1981,,2010,29,899,,1,96.67,Days with snow depth GE 10 cm,Jours avec épaisseur de la neige >= 10 cm,12,1.07
-123.18194444444444,49.195,VANCOUVER INT'L A,1108447,889.78.13,NORM,Y,A,78,1,2012-10-10 14:40:42,,BC,1981,2010,,1981,,2010,30,10896,,1,99.72,Days with snow depth GE 10 cm,Jours avec épaisseur de la neige >= 10 cm,13,3.03
-123.18194444444444,49.195,VANCOUVER INT'L A,1108447,889.79.1,NORM,Y,A,79,1,2012-10-10 14:40:42,,BC,1981,2010,,1981,,2010,30,930,,0,100,Days with snow depth GE 20 cm,Jours avec épaisseur de la neige >= 20 cm,1,0.2
-123.18194444444444,49.195,VANCOUVER INT'L A,1108447,889.79.2,NORM,Y,A,79,1,2012-10-10 14:40:42,,BC,1981,2010,,1981,,2010,30,847,,0,100,Days with snow depth GE 20 cm,Jours avec épaisseur de la neige >= 20 cm,2,0.1
-123.18194444444444,49.195,VANCOUVER INT'L A,1108447,889.79.3,NORM,Y,A,79,1,2012-10-10 14:40:42,,BC,1981,2010,,1981,,2010,30,930,,0,100,Days with snow depth GE 20 cm,Jours avec épaisseur de la neige >= 20 cm,3,0
-123.18194444444444,49.195,VANCOUVER INT'L A,1108447,889.79.4,NORM,Y,A,79,1,2012-10-10 14:40:42,,BC,1981,2010,,1981,,2010,30,900,,0,100,Days with snow depth GE 20 cm,Jours avec épaisseur de la neige >= 20 cm,4,0
-123.18194444444444,49.195,VANCOUVER INT'L A,1108447,889.79.5,NORM,Y,A,79,1,2012-10-10 14:40:42,,BC,1981,2010,,1981,,2010,30,930,,0,100,Days with snow depth GE 20 cm,Jours avec épaisseur de la neige >= 20 cm,5,0
-123.18194444444444,49.195,VANCOUVER INT'L A,1108447,889.79.6,NORM,Y,A,79,1,2012-10-10 14:40:42,,BC,1981,2010,,1981,,2010,30,900,,0,100,Days with snow depth GE 20 cm,Jours avec épaisseur de la neige >= 20 cm,6,0
-123.18194444444444,49.195,VANCOUVER INT'L A,1108447,889.79.7,NORM,Y,A,79,1,2012-10-10 14:40:42,,BC,1981,2010,,1981,,2010,30,930,,0,100,Days with snow depth GE 20 cm,Jours avec épaisseur de la neige >= 20 cm,7,0
-123.18194444444444,49.195,VANCOUVER INT'L A,1108447,889.79.8,NORM,Y,A,79,1,2012-10-10 14:40:42,,BC,1981,2010,,1981,,2010,30,930,,0,100,Days with snow depth GE 20 cm,Jours avec épaisseur de la neige >= 20 cm,8,0
-123.18194444444444,49.195,VANCOUVER INT'L A,1108447,889.79.9,NORM,Y,A,79,1,2012-10-10 14:40:42,,BC,1981,2010,,1981,,2009,29,870,,0,100,Days with snow depth GE 20 cm,Jours avec épaisseur de la neige >= 20 cm,9,0
-123.18194444444444,49.195,VANCOUVER INT'L A,1108447,889.79.10,NORM,Y,A,79,1,2012-10-10 14:40:42,,BC,1981,2010,,1981,,2010,30,930,,0,100,Days with snow depth GE 20 cm,Jours avec épaisseur de la neige >= 20 cm,10,0
-123.18194444444444,49.195,VANCOUVER INT'L A,1108447,889.79.11,NORM,Y,A,79,1,2012-10-10 14:40:42,,BC,1981,2010,,1981,,2010,30,900,,0,100,Days with snow depth GE 20 cm,Jours avec épaisseur de la neige >= 20 cm,11,0.03
-123.18194444444444,49.195,VANCOUVER INT'L A,1108447,889.79.12,NORM,Y,A,79,1,2012-10-10 14:40:42,,BC,1981,2010,,1981,,2010,29,899,,1,96.67,Days with snow depth GE 20 cm,Jours avec épaisseur de la neige >= 20 cm,12,0.48
-123.18194444444444,49.195,VANCOUVER INT'L A,1108447,889.79.13,NORM,Y,A,79,1,2012-10-10 14:40:42,,BC,1981,2010,,1981,,2010,30,10896,,1,99.72,Days with snow depth GE 20 cm,Jours avec épaisseur de la neige >= 20 cm,13,0.81
-123.18194444444444,49.195,VANCOUVER INT'L A,1108447,889.8.1,NORM,Y,A,8,1,2012-10-10 14:40:42,,BC,1981,2010,,1981,,2010,30,930,,0,100,Mean daily min temperature deg C,Température minimale moyenne quotidienne en degree C,1,1.36
-123.18194444444444,49.195,VANCOUVER INT'L A,1108447,889.8.2,NORM,Y,A,8,1,2012-10-10 14:40:42,,BC,1981,2010,,1981,,2010,30,847,,0,100,Mean daily min temperature deg C,Température minimale moyenne quotidienne en degree C,2,1.58
-123.18194444444444,49.195,VANCOUVER INT'L A,1108447,889.8.3,NORM,Y,A,8,1,2012-10-10 14:40:42,,BC,1981,2010,,1981,,2010,30,930,,0,100,Mean daily min temperature deg C,Température minimale moyenne quotidienne en degree C,3,3.38
-123.18194444444444,49.195,VANCOUVER INT'L A,1108447,889.8.4,NORM,Y,A,8,1,2012-10-10 14:40:42,,BC,1981,2010,,1981,,2010,30,899,,0,99.89,Mean daily min temperature deg C,Température minimale moyenne quotidienne en degree C,4,5.57
-123.18194444444444,49.195,VANCOUVER INT'L A,1108447,889.8.5,NORM,Y,A,8,1,2012-10-10 14:40:42,,BC,1981,2010,,1981,,2010,30,929,,0,99.89,Mean daily min temperature deg C,Température minimale moyenne quotidienne en degree C,5,8.84
-123.18194444444444,49.195,VANCOUVER INT'L A,1108447,889.8.6,NORM,Y,A,8,1,2012-10-10 14:40:42,,BC,1981,2010,,1981,,2010,30,900,,0,100,Mean daily min temperature deg C,Température minimale moyenne quotidienne en degree C,6,11.67
-123.18194444444444,49.195,VANCOUVER INT'L A,1108447,889.8.7,NORM,Y,A,8,1,2012-10-10 14:40:42,,BC,1981,2010,,1981,,2010,30,930,,0,100,Mean daily min temperature deg C,Température minimale moyenne quotidienne en degree C,7,13.71
-123.18194444444444,49.195,VANCOUVER INT'L A,1108447,889.8.8,NORM,Y,A,8,1,2012-10-10 14:40:42,,BC,1981,2010,,1981,,2010,30,929,,0,99.89,Mean daily min temperature deg C,Température minimale moyenne quotidienne en degree C,8,13.77
-123.18194444444444,49.195,VANCOUVER INT'L A,1108447,889.8.9,NORM,Y,A,8,1,2012-10-10 14:40:42,,BC,1981,2010,,1981,,2009,29,870,,0,100,Mean daily min temperature deg C,Température minimale moyenne quotidienne en degree C,9,10.82
-123.18194444444444,49.195,VANCOUVER INT'L A,1108447,889.8.10,NORM,Y,A,8,1,2012-10-10 14:40:42,,BC,1981,2010,,1981,,2010,30,930,,0,100,Mean daily min temperature deg C,Température minimale moyenne quotidienne en degree C,10,7
-123.18194444444444,49.195,VANCOUVER INT'L A,1108447,889.8.11,NORM,Y,A,8,1,2012-10-10 14:40:42,,BC,1981,2010,,1981,,2010,30,899,,0,99.89,Mean daily min temperature deg C,Température minimale moyenne quotidienne en degree C,11,3.48
-123.18194444444444,49.195,VANCOUVER INT'L A,1108447,889.8.12,NORM,Y,A,8,1,2012-10-10 14:40:42,,BC,1981,2010,,1981,,2010,29,899,,1,96.67,Mean daily min temperature deg C,Température minimale moyenne quotidienne en degree C,12,0.83
-123.18194444444444,49.195,VANCOUVER INT'L A,1108447,889.8.13,NORM,Y,A,8,1,2012-10-10 14:40:42,,BC,1981,2010,,1981,,2010,30,10892,,1,99.69,Mean daily min temperature deg C,Température minimale moyenne quotidienne en degree C,13,6.83
-123.18194444444444,49.195,VANCOUVER INT'L A,1108447,889.80.1,NORM,Y,A,80,1,2012-10-10 14:40:42,,BC,1981,2010,,1981,,2010,30,930,,0,100,Days with snow depth GE 50 cm,Jours avec épaisseur de la neige >=50 cm,1,0
-123.18194444444444,49.195,VANCOUVER INT'L A,1108447,889.80.2,NORM,Y,A,80,1,2012-10-10 14:40:42,,BC,1981,2010,,1981,,2010,30,847,,0,100,Days with snow depth GE 50 cm,Jours avec épaisseur de la neige >=50 cm,2,0
-123.18194444444444,49.195,VANCOUVER INT'L A,1108447,889.80.3,NORM,Y,A,80,1,2012-10-10 14:40:42,,BC,1981,2010,,1981,,2010,30,930,,0,100,Days with snow depth GE 50 cm,Jours avec épaisseur de la neige >=50 cm,3,0
-123.18194444444444,49.195,VANCOUVER INT'L A,1108447,889.80.4,NORM,Y,A,80,1,2012-10-10 14:40:42,,BC,1981,2010,,1981,,2010,30,900,,0,100,Days with snow depth GE 50 cm,Jours avec épaisseur de la neige >=50 cm,4,0
-123.18194444444444,49.195,VANCOUVER INT'L A,1108447,889.80.5,NORM,Y,A,80,1,2012-10-10 14:40:42,,BC,1981,2010,,1981,,2010,30,930,,0,100,Days with snow depth GE 50 cm,Jours avec épaisseur de la neige >=50 cm,5,0
-123.18194444444444,49.195,VANCOUVER INT'L A,1108447,889.80.6,NORM,Y,A,80,1,2012-10-10 14:40:42,,BC,1981,2010,,1981,,2010,30,900,,0,100,Days with snow depth GE 50 cm,Jours avec épaisseur de la neige >=50 cm,6,0
-123.18194444444444,49.195,VANCOUVER INT'L A,1108447,889.80.7,NORM,Y,A,80,1,2012-10-10 14:40:42,,BC,1981,2010,,1981,,2010,30,930,,0,100,Days with snow depth GE 50 cm,Jours avec épaisseur de la neige >=50 cm,7,0
-123.18194444444444,49.195,VANCOUVER INT'L A,1108447,889.80.8,NORM,Y,A,80,1,2012-10-10 14:40:42,,BC,1981,2010,,1981,,2010,30,930,,0,100,Days with snow depth GE 50 cm,Jours avec épaisseur de la neige >=50 cm,8,0
-123.18194444444444,49.195,VANCOUVER INT'L A,1108447,889.80.9,NORM,Y,A,80,1,2012-10-10 14:40:42,,BC,1981,2010,,1981,,2009,29,870,,0,100,Days with snow depth GE 50 cm,Jours avec épaisseur de la neige >=50 cm,9,0
-123.18194444444444,49.195,VANCOUVER INT'L A,1108447,889.80.10,NORM,Y,A,80,1,2012-10-10 14:40:42,,BC,1981,2010,,1981,,2010,30,930,,0,100,Days with snow depth GE 50 cm,Jours avec épaisseur de la neige >=50 cm,10,0
-123.18194444444444,49.195,VANCOUVER INT'L A,1108447,889.80.11,NORM,Y,A,80,1,2012-10-10 14:40:42,,BC,1981,2010,,1981,,2010,30,900,,0,100,Days with snow depth GE 50 cm,Jours avec épaisseur de la neige >=50 cm,11,0
-123.18194444444444,49.195,VANCOUVER INT'L A,1108447,889.80.12,NORM,Y,A,80,1,2012-10-10 14:40:42,,BC,1981,2010,,1981,,2010,29,899,,1,96.67,Days with snow depth GE 50 cm,Jours avec épaisseur de la neige >=50 cm,12,0
-123.18194444444444,49.195,VANCOUVER INT'L A,1108447,889.80.13,NORM,Y,A,80,1,2012-10-10 14:40:42,,BC,1981,2010,,1981,,2010,30,10896,,1,99.72,Days with snow depth GE 50 cm,Jours avec épaisseur de la neige >=50 cm,13,0
-123.18194444444444,49.195,VANCOUVER INT'L A,1108447,889.81.1,NORM,Y,A,81,1,2012-10-10 14:40:42,,BC,1981,2010,,1981,,2010,30,930,,0,100,Days with snow depth GE 100 cm,Jours avec épaisseur de la neige >= 100 cm,1,0
-123.18194444444444,49.195,VANCOUVER INT'L A,1108447,889.81.2,NORM,Y,A,81,1,2012-10-10 14:40:42,,BC,1981,2010,,1981,,2010,30,847,,0,100,Days with snow depth GE 100 cm,Jours avec épaisseur de la neige >= 100 cm,2,0
-123.18194444444444,49.195,VANCOUVER INT'L A,1108447,889.81.3,NORM,Y,A,81,1,2012-10-10 14:40:42,,BC,1981,2010,,1981,,2010,30,930,,0,100,Days with snow depth GE 100 cm,Jours avec épaisseur de la neige >= 100 cm,3,0
-123.18194444444444,49.195,VANCOUVER INT'L A,1108447,889.81.4,NORM,Y,A,81,1,2012-10-10 14:40:42,,BC,1981,2010,,1981,,2010,30,900,,0,100,Days with snow depth GE 100 cm,Jours avec épaisseur de la neige >= 100 cm,4,0
-123.18194444444444,49.195,VANCOUVER INT'L A,1108447,889.81.5,NORM,Y,A,81,1,2012-10-10 14:40:42,,BC,1981,2010,,1981,,2010,30,930,,0,100,Days with snow depth GE 100 cm,Jours avec épaisseur de la neige >= 100 cm,5,0
-123.18194444444444,49.195,VANCOUVER INT'L A,1108447,889.81.6,NORM,Y,A,81,1,2012-10-10 14:40:42,,BC,1981,2010,,1981,,2010,30,900,,0,100,Days with snow depth GE 100 cm,Jours avec épaisseur de la neige >= 100 cm,6,0
-123.18194444444444,49.195,VANCOUVER INT'L A,1108447,889.81.7,NORM,Y,A,81,1,2012-10-10 14:40:42,,BC,1981,2010,,1981,,2010,30,930,,0,100,Days with snow depth GE 100 cm,Jours avec épaisseur de la neige >= 100 cm,7,0
-123.18194444444444,49.195,VANCOUVER INT'L A,1108447,889.81.8,NORM,Y,A,81,1,2012-10-10 14:40:42,,BC,1981,2010,,1981,,2010,30,930,,0,100,Days with snow depth GE 100 cm,Jours avec épaisseur de la neige >= 100 cm,8,0
-123.18194444444444,49.195,VANCOUVER INT'L A,1108447,889.81.9,NORM,Y,A,81,1,2012-10-10 14:40:42,,BC,1981,2010,,1981,,2009,29,870,,0,100,Days with snow depth GE 100 cm,Jours avec épaisseur de la neige >= 100 cm,9,0
-123.18194444444444,49.195,VANCOUVER INT'L A,1108447,889.81.10,NORM,Y,A,81,1,2012-10-10 14:40:42,,BC,1981,2010,,1981,,2010,30,930,,0,100,Days with snow depth GE 100 cm,Jours avec épaisseur de la neige >= 100 cm,10,0
-123.18194444444444,49.195,VANCOUVER INT'L A,1108447,889.81.11,NORM,Y,A,81,1,2012-10-10 14:40:42,,BC,1981,2010,,1981,,2010,30,900,,0,100,Days with snow depth GE 100 cm,Jours avec épaisseur de la neige >= 100 cm,11,0
-123.18194444444444,49.195,VANCOUVER INT'L A,1108447,889.81.12,NORM,Y,A,81,1,2012-10-10 14:40:42,,BC,1981,2010,,1981,,2010,29,899,,1,96.67,Days with snow depth GE 100 cm,Jours avec épaisseur de la neige >= 100 cm,12,0
-123.18194444444444,49.195,VANCOUVER INT'L A,1108447,889.81.13,NORM,Y,A,81,1,2012-10-10 14:40:42,,BC,1981,2010,,1981,,2010,30,10896,,1,99.72,Days with snow depth GE 100 cm,Jours avec épaisseur de la neige >= 100 cm,13,0
-123.18194444444444,49.195,VANCOUVER INT'L A,1108447,889.82.1,NORM,Y,A,82,1,2012-10-10 14:40:42,,BC,1981,2010,,1981,,2010,30,30,,0,100,Mean month end snow depth cm,Épaisseur de la neige moyenne à la fin d'un mois en cm,1,0.23
-123.18194444444444,49.195,VANCOUVER INT'L A,1108447,889.82.2,NORM,Y,A,82,1,2012-10-10 14:40:42,,BC,1981,2010,,1981,,2010,30,30,,0,100,Mean month end snow depth cm,Épaisseur de la neige moyenne à la fin d'un mois en cm,2,0
-123.18194444444444,49.195,VANCOUVER INT'L A,1108447,889.82.3,NORM,Y,A,82,1,2012-10-10 14:40:42,,BC,1981,2010,,1981,,2010,30,30,,0,100,Mean month end snow depth cm,Épaisseur de la neige moyenne à la fin d'un mois en cm,3,0
-123.18194444444444,49.195,VANCOUVER INT'L A,1108447,889.82.4,NORM,Y,A,82,1,2012-10-10 14:40:42,,BC,1981,2010,,1981,,2010,30,30,,0,100,Mean month end snow depth cm,Épaisseur de la neige moyenne à la fin d'un mois en cm,4,0
-123.18194444444444,49.195,VANCOUVER INT'L A,1108447,889.82.5,NORM,Y,A,82,1,2012-10-10 14:40:42,,BC,1981,2010,,1981,,2010,30,30,,0,100,Mean month end snow depth cm,Épaisseur de la neige moyenne à la fin d'un mois en cm,5,0
-123.18194444444444,49.195,VANCOUVER INT'L A,1108447,889.82.6,NORM,Y,A,82,1,2012-10-10 14:40:42,,BC,1981,2010,,1981,,2010,30,30,,0,100,Mean month end snow depth cm,Épaisseur de la neige moyenne à la fin d'un mois en cm,6,0
-123.18194444444444,49.195,VANCOUVER INT'L A,1108447,889.82.7,NORM,Y,A,82,1,2012-10-10 14:40:42,,BC,1981,2010,,1981,,2010,30,30,,0,100,Mean month end snow depth cm,Épaisseur de la neige moyenne à la fin d'un mois en cm,7,0
-123.18194444444444,49.195,VANCOUVER INT'L A,1108447,889.82.8,NORM,Y,A,82,1,2012-10-10 14:40:42,,BC,1981,2010,,1981,,2010,30,30,,0,100,Mean month end snow depth cm,Épaisseur de la neige moyenne à la fin d'un mois en cm,8,0
-123.18194444444444,49.195,VANCOUVER INT'L A,1108447,889.82.9,NORM,Y,A,82,1,2012-10-10 14:40:42,,BC,1981,2010,,1981,,2009,29,29,,0,100,Mean month end snow depth cm,Épaisseur de la neige moyenne à la fin d'un mois en cm,9,0
-123.18194444444444,49.195,VANCOUVER INT'L A,1108447,889.82.10,NORM,Y,A,82,1,2012-10-10 14:40:42,,BC,1981,2010,,1981,,2010,30,30,,0,100,Mean month end snow depth cm,Épaisseur de la neige moyenne à la fin d'un mois en cm,10,0
-123.18194444444444,49.195,VANCOUVER INT'L A,1108447,889.82.11,NORM,Y,A,82,1,2012-10-10 14:40:42,,BC,1981,2010,,1981,,2010,30,30,,0,100,Mean month end snow depth cm,Épaisseur de la neige moyenne à la fin d'un mois en cm,11,0.97
-123.18194444444444,49.195,VANCOUVER INT'L A,1108447,889.82.12,NORM,Y,A,82,1,2012-10-10 14:40:42,,BC,1981,2010,,1981,,2010,30,30,,0,100,Mean month end snow depth cm,Épaisseur de la neige moyenne à la fin d'un mois en cm,12,2.93
-123.18194444444444,49.195,VANCOUVER INT'L A,1108447,889.82.13,NORM,Y,A,82,1,2012-10-10 14:40:42,,BC,1981,2010,,1981,,2010,30,359,,0,100,Mean month end snow depth cm,Épaisseur de la neige moyenne à la fin d'un mois en cm,13,0.34
-123.18194444444444,49.195,VANCOUVER INT'L A,1108447,889.83.1,NORM,Y,A,83,1,2012-10-10 14:40:42,,BC,1981,2010,,1981,,2010,30,930,,0,100,Days with freezing rain or freezing drizzle,Jours avec pluie verglaçante ou bruine verglaçante,1,0.3
-123.18194444444444,49.195,VANCOUVER INT'L A,1108447,889.83.2,NORM,Y,A,83,1,2012-10-10 14:40:42,,BC,1981,2010,,1981,,2010,30,847,,0,100,Days with freezing rain or freezing drizzle,Jours avec pluie verglaçante ou bruine verglaçante,2,0.2
-123.18194444444444,49.195,VANCOUVER INT'L A,1108447,889.83.3,NORM,Y,A,83,1,2012-10-10 14:40:42,,BC,1981,2010,,1981,,2010,30,930,,0,100,Days with freezing rain or freezing drizzle,Jours avec pluie verglaçante ou bruine verglaçante,3,0
-123.18194444444444,49.195,VANCOUVER INT'L A,1108447,889.83.4,NORM,Y,A,83,1,2012-10-10 14:40:42,,BC,1981,2010,,1981,,2010,30,900,,0,100,Days with freezing rain or freezing drizzle,Jours avec pluie verglaçante ou bruine verglaçante,4,0
-123.18194444444444,49.195,VANCOUVER INT'L A,1108447,889.83.5,NORM,Y,A,83,1,2012-10-10 14:40:42,,BC,1981,2010,,1981,,2010,30,930,,0,100,Days with freezing rain or freezing drizzle,Jours avec pluie verglaçante ou bruine verglaçante,5,0
-123.18194444444444,49.195,VANCOUVER INT'L A,1108447,889.83.6,NORM,Y,A,83,1,2012-10-10 14:40:42,,BC,1981,2010,,1981,,2010,30,900,,0,100,Days with freezing rain or freezing drizzle,Jours avec pluie verglaçante ou bruine verglaçante,6,0
-123.18194444444444,49.195,VANCOUVER INT'L A,1108447,889.83.7,NORM,Y,A,83,1,2012-10-10 14:40:42,,BC,1981,2010,,1981,,2010,30,930,,0,100,Days with freezing rain or freezing drizzle,Jours avec pluie verglaçante ou bruine verglaçante,7,0
-123.18194444444444,49.195,VANCOUVER INT'L A,1108447,889.83.8,NORM,Y,A,83,1,2012-10-10 14:40:42,,BC,1981,2010,,1981,,2010,30,930,,0,100,Days with freezing rain or freezing drizzle,Jours avec pluie verglaçante ou bruine verglaçante,8,0
-123.18194444444444,49.195,VANCOUVER INT'L A,1108447,889.83.9,NORM,Y,A,83,1,2012-10-10 14:40:42,,BC,1981,2010,,1981,,2009,29,870,,0,100,Days with freezing rain or freezing drizzle,Jours avec pluie verglaçante ou bruine verglaçante,9,0
-123.18194444444444,49.195,VANCOUVER INT'L A,1108447,889.83.10,NORM,Y,A,83,1,2012-10-10 14:40:42,,BC,1981,2010,,1981,,2010,30,930,,0,100,Days with freezing rain or freezing drizzle,Jours avec pluie verglaçante ou bruine verglaçante,10,0
-123.18194444444444,49.195,VANCOUVER INT'L A,1108447,889.83.11,NORM,Y,A,83,1,2012-10-10 14:40:42,,BC,1981,2010,,1981,,2010,30,900,,0,100,Days with freezing rain or freezing drizzle,Jours avec pluie verglaçante ou bruine verglaçante,11,0.03
-123.18194444444444,49.195,VANCOUVER INT'L A,1108447,889.83.12,NORM,Y,A,83,1,2012-10-10 14:40:42,,BC,1981,2010,,1981,,2010,29,899,,1,96.67,Days with freezing rain or freezing drizzle,Jours avec pluie verglaçante ou bruine verglaçante,12,0.28
-123.18194444444444,49.195,VANCOUVER INT'L A,1108447,889.83.13,NORM,Y,A,83,1,2012-10-10 14:40:42,,BC,1981,2010,,1981,,2010,30,10896,,1,99.72,Days with freezing rain or freezing drizzle,Jours avec pluie verglaçante ou bruine verglaçante,13,0.81
-123.18194444444444,49.195,VANCOUVER INT'L A,1108447,889.84.1,NORM,Y,A,84,1,2012-10-10 14:40:42,,BC,1981,2010,,1981,,2010,30,930,,0,100,Days with thunderstorms,Jours avec orages,1,0.23
-123.18194444444444,49.195,VANCOUVER INT'L A,1108447,889.84.2,NORM,Y,A,84,1,2012-10-10 14:40:42,,BC,1981,2010,,1981,,2010,30,847,,0,100,Days with thunderstorms,Jours avec orages,2,0.33
-123.18194444444444,49.195,VANCOUVER INT'L A,1108447,889.84.3,NORM,Y,A,84,1,2012-10-10 14:40:42,,BC,1981,2010,,1981,,2010,30,930,,0,100,Days with thunderstorms,Jours avec orages,3,0.3
-123.18194444444444,49.195,VANCOUVER INT'L A,1108447,889.84.4,NORM,Y,A,84,1,2012-10-10 14:40:42,,BC,1981,2010,,1981,,2010,30,900,,0,100,Days with thunderstorms,Jours avec orages,4,0.4
-123.18194444444444,49.195,VANCOUVER INT'L A,1108447,889.84.5,NORM,Y,A,84,1,2012-10-10 14:40:42,,BC,1981,2010,,1981,,2010,30,930,,0,100,Days with thunderstorms,Jours avec orages,5,0.57
-123.18194444444444,49.195,VANCOUVER INT'L A,1108447,889.84.6,NORM,Y,A,84,1,2012-10-10 14:40:42,,BC,1981,2010,,1981,,2010,30,900,,0,100,Days with thunderstorms,Jours avec orages,6,0.83
-123.18194444444444,49.195,VANCOUVER INT'L A,1108447,889.84.7,NORM,Y,A,84,1,2012-10-10 14:40:42,,BC,1981,2010,,1981,,2010,30,930,,0,100,Days with thunderstorms,Jours avec orages,7,0.9
-123.18194444444444,49.195,VANCOUVER INT'L A,1108447,889.84.8,NORM,Y,A,84,1,2012-10-10 14:40:42,,BC,1981,2010,,1981,,2010,30,930,,0,100,Days with thunderstorms,Jours avec orages,8,0.93
-123.18194444444444,49.195,VANCOUVER INT'L A,1108447,889.84.9,NORM,Y,A,84,1,2012-10-10 14:40:42,,BC,1981,2010,,1981,,2009,29,870,,0,100,Days with thunderstorms,Jours avec orages,9,0.62
-123.18194444444444,49.195,VANCOUVER INT'L A,1108447,889.84.10,NORM,Y,A,84,1,2012-10-10 14:40:42,,BC,1981,2010,,1981,,2010,30,930,,0,100,Days with thunderstorms,Jours avec orages,10,0.33
-123.18194444444444,49.195,VANCOUVER INT'L A,1108447,889.84.11,NORM,Y,A,84,1,2012-10-10 14:40:42,,BC,1981,2010,,1981,,2010,30,900,,0,100,Days with thunderstorms,Jours avec orages,11,0.27
-123.18194444444444,49.195,VANCOUVER INT'L A,1108447,889.84.12,NORM,Y,A,84,1,2012-10-10 14:40:42,,BC,1981,2010,,1981,,2010,29,899,,1,96.67,Days with thunderstorms,Jours avec orages,12,0.1
-123.18194444444444,49.195,VANCOUVER INT'L A,1108447,889.84.13,NORM,Y,A,84,1,2012-10-10 14:40:42,,BC,1981,2010,,1981,,2010,30,10896,,1,99.72,Days with thunderstorms,Jours avec orages,13,5.81
-123.18194444444444,49.195,VANCOUVER INT'L A,1108447,889.85.1,NORM,Y,A,85,1,2012-10-10 14:40:42,,BC,1981,2010,,1981,,2010,30,930,,0,100,Days with hail,Jours avec grêle,1,0.03
-123.18194444444444,49.195,VANCOUVER INT'L A,1108447,889.85.2,NORM,Y,A,85,1,2012-10-10 14:40:42,,BC,1981,2010,,1981,,2010,30,847,,0,100,Days with hail,Jours avec grêle,2,0.03
-123.18194444444444,49.195,VANCOUVER INT'L A,1108447,889.85.3,NORM,Y,A,85,1,2012-10-10 14:40:42,,BC,1981,2010,,1981,,2010,30,930,,0,100,Days with hail,Jours avec grêle,3,0.17
-123.18194444444444,49.195,VANCOUVER INT'L A,1108447,889.85.4,NORM,Y,A,85,1,2012-10-10 14:40:42,,BC,1981,2010,,1981,,2010,30,900,,0,100,Days with hail,Jours avec grêle,4,0.2
-123.18194444444444,49.195,VANCOUVER INT'L A,1108447,889.85.5,NORM,Y,A,85,1,2012-10-10 14:40:42,,BC,1981,2010,,1981,,2010,30,930,,0,100,Days with hail,Jours avec grêle,5,0.17
-123.18194444444444,49.195,VANCOUVER INT'L A,1108447,889.85.6,NORM,Y,A,85,1,2012-10-10 14:40:42,,BC,1981,2010,,1981,,2010,30,900,,0,100,Days with hail,Jours avec grêle,6,0.07
-123.18194444444444,49.195,VANCOUVER INT'L A,1108447,889.85.7,NORM,Y,A,85,1,2012-10-10 14:40:42,,BC,1981,2010,,1981,,2010,30,930,,0,100,Days with hail,Jours avec grêle,7,0
-123.18194444444444,49.195,VANCOUVER INT'L A,1108447,889.85.8,NORM,Y,A,85,1,2012-10-10 14:40:42,,BC,1981,2010,,1981,,2010,30,930,,0,100,Days with hail,Jours avec grêle,8,0.03
-123.18194444444444,49.195,VANCOUVER INT'L A,1108447,889.85.9,NORM,Y,A,85,1,2012-10-10 14:40:42,,BC,1981,2010,,1981,,2009,29,870,,0,100,Days with hail,Jours avec grêle,9,0
-123.18194444444444,49.195,VANCOUVER INT'L A,1108447,889.85.10,NORM,Y,A,85,1,2012-10-10 14:40:42,,BC,1981,2010,,1981,,2010,30,930,,0,100,Days with hail,Jours avec grêle,10,0
-123.18194444444444,49.195,VANCOUVER INT'L A,1108447,889.85.11,NORM,Y,A,85,1,2012-10-10 14:40:42,,BC,1981,2010,,1981,,2010,30,900,,0,100,Days with hail,Jours avec grêle,11,0.1
-123.18194444444444,49.195,VANCOUVER INT'L A,1108447,889.85.12,NORM,Y,A,85,1,2012-10-10 14:40:42,,BC,1981,2010,,1981,,2010,29,899,,1,96.67,Days with hail,Jours avec grêle,12,0
-123.18194444444444,49.195,VANCOUVER INT'L A,1108447,889.85.13,NORM,Y,A,85,1,2012-10-10 14:40:42,,BC,1981,2010,,1981,,2010,30,10896,,1,99.72,Days with hail,Jours avec grêle,13,0.8
-123.18194444444444,49.195,VANCOUVER INT'L A,1108447,889.86.1,NORM,Y,A,86,1,2012-10-10 14:40:42,,BC,1981,2010,,1981,,2010,30,930,,0,100,"Days with fog, ice fog, or freezing fog","Jours avec brouillard, brouillard glacé ou brouillard verglaçant",1,4
-123.18194444444444,49.195,VANCOUVER INT'L A,1108447,889.86.2,NORM,Y,A,86,1,2012-10-10 14:40:42,,BC,1981,2010,,1981,,2010,30,847,,0,100,"Days with fog, ice fog, or freezing fog","Jours avec brouillard, brouillard glacé ou brouillard verglaçant",2,2.17
-123.18194444444444,49.195,VANCOUVER INT'L A,1108447,889.86.3,NORM,Y,A,86,1,2012-10-10 14:40:42,,BC,1981,2010,,1981,,2010,30,930,,0,100,"Days with fog, ice fog, or freezing fog","Jours avec brouillard, brouillard glacé ou brouillard verglaçant",3,0.93
-123.18194444444444,49.195,VANCOUVER INT'L A,1108447,889.86.4,NORM,Y,A,86,1,2012-10-10 14:40:42,,BC,1981,2010,,1981,,2010,30,900,,0,100,"Days with fog, ice fog, or freezing fog","Jours avec brouillard, brouillard glacé ou brouillard verglaçant",4,0.13
-123.18194444444444,49.195,VANCOUVER INT'L A,1108447,889.86.5,NORM,Y,A,86,1,2012-10-10 14:40:42,,BC,1981,2010,,1981,,2010,30,930,,0,100,"Days with fog, ice fog, or freezing fog","Jours avec brouillard, brouillard glacé ou brouillard verglaçant",5,0.1
-123.18194444444444,49.195,VANCOUVER INT'L A,1108447,889.86.6,NORM,Y,A,86,1,2012-10-10 14:40:42,,BC,1981,2010,,1981,,2010,30,900,,0,100,"Days with fog, ice fog, or freezing fog","Jours avec brouillard, brouillard glacé ou brouillard verglaçant",6,0.03
-123.18194444444444,49.195,VANCOUVER INT'L A,1108447,889.86.7,NORM,Y,A,86,1,2012-10-10 14:40:42,,BC,1981,2010,,1981,,2010,30,930,,0,100,"Days with fog, ice fog, or freezing fog","Jours avec brouillard, brouillard glacé ou brouillard verglaçant",7,0.03
-123.18194444444444,49.195,VANCOUVER INT'L A,1108447,889.86.8,NORM,Y,A,86,1,2012-10-10 14:40:42,,BC,1981,2010,,1981,,2010,30,930,,0,100,"Days with fog, ice fog, or freezing fog","Jours avec brouillard, brouillard glacé ou brouillard verglaçant",8,0.03
-123.18194444444444,49.195,VANCOUVER INT'L A,1108447,889.86.9,NORM,Y,A,86,1,2012-10-10 14:40:42,,BC,1981,2010,,1981,,2009,29,870,,0,100,"Days with fog, ice fog, or freezing fog","Jours avec brouillard, brouillard glacé ou brouillard verglaçant",9,1.38
-123.18194444444444,49.195,VANCOUVER INT'L A,1108447,889.86.10,NORM,Y,A,86,1,2012-10-10 14:40:42,,BC,1981,2010,,1981,,2010,30,930,,0,100,"Days with fog, ice fog, or freezing fog","Jours avec brouillard, brouillard glacé ou brouillard verglaçant",10,3.4
-123.18194444444444,49.195,VANCOUVER INT'L A,1108447,889.86.11,NORM,Y,A,86,1,2012-10-10 14:40:42,,BC,1981,2010,,1981,,2010,30,900,,0,100,"Days with fog, ice fog, or freezing fog","Jours avec brouillard, brouillard glacé ou brouillard verglaçant",11,2.23
-123.18194444444444,49.195,VANCOUVER INT'L A,1108447,889.86.12,NORM,Y,A,86,1,2012-10-10 14:40:42,,BC,1981,2010,,1981,,2010,29,899,,1,96.67,"Days with fog, ice fog, or freezing fog","Jours avec brouillard, brouillard glacé ou brouillard verglaçant",12,3.17
-123.18194444444444,49.195,VANCOUVER INT'L A,1108447,889.86.13,NORM,Y,A,86,1,2012-10-10 14:40:42,,BC,1981,2010,,1981,,2010,30,10896,,1,99.72,"Days with fog, ice fog, or freezing fog","Jours avec brouillard, brouillard glacé ou brouillard verglaçant",13,17.6
-123.18194444444444,49.195,VANCOUVER INT'L A,1108447,889.87.1,NORM,Y,A,87,1,2012-10-10 14:40:42,,BC,1981,2010,,1981,,2010,30,930,,0,100,Days with smoke or haze,Jours avec fumée ou brume sèche,1,0.57
-123.18194444444444,49.195,VANCOUVER INT'L A,1108447,889.87.2,NORM,Y,A,87,1,2012-10-10 14:40:42,,BC,1981,2010,,1981,,2010,30,847,,0,100,Days with smoke or haze,Jours avec fumée ou brume sèche,2,0.7
-123.18194444444444,49.195,VANCOUVER INT'L A,1108447,889.87.3,NORM,Y,A,87,1,2012-10-10 14:40:42,,BC,1981,2010,,1981,,2010,30,930,,0,100,Days with smoke or haze,Jours avec fumée ou brume sèche,3,0.5
-123.18194444444444,49.195,VANCOUVER INT'L A,1108447,889.87.4,NORM,Y,A,87,1,2012-10-10 14:40:42,,BC,1981,2010,,1981,,2010,30,900,,0,100,Days with smoke or haze,Jours avec fumée ou brume sèche,4,0.07
-123.18194444444444,49.195,VANCOUVER INT'L A,1108447,889.87.5,NORM,Y,A,87,1,2012-10-10 14:40:42,,BC,1981,2010,,1981,,2010,30,930,,0,100,Days with smoke or haze,Jours avec fumée ou brume sèche,5,0.13
-123.18194444444444,49.195,VANCOUVER INT'L A,1108447,889.87.6,NORM,Y,A,87,1,2012-10-10 14:40:42,,BC,1981,2010,,1981,,2010,30,900,,0,100,Days with smoke or haze,Jours avec fumée ou brume sèche,6,0.13
-123.18194444444444,49.195,VANCOUVER INT'L A,1108447,889.87.7,NORM,Y,A,87,1,2012-10-10 14:40:42,,BC,1981,2010,,1981,,2010,30,930,,0,100,Days with smoke or haze,Jours avec fumée ou brume sèche,7,0.13
-123.18194444444444,49.195,VANCOUVER INT'L A,1108447,889.87.8,NORM,Y,A,87,1,2012-10-10 14:40:42,,BC,1981,2010,,1981,,2010,30,930,,0,100,Days with smoke or haze,Jours avec fumée ou brume sèche,8,0.43
-123.18194444444444,49.195,VANCOUVER INT'L A,1108447,889.87.9,NORM,Y,A,87,1,2012-10-10 14:40:42,,BC,1981,2010,,1981,,2009,29,870,,0,100,Days with smoke or haze,Jours avec fumée ou brume sèche,9,1
-123.18194444444444,49.195,VANCOUVER INT'L A,1108447,889.87.10,NORM,Y,A,87,1,2012-10-10 14:40:42,,BC,1981,2010,,1981,,2010,30,930,,0,100,Days with smoke or haze,Jours avec fumée ou brume sèche,10,1.4
-123.18194444444444,49.195,VANCOUVER INT'L A,1108447,889.87.11,NORM,Y,A,87,1,2012-10-10 14:40:42,,BC,1981,2010,,1981,,2010,30,900,,0,100,Days with smoke or haze,Jours avec fumée ou brume sèche,11,0.23
-123.18194444444444,49.195,VANCOUVER INT'L A,1108447,889.87.12,NORM,Y,A,87,1,2012-10-10 14:40:42,,BC,1981,2010,,1981,,2010,29,899,,1,96.67,Days with smoke or haze,Jours avec fumée ou brume sèche,12,0.52
-123.18194444444444,49.195,VANCOUVER INT'L A,1108447,889.87.13,NORM,Y,A,87,1,2012-10-10 14:40:42,,BC,1981,2010,,1981,,2010,30,10896,,1,99.72,Days with smoke or haze,Jours avec fumée ou brume sèche,13,5.81
-123.18194444444444,49.195,VANCOUVER INT'L A,1108447,889.88.1,NORM,Y,A,88,1,2012-10-10 14:40:42,,BC,1981,2010,,1981,,2010,30,930,,0,100,Days with blowing dust,Jours avec chasse-poussière élevée,1,0
-123.18194444444444,49.195,VANCOUVER INT'L A,1108447,889.88.2,NORM,Y,A,88,1,2012-10-10 14:40:42,,BC,1981,2010,,1981,,2010,30,847,,0,100,Days with blowing dust,Jours avec chasse-poussière élevée,2,0
-123.18194444444444,49.195,VANCOUVER INT'L A,1108447,889.88.3,NORM,Y,A,88,1,2012-10-10 14:40:42,,BC,1981,2010,,1981,,2010,30,930,,0,100,Days with blowing dust,Jours avec chasse-poussière élevée,3,0
-123.18194444444444,49.195,VANCOUVER INT'L A,1108447,889.88.4,NORM,Y,A,88,1,2012-10-10 14:40:42,,BC,1981,2010,,1981,,2010,30,900,,0,100,Days with blowing dust,Jours avec chasse-poussière élevée,4,0
-123.18194444444444,49.195,VANCOUVER INT'L A,1108447,889.88.5,NORM,Y,A,88,1,2012-10-10 14:40:42,,BC,1981,2010,,1981,,2010,30,930,,0,100,Days with blowing dust,Jours avec chasse-poussière élevée,5,0
-123.18194444444444,49.195,VANCOUVER INT'L A,1108447,889.88.6,NORM,Y,A,88,1,2012-10-10 14:40:42,,BC,1981,2010,,1981,,2010,30,900,,0,100,Days with blowing dust,Jours avec chasse-poussière élevée,6,0
-123.18194444444444,49.195,VANCOUVER INT'L A,1108447,889.88.7,NORM,Y,A,88,1,2012-10-10 14:40:42,,BC,1981,2010,,1981,,2010,30,930,,0,100,Days with blowing dust,Jours avec chasse-poussière élevée,7,0
-123.18194444444444,49.195,VANCOUVER INT'L A,1108447,889.88.8,NORM,Y,A,88,1,2012-10-10 14:40:42,,BC,1981,2010,,1981,,2010,30,930,,0,100,Days with blowing dust,Jours avec chasse-poussière élevée,8,0
-123.18194444444444,49.195,VANCOUVER INT'L A,1108447,889.88.9,NORM,Y,A,88,1,2012-10-10 14:40:42,,BC,1981,2010,,1981,,2009,29,870,,0,100,Days with blowing dust,Jours avec chasse-poussière élevée,9,0
-123.18194444444444,49.195,VANCOUVER INT'L A,1108447,889.88.10,NORM,Y,A,88,1,2012-10-10 14:40:42,,BC,1981,2010,,1981,,2010,30,930,,0,100,Days with blowing dust,Jours avec chasse-poussière élevée,10,0
-123.18194444444444,49.195,VANCOUVER INT'L A,1108447,889.88.11,NORM,Y,A,88,1,2012-10-10 14:40:42,,BC,1981,2010,,1981,,2010,30,900,,0,100,Days with blowing dust,Jours avec chasse-poussière élevée,11,0
-123.18194444444444,49.195,VANCOUVER INT'L A,1108447,889.88.12,NORM,Y,A,88,1,2012-10-10 14:40:42,,BC,1981,2010,,1981,,2010,29,899,,1,96.67,Days with blowing dust,Jours avec chasse-poussière élevée,12,0
-123.18194444444444,49.195,VANCOUVER INT'L A,1108447,889.88.13,NORM,Y,A,88,1,2012-10-10 14:40:42,,BC,1981,2010,,1981,,2010,30,10896,,1,99.72,Days with blowing dust,Jours avec chasse-poussière élevée,13,0
-123.18194444444444,49.195,VANCOUVER INT'L A,1108447,889.89.1,NORM,Y,A,89,1,2012-10-10 14:40:42,,BC,1981,2010,,1981,,2010,30,930,,0,100,Days with blowing snow,Jours avec poudrerie élevée,1,0
-123.18194444444444,49.195,VANCOUVER INT'L A,1108447,889.89.2,NORM,Y,A,89,1,2012-10-10 14:40:42,,BC,1981,2010,,1981,,2010,30,847,,0,100,Days with blowing snow,Jours avec poudrerie élevée,2,0
-123.18194444444444,49.195,VANCOUVER INT'L A,1108447,889.89.3,NORM,Y,A,89,1,2012-10-10 14:40:42,,BC,1981,2010,,1981,,2010,30,930,,0,100,Days with blowing snow,Jours avec poudrerie élevée,3,0
-123.18194444444444,49.195,VANCOUVER INT'L A,1108447,889.89.4,NORM,Y,A,89,1,2012-10-10 14:40:42,,BC,1981,2010,,1981,,2010,30,900,,0,100,Days with blowing snow,Jours avec poudrerie élevée,4,0
-123.18194444444444,49.195,VANCOUVER INT'L A,1108447,889.89.5,NORM,Y,A,89,1,2012-10-10 14:40:42,,BC,1981,2010,,1981,,2010,30,930,,0,100,Days with blowing snow,Jours avec poudrerie élevée,5,0
-123.18194444444444,49.195,VANCOUVER INT'L A,1108447,889.89.6,NORM,Y,A,89,1,2012-10-10 14:40:42,,BC,1981,2010,,1981,,2010,30,900,,0,100,Days with blowing snow,Jours avec poudrerie élevée,6,0
-123.18194444444444,49.195,VANCOUVER INT'L A,1108447,889.89.7,NORM,Y,A,89,1,2012-10-10 14:40:42,,BC,1981,2010,,1981,,2010,30,930,,0,100,Days with blowing snow,Jours avec poudrerie élevée,7,0
-123.18194444444444,49.195,VANCOUVER INT'L A,1108447,889.89.8,NORM,Y,A,89,1,2012-10-10 14:40:42,,BC,1981,2010,,1981,,2010,30,930,,0,100,Days with blowing snow,Jours avec poudrerie élevée,8,0
-123.18194444444444,49.195,VANCOUVER INT'L A,1108447,889.89.9,NORM,Y,A,89,1,2012-10-10 14:40:42,,BC,1981,2010,,1981,,2009,29,870,,0,100,Days with blowing snow,Jours avec poudrerie élevée,9,0
-123.18194444444444,49.195,VANCOUVER INT'L A,1108447,889.89.10,NORM,Y,A,89,1,2012-10-10 14:40:42,,BC,1981,2010,,1981,,2010,30,930,,0,100,Days with blowing snow,Jours avec poudrerie élevée,10,0
-123.18194444444444,49.195,VANCOUVER INT'L A,1108447,889.89.11,NORM,Y,A,89,1,2012-10-10 14:40:42,,BC,1981,2010,,1981,,2010,30,900,,0,100,Days with blowing snow,Jours avec poudrerie élevée,11,0
-123.18194444444444,49.195,VANCOUVER INT'L A,1108447,889.89.12,NORM,Y,A,89,1,2012-10-10 14:40:42,,BC,1981,2010,,1981,,2010,29,899,,1,96.67,Days with blowing snow,Jours avec poudrerie élevée,12,0
-123.18194444444444,49.195,VANCOUVER INT'L A,1108447,889.89.13,NORM,Y,A,89,1,2012-10-10 14:40:42,,BC,1981,2010,,1981,,2010,30,10896,,1,99.72,Days with blowing snow,Jours avec poudrerie élevée,13,0
-123.18194444444444,49.195,VANCOUVER INT'L A,1108447,889.90.1,NORM,Y,A,90,1,2012-10-10 14:40:42,,BC,1981,2010,,1981,,2010,30,22317,,0,99.99,Mean of hourly wind speed kmh,Moyenne de la vitesse horaire du vent en km/h,1,11.92
-123.18194444444444,49.195,VANCOUVER INT'L A,1108447,889.90.2,NORM,Y,A,90,1,2012-10-10 14:40:42,,BC,1981,2010,,1981,,2010,30,20322,,0,99.97,Mean of hourly wind speed kmh,Moyenne de la vitesse horaire du vent en km/h,2,11.74
-123.18194444444444,49.195,VANCOUVER INT'L A,1108447,889.90.3,NORM,Y,A,90,1,2012-10-10 14:40:42,,BC,1981,2010,,1981,,2010,30,22307,,0,99.94,Mean of hourly wind speed kmh,Moyenne de la vitesse horaire du vent en km/h,3,13.2
-123.18194444444444,49.195,VANCOUVER INT'L A,1108447,889.90.4,NORM,Y,A,90,1,2012-10-10 14:40:42,,BC,1981,2010,,1981,,2010,30,21596,,0,99.98,Mean of hourly wind speed kmh,Moyenne de la vitesse horaire du vent en km/h,4,13.04
-123.18194444444444,49.195,VANCOUVER INT'L A,1108447,889.90.5,NORM,Y,A,90,1,2012-10-10 14:40:42,,BC,1981,2010,,1981,,2010,30,22311,,0,99.96,Mean of hourly wind speed kmh,Moyenne de la vitesse horaire du vent en km/h,5,12.51
-123.18194444444444,49.195,VANCOUVER INT'L A,1108447,889.90.6,NORM,Y,A,90,1,2012-10-10 14:40:42,,BC,1981,2010,,1981,,2010,30,21595,,0,99.98,Mean of hourly wind speed kmh,Moyenne de la vitesse horaire du vent en km/h,6,12.39
-123.18194444444444,49.195,VANCOUVER INT'L A,1108447,889.90.7,NORM,Y,A,90,1,2012-10-10 14:40:42,,BC,1981,2010,,1981,,2010,30,22308,,0,99.95,Mean of hourly wind speed kmh,Moyenne de la vitesse horaire du vent en km/h,7,12.25
-123.18194444444444,49.195,VANCOUVER INT'L A,1108447,889.90.8,NORM,Y,A,90,1,2012-10-10 14:40:42,,BC,1981,2010,,1981,,2010,30,22301,,0,99.91,Mean of hourly wind speed kmh,Moyenne de la vitesse horaire du vent en km/h,8,11.63
-123.18194444444444,49.195,VANCOUVER INT'L A,1108447,889.90.9,NORM,Y,A,90,1,2012-10-10 14:40:42,,BC,1981,2010,,1981,,2010,30,21585,,0,99.93,Mean of hourly wind speed kmh,Moyenne de la vitesse horaire du vent en km/h,9,11.24
-123.18194444444444,49.195,VANCOUVER INT'L A,1108447,889.90.10,NORM,Y,A,90,1,2012-10-10 14:40:42,,BC,1981,2010,,1981,,2010,30,22311,,0,99.96,Mean of hourly wind speed kmh,Moyenne de la vitesse horaire du vent en km/h,10,11.72
-123.18194444444444,49.195,VANCOUVER INT'L A,1108447,889.90.11,NORM,Y,A,90,1,2012-10-10 14:40:42,,BC,1981,2010,,1981,,2010,30,21596,,0,99.98,Mean of hourly wind speed kmh,Moyenne de la vitesse horaire du vent en km/h,11,12.85
-123.18194444444444,49.195,VANCOUVER INT'L A,1108447,889.90.12,NORM,Y,A,90,1,2012-10-10 14:40:42,,BC,1981,2010,,1981,,2010,30,22310,,0,99.96,Mean of hourly wind speed kmh,Moyenne de la vitesse horaire du vent en km/h,12,12.22
-123.18194444444444,49.195,VANCOUVER INT'L A,1108447,889.90.13,NORM,Y,A,90,1,2012-10-10 14:40:42,,BC,1981,2010,,1981,,2010,30,262859,,0,99.96,Mean of hourly wind speed kmh,Moyenne de la vitesse horaire du vent en km/h,13,12.23
-123.18194444444444,49.195,VANCOUVER INT'L A,1108447,889.91.1,NORM,Y,A,91,1,2012-10-10 14:40:42,,BC,1981,2010,,1981,,2010,30,22317,,0,99.99,Most frequently occurring wind direction deg true,Direction du vent la plus fréquente en degrés vrais,1,90
-123.18194444444444,49.195,VANCOUVER INT'L A,1108447,889.91.2,NORM,Y,A,91,1,2012-10-10 14:40:42,,BC,1981,2010,,1981,,2010,30,20321,,0,99.97,Most frequently occurring wind direction deg true,Direction du vent la plus fréquente en degrés vrais,2,90
-123.18194444444444,49.195,VANCOUVER INT'L A,1108447,889.91.3,NORM,Y,A,91,1,2012-10-10 14:40:42,,BC,1981,2010,,1981,,2010,30,22307,,0,99.94,Most frequently occurring wind direction deg true,Direction du vent la plus fréquente en degrés vrais,3,90
-123.18194444444444,49.195,VANCOUVER INT'L A,1108447,889.91.4,NORM,Y,A,91,1,2012-10-10 14:40:42,,BC,1981,2010,,1981,,2010,30,21595,,0,99.98,Most frequently occurring wind direction deg true,Direction du vent la plus fréquente en degrés vrais,4,90
-123.18194444444444,49.195,VANCOUVER INT'L A,1108447,889.91.5,NORM,Y,A,91,1,2012-10-10 14:40:42,,BC,1981,2010,,1981,,2010,30,22311,,0,99.96,Most frequently occurring wind direction deg true,Direction du vent la plus fréquente en degrés vrais,5,90
-123.18194444444444,49.195,VANCOUVER INT'L A,1108447,889.91.6,NORM,Y,A,91,1,2012-10-10 14:40:42,,BC,1981,2010,,1981,,2010,30,21595,,0,99.98,Most frequently occurring wind direction deg true,Direction du vent la plus fréquente en degrés vrais,6,90
-123.18194444444444,49.195,VANCOUVER INT'L A,1108447,889.91.7,NORM,Y,A,91,1,2012-10-10 14:40:42,,BC,1981,2010,,1981,,2010,30,22308,,0,99.95,Most frequently occurring wind direction deg true,Direction du vent la plus fréquente en degrés vrais,7,90
-123.18194444444444,49.195,VANCOUVER INT'L A,1108447,889.91.8,NORM,Y,A,91,1,2012-10-10 14:40:42,,BC,1981,2010,,1981,,2010,30,22301,,0,99.91,Most frequently occurring wind direction deg true,Direction du vent la plus fréquente en degrés vrais,8,90
-123.18194444444444,49.195,VANCOUVER INT'L A,1108447,889.91.9,NORM,Y,A,91,1,2012-10-10 14:40:42,,BC,1981,2010,,1981,,2010,30,21585,,0,99.93,Most frequently occurring wind direction deg true,Direction du vent la plus fréquente en degrés vrais,9,90
-123.18194444444444,49.195,VANCOUVER INT'L A,1108447,889.91.10,NORM,Y,A,91,1,2012-10-10 14:40:42,,BC,1981,2010,,1981,,2010,30,22311,,0,99.96,Most frequently occurring wind direction deg true,Direction du vent la plus fréquente en degrés vrais,10,90
-123.18194444444444,49.195,VANCOUVER INT'L A,1108447,889.91.11,NORM,Y,A,91,1,2012-10-10 14:40:42,,BC,1981,2010,,1981,,2010,30,21595,,0,99.98,Most frequently occurring wind direction deg true,Direction du vent la plus fréquente en degrés vrais,11,90
-123.18194444444444,49.195,VANCOUVER INT'L A,1108447,889.91.12,NORM,Y,A,91,1,2012-10-10 14:40:42,,BC,1981,2010,,1981,,2010,30,22310,,0,99.96,Most frequently occurring wind direction deg true,Direction du vent la plus fréquente en degrés vrais,12,90
-123.18194444444444,49.195,VANCOUVER INT'L A,1108447,889.91.13,NORM,Y,A,91,1,2012-10-10 14:40:42,,BC,1981,2010,,1981,,2010,30,262856,,0,99.96,Most frequently occurring wind direction deg true,Direction du vent la plus fréquente en degrés vrais,13,90
-123.18194444444444,49.195,VANCOUVER INT'L A,1108447,889.96.1,NORM,Y,A,96,1,2012-10-10 14:40:42,,BC,1981,2010,,1981,,2010,30,22317,,0,99.99,Days with at least one hourly wind speed LE 5 kmh,Jours avec au moins une vitesse horaire du vent <= 5 km/h,1,21.43
-123.18194444444444,49.195,VANCOUVER INT'L A,1108447,889.96.2,NORM,Y,A,96,1,2012-10-10 14:40:42,,BC,1981,2010,,1981,,2010,30,20322,,0,99.97,Days with at least one hourly wind speed LE 5 kmh,Jours avec au moins une vitesse horaire du vent <= 5 km/h,2,21.53
-123.18194444444444,49.195,VANCOUVER INT'L A,1108447,889.96.3,NORM,Y,A,96,1,2012-10-10 14:40:42,,BC,1981,2010,,1981,,2010,30,22307,,0,99.94,Days with at least one hourly wind speed LE 5 kmh,Jours avec au moins une vitesse horaire du vent <= 5 km/h,3,22.47
-123.18194444444444,49.195,VANCOUVER INT'L A,1108447,889.96.4,NORM,Y,A,96,1,2012-10-10 14:40:42,,BC,1981,2010,,1981,,2010,30,21596,,0,99.98,Days with at least one hourly wind speed LE 5 kmh,Jours avec au moins une vitesse horaire du vent <= 5 km/h,4,22.6
-123.18194444444444,49.195,VANCOUVER INT'L A,1108447,889.96.5,NORM,Y,A,96,1,2012-10-10 14:40:42,,BC,1981,2010,,1981,,2010,30,22311,,0,99.96,Days with at least one hourly wind speed LE 5 kmh,Jours avec au moins une vitesse horaire du vent <= 5 km/h,5,23.63
-123.18194444444444,49.195,VANCOUVER INT'L A,1108447,889.96.6,NORM,Y,A,96,1,2012-10-10 14:40:42,,BC,1981,2010,,1981,,2010,30,21595,,0,99.98,Days with at least one hourly wind speed LE 5 kmh,Jours avec au moins une vitesse horaire du vent <= 5 km/h,6,21.43
-123.18194444444444,49.195,VANCOUVER INT'L A,1108447,889.96.7,NORM,Y,A,96,1,2012-10-10 14:40:42,,BC,1981,2010,,1981,,2010,30,22308,,0,99.95,Days with at least one hourly wind speed LE 5 kmh,Jours avec au moins une vitesse horaire du vent <= 5 km/h,7,22.47
-123.18194444444444,49.195,VANCOUVER INT'L A,1108447,889.96.8,NORM,Y,A,96,1,2012-10-10 14:40:42,,BC,1981,2010,,1981,,2010,30,22301,,0,99.91,Days with at least one hourly wind speed LE 5 kmh,Jours avec au moins une vitesse horaire du vent <= 5 km/h,8,24.1
-123.18194444444444,49.195,VANCOUVER INT'L A,1108447,889.96.9,NORM,Y,A,96,1,2012-10-10 14:40:42,,BC,1981,2010,,1981,,2010,30,21585,,0,99.93,Days with at least one hourly wind speed LE 5 kmh,Jours avec au moins une vitesse horaire du vent <= 5 km/h,9,24.53
-123.18194444444444,49.195,VANCOUVER INT'L A,1108447,889.96.10,NORM,Y,A,96,1,2012-10-10 14:40:42,,BC,1981,2010,,1981,,2010,30,22311,,0,99.96,Days with at least one hourly wind speed LE 5 kmh,Jours avec au moins une vitesse horaire du vent <= 5 km/h,10,23.87
-123.18194444444444,49.195,VANCOUVER INT'L A,1108447,889.96.11,NORM,Y,A,96,1,2012-10-10 14:40:42,,BC,1981,2010,,1981,,2010,30,21596,,0,99.98,Days with at least one hourly wind speed LE 5 kmh,Jours avec au moins une vitesse horaire du vent <= 5 km/h,11,21.13
-123.18194444444444,49.195,VANCOUVER INT'L A,1108447,889.96.12,NORM,Y,A,96,1,2012-10-10 14:40:42,,BC,1981,2010,,1981,,2010,30,22310,,0,99.96,Days with at least one hourly wind speed LE 5 kmh,Jours avec au moins une vitesse horaire du vent <= 5 km/h,12,22.47
-123.18194444444444,49.195,VANCOUVER INT'L A,1108447,889.96.13,NORM,Y,A,96,1,2012-10-10 14:40:42,,BC,1981,2010,,1981,,2010,30,262859,,0,99.96,Days with at least one hourly wind speed LE 5 kmh,Jours avec au moins une vitesse horaire du vent <= 5 km/h,13,271.66
-123.18194444444444,49.195,VANCOUVER INT'L A,1108447,889.97.1,NORM,Y,A,97,1,2012-10-10 14:40:42,,BC,1981,2010,,1981,,2010,30,22317,,0,99.99,Days with at least one hourly wind speed GT 10 kmh,Jours avec au moins une vitesse horaire du vent > 10 km/h,1,28.73
-123.18194444444444,49.195,VANCOUVER INT'L A,1108447,889.97.2,NORM,Y,A,97,1,2012-10-10 14:40:42,,BC,1981,2010,,1981,,2010,30,20322,,0,99.97,Days with at least one hourly wind speed GT 10 kmh,Jours avec au moins une vitesse horaire du vent > 10 km/h,2,27.1
-123.18194444444444,49.195,VANCOUVER INT'L A,1108447,889.97.3,NORM,Y,A,97,1,2012-10-10 14:40:42,,BC,1981,2010,,1981,,2010,30,22307,,0,99.94,Days with at least one hourly wind speed GT 10 kmh,Jours avec au moins une vitesse horaire du vent > 10 km/h,3,30.9
-123.18194444444444,49.195,VANCOUVER INT'L A,1108447,889.97.4,NORM,Y,A,97,1,2012-10-10 14:40:42,,BC,1981,2010,,1981,,2010,30,21596,,0,99.98,Days with at least one hourly wind speed GT 10 kmh,Jours avec au moins une vitesse horaire du vent > 10 km/h,4,30
-123.18194444444444,49.195,VANCOUVER INT'L A,1108447,889.97.5,NORM,Y,A,97,1,2012-10-10 14:40:42,,BC,1981,2010,,1981,,2010,30,22311,,0,99.96,Days with at least one hourly wind speed GT 10 kmh,Jours avec au moins une vitesse horaire du vent > 10 km/h,5,30.77
-123.18194444444444,49.195,VANCOUVER INT'L A,1108447,889.97.6,NORM,Y,A,97,1,2012-10-10 14:40:42,,BC,1981,2010,,1981,,2010,30,21595,,0,99.98,Days with at least one hourly wind speed GT 10 kmh,Jours avec au moins une vitesse horaire du vent > 10 km/h,6,29.83
-123.18194444444444,49.195,VANCOUVER INT'L A,1108447,889.97.7,NORM,Y,A,97,1,2012-10-10 14:40:42,,BC,1981,2010,,1981,,2010,30,22308,,0,99.95,Days with at least one hourly wind speed GT 10 kmh,Jours avec au moins une vitesse horaire du vent > 10 km/h,7,30.6
-123.18194444444444,49.195,VANCOUVER INT'L A,1108447,889.97.8,NORM,Y,A,97,1,2012-10-10 14:40:42,,BC,1981,2010,,1981,,2010,30,22301,,0,99.91,Days with at least one hourly wind speed GT 10 kmh,Jours avec au moins une vitesse horaire du vent > 10 km/h,8,30.97
-123.18194444444444,49.195,VANCOUVER INT'L A,1108447,889.97.9,NORM,Y,A,97,1,2012-10-10 14:40:42,,BC,1981,2010,,1981,,2010,30,21585,,0,99.93,Days with at least one hourly wind speed GT 10 kmh,Jours avec au moins une vitesse horaire du vent > 10 km/h,9,29.83
-123.18194444444444,49.195,VANCOUVER INT'L A,1108447,889.97.10,NORM,Y,A,97,1,2012-10-10 14:40:42,,BC,1981,2010,,1981,,2010,30,22311,,0,99.96,Days with at least one hourly wind speed GT 10 kmh,Jours avec au moins une vitesse horaire du vent > 10 km/h,10,29.87
-123.18194444444444,49.195,VANCOUVER INT'L A,1108447,889.97.11,NORM,Y,A,97,1,2012-10-10 14:40:42,,BC,1981,2010,,1981,,2010,30,21596,,0,99.98,Days with at least one hourly wind speed GT 10 kmh,Jours avec au moins une vitesse horaire du vent > 10 km/h,11,28.57
-123.18194444444444,49.195,VANCOUVER INT'L A,1108447,889.97.12,NORM,Y,A,97,1,2012-10-10 14:40:42,,BC,1981,2010,,1981,,2010,30,22310,,0,99.96,Days with at least one hourly wind speed GT 10 kmh,Jours avec au moins une vitesse horaire du vent > 10 km/h,12,28.33
-123.18194444444444,49.195,VANCOUVER INT'L A,1108447,889.97.13,NORM,Y,A,97,1,2012-10-10 14:40:42,,BC,1981,2010,,1981,,2010,30,262859,,0,99.96,Days with at least one hourly wind speed GT 10 kmh,Jours avec au moins une vitesse horaire du vent > 10 km/h,13,355.5
-123.18194444444444,49.195,VANCOUVER INT'L A,1108447,889.98.1,NORM,Y,A,98,1,2012-10-10 14:40:42,,BC,1981,2010,,1981,,2010,30,22317,,0,99.99,Days with at least one hourly wind speed GT 20 kmh,Jours avec au moins une vitesse horaire du vent > 20 km/h,1,14.87
-123.18194444444444,49.195,VANCOUVER INT'L A,1108447,889.98.2,NORM,Y,A,98,1,2012-10-10 14:40:42,,BC,1981,2010,,1981,,2010,30,20322,,0,99.97,Days with at least one hourly wind speed GT 20 kmh,Jours avec au moins une vitesse horaire du vent > 20 km/h,2,14.3
-123.18194444444444,49.195,VANCOUVER INT'L A,1108447,889.98.3,NORM,Y,A,98,1,2012-10-10 14:40:42,,BC,1981,2010,,1981,,2010,30,22307,,0,99.94,Days with at least one hourly wind speed GT 20 kmh,Jours avec au moins une vitesse horaire du vent > 20 km/h,3,17.57
-123.18194444444444,49.195,VANCOUVER INT'L A,1108447,889.98.4,NORM,Y,A,98,1,2012-10-10 14:40:42,,BC,1981,2010,,1981,,2010,30,21596,,0,99.98,Days with at least one hourly wind speed GT 20 kmh,Jours avec au moins une vitesse horaire du vent > 20 km/h,4,17.73
-123.18194444444444,49.195,VANCOUVER INT'L A,1108447,889.98.5,NORM,Y,A,98,1,2012-10-10 14:40:42,,BC,1981,2010,,1981,,2010,30,22311,,0,99.96,Days with at least one hourly wind speed GT 20 kmh,Jours avec au moins une vitesse horaire du vent > 20 km/h,5,15.97
-123.18194444444444,49.195,VANCOUVER INT'L A,1108447,889.98.6,NORM,Y,A,98,1,2012-10-10 14:40:42,,BC,1981,2010,,1981,,2010,30,21595,,0,99.98,Days with at least one hourly wind speed GT 20 kmh,Jours avec au moins une vitesse horaire du vent > 20 km/h,6,14.03
-123.18194444444444,49.195,VANCOUVER INT'L A,1108447,889.98.7,NORM,Y,A,98,1,2012-10-10 14:40:42,,BC,1981,2010,,1981,,2010,30,22308,,0,99.95,Days with at least one hourly wind speed GT 20 kmh,Jours avec au moins une vitesse horaire du vent > 20 km/h,7,13.83
-123.18194444444444,49.195,VANCOUVER INT'L A,1108447,889.98.8,NORM,Y,A,98,1,2012-10-10 14:40:42,,BC,1981,2010,,1981,,2010,30,22301,,0,99.91,Days with at least one hourly wind speed GT 20 kmh,Jours avec au moins une vitesse horaire du vent > 20 km/h,8,13
-123.18194444444444,49.195,VANCOUVER INT'L A,1108447,889.98.9,NORM,Y,A,98,1,2012-10-10 14:40:42,,BC,1981,2010,,1981,,2010,30,21585,,0,99.93,Days with at least one hourly wind speed GT 20 kmh,Jours avec au moins une vitesse horaire du vent > 20 km/h,9,13.27
-123.18194444444444,49.195,VANCOUVER INT'L A,1108447,889.98.10,NORM,Y,A,98,1,2012-10-10 14:40:42,,BC,1981,2010,,1981,,2010,30,22311,,0,99.96,Days with at least one hourly wind speed GT 20 kmh,Jours avec au moins une vitesse horaire du vent > 20 km/h,10,15.23
-123.18194444444444,49.195,VANCOUVER INT'L A,1108447,889.98.11,NORM,Y,A,98,1,2012-10-10 14:40:42,,BC,1981,2010,,1981,,2010,30,21596,,0,99.98,Days with at least one hourly wind speed GT 20 kmh,Jours avec au moins une vitesse horaire du vent > 20 km/h,11,16.47
-123.18194444444444,49.195,VANCOUVER INT'L A,1108447,889.98.12,NORM,Y,A,98,1,2012-10-10 14:40:42,,BC,1981,2010,,1981,,2010,30,22310,,0,99.96,Days with at least one hourly wind speed GT 20 kmh,Jours avec au moins une vitesse horaire du vent > 20 km/h,12,14.7
-123.18194444444444,49.195,VANCOUVER INT'L A,1108447,889.98.13,NORM,Y,A,98,1,2012-10-10 14:40:42,,BC,1981,2010,,1981,,2010,30,262859,,0,99.96,Days with at least one hourly wind speed GT 20 kmh,Jours avec au moins une vitesse horaire du vent > 20 km/h,13,180.97
-123.18194444444444,49.195,VANCOUVER INT'L A,1108447,889.99.1,NORM,Y,A,99,1,2012-10-10 14:40:42,,BC,1981,2010,,1981,,2010,30,22317,,0,99.99,Days with at least one hourly wind speed GT 30 kmh,Jours avec au moins une vitesse horaire du vent > 30 km/h,1,6.17
-123.18194444444444,49.195,VANCOUVER INT'L A,1108447,889.99.2,NORM,Y,A,99,1,2012-10-10 14:40:42,,BC,1981,2010,,1981,,2010,30,20322,,0,99.97,Days with at least one hourly wind speed GT 30 kmh,Jours avec au moins une vitesse horaire du vent > 30 km/h,2,5.27
-123.18194444444444,49.195,VANCOUVER INT'L A,1108447,889.99.3,NORM,Y,A,99,1,2012-10-10 14:40:42,,BC,1981,2010,,1981,,2010,30,22307,,0,99.94,Days with at least one hourly wind speed GT 30 kmh,Jours avec au moins une vitesse horaire du vent > 30 km/h,3,7.67
-123.18194444444444,49.195,VANCOUVER INT'L A,1108447,889.99.4,NORM,Y,A,99,1,2012-10-10 14:40:42,,BC,1981,2010,,1981,,2010,30,21596,,0,99.98,Days with at least one hourly wind speed GT 30 kmh,Jours avec au moins une vitesse horaire du vent > 30 km/h,4,5.9
-123.18194444444444,49.195,VANCOUVER INT'L A,1108447,889.99.5,NORM,Y,A,99,1,2012-10-10 14:40:42,,BC,1981,2010,,1981,,2010,30,22311,,0,99.96,Days with at least one hourly wind speed GT 30 kmh,Jours avec au moins une vitesse horaire du vent > 30 km/h,5,4.8
-123.18194444444444,49.195,VANCOUVER INT'L A,1108447,889.99.6,NORM,Y,A,99,1,2012-10-10 14:40:42,,BC,1981,2010,,1981,,2010,30,21595,,0,99.98,Days with at least one hourly wind speed GT 30 kmh,Jours avec au moins une vitesse horaire du vent > 30 km/h,6,3.13
-123.18194444444444,49.195,VANCOUVER INT'L A,1108447,889.99.7,NORM,Y,A,99,1,2012-10-10 14:40:42,,BC,1981,2010,,1981,,2010,30,22308,,0,99.95,Days with at least one hourly wind speed GT 30 kmh,Jours avec au moins une vitesse horaire du vent > 30 km/h,7,2.87
-123.18194444444444,49.195,VANCOUVER INT'L A,1108447,889.99.8,NORM,Y,A,99,1,2012-10-10 14:40:42,,BC,1981,2010,,1981,,2010,30,22301,,0,99.91,Days with at least one hourly wind speed GT 30 kmh,Jours avec au moins une vitesse horaire du vent > 30 km/h,8,2.93
-123.18194444444444,49.195,VANCOUVER INT'L A,1108447,889.99.9,NORM,Y,A,99,1,2012-10-10 14:40:42,,BC,1981,2010,,1981,,2010,30,21585,,0,99.93,Days with at least one hourly wind speed GT 30 kmh,Jours avec au moins une vitesse horaire du vent > 30 km/h,9,4.17
-123.18194444444444,49.195,VANCOUVER INT'L A,1108447,889.99.10,NORM,Y,A,99,1,2012-10-10 14:40:42,,BC,1981,2010,,1981,,2010,30,22311,,0,99.96,Days with at least one hourly wind speed GT 30 kmh,Jours avec au moins une vitesse horaire du vent > 30 km/h,10,6.43
-123.18194444444444,49.195,VANCOUVER INT'L A,1108447,889.99.11,NORM,Y,A,99,1,2012-10-10 14:40:42,,BC,1981,2010,,1981,,2010,30,21596,,0,99.98,Days with at least one hourly wind speed GT 30 kmh,Jours avec au moins une vitesse horaire du vent > 30 km/h,11,7.87
-123.18194444444444,49.195,VANCOUVER INT'L A,1108447,889.99.12,NORM,Y,A,99,1,2012-10-10 14:40:42,,BC,1981,2010,,1981,,2010,30,22310,,0,99.96,Days with at least one hourly wind speed GT 30 kmh,Jours avec au moins une vitesse horaire du vent > 30 km/h,12,7.07
-123.18194444444444,49.195,VANCOUVER INT'L A,1108447,889.99.13,NORM,Y,A,99,1,2012-10-10 14:40:42,,BC,1981,2010,,1981,,2010,30,262859,,0,99.96,Days with at least one hourly wind speed GT 30 kmh,Jours avec au moins une vitesse horaire du vent > 30 km/h,13,64.28
